/*!40101 SET @OLD_CHARACTER_SET_CLIENT=@@CHARACTER_SET_CLIENT */;
/*!40101 SET @OLD_CHARACTER_SET_RESULTS=@@CHARACTER_SET_RESULTS */;
/*!40101 SET @OLD_COLLATION_CONNECTION=@@COLLATION_CONNECTION */;
/*!40014 SET @OLD_UNIQUE_CHECKS=@@UNIQUE_CHECKS, UNIQUE_CHECKS=0 */;
/*!40014 SET @OLD_FOREIGN_KEY_CHECKS=@@FOREIGN_KEY_CHECKS, FOREIGN_KEY_CHECKS=0 */;
/*!40101 SET @OLD_SQL_MODE=@@SQL_MODE, SQL_MODE=NO_AUTO_VALUE_ON_ZERO */;

SET NAMES utf8;

DROP TABLE IF EXISTS `access`;
CREATE TABLE `access` (   `aid` int(11) NOT NULL AUTO_INCREMENT,   `mask` varchar(255) NOT NULL DEFAULT '',   `type` varchar(255) NOT NULL DEFAULT '',   `status` tinyint(4) NOT NULL DEFAULT '0',   PRIMARY KEY (`aid`) ) ENGINE=MyISAM DEFAULT CHARSET=utf8 AUTO_INCREMENT=1;
DROP TABLE IF EXISTS `actions`;
CREATE TABLE `actions` (   `aid` varchar(255) NOT NULL DEFAULT '0',   `type` varchar(32) NOT NULL DEFAULT '',   `callback` varchar(255) NOT NULL DEFAULT '',   `parameters` longtext NOT NULL,   `description` varchar(255) NOT NULL DEFAULT '0',   PRIMARY KEY (`aid`) ) ENGINE=MyISAM DEFAULT CHARSET=utf8;
INSERT INTO `actions` VALUES ('comment_publish_action','comment','comment_publish_action','','Publish comment'),('comment_unpublish_action','comment','comment_unpublish_action','','Unpublish comment'),('node_publish_action','node','node_publish_action','','Publish post'),('node_unpublish_action','node','node_unpublish_action','','Unpublish post'),('node_make_sticky_action','node','node_make_sticky_action','','Make post sticky'),('node_make_unsticky_action','node','node_make_unsticky_action','','Make post unsticky'),('node_promote_action','node','node_promote_action','','Promote post to front page'),('node_unpromote_action','node','node_unpromote_action','','Remove post from front page'),('node_save_action','node','node_save_action','','Save post'),('user_block_user_action','user','user_block_user_action','','Block current user'),('user_block_ip_action','user','user_block_ip_action','','Ban IP address of current user'),('imagecache_flush_action','node','imagecache_flush_action','','ImageCache: Flush ALL presets for this node\'s filefield images'),('imagecache_generate_all_action','node','imagecache_generate_all_action','','ImageCache: Generate ALL presets for this node\'s filefield images');
DROP TABLE IF EXISTS `actions_aid`;
CREATE TABLE `actions_aid` (   `aid` int(10) unsigned NOT NULL AUTO_INCREMENT,   PRIMARY KEY (`aid`) ) ENGINE=MyISAM DEFAULT CHARSET=utf8 AUTO_INCREMENT=1;
DROP TABLE IF EXISTS `advanced_help_index`;
CREATE TABLE `advanced_help_index` (   `sid` int(10) unsigned NOT NULL AUTO_INCREMENT,   `module` varchar(255) NOT NULL DEFAULT '',   `topic` varchar(255) NOT NULL DEFAULT '',   `language` varchar(12) NOT NULL DEFAULT '',   PRIMARY KEY (`sid`),   KEY `language` (`language`) ) ENGINE=MyISAM DEFAULT CHARSET=utf8 AUTO_INCREMENT=1;
DROP TABLE IF EXISTS `authmap`;
CREATE TABLE `authmap` (   `aid` int(10) unsigned NOT NULL AUTO_INCREMENT,   `uid` int(11) NOT NULL DEFAULT '0',   `authname` varchar(128) NOT NULL DEFAULT '',   `module` varchar(128) NOT NULL DEFAULT '',   PRIMARY KEY (`aid`),   UNIQUE KEY `authname` (`authname`) ) ENGINE=MyISAM DEFAULT CHARSET=utf8 AUTO_INCREMENT=1;
DROP TABLE IF EXISTS `backup_migrate_destinations`;
CREATE TABLE `backup_migrate_destinations` (   `destination_id` varchar(32) NOT NULL DEFAULT '0',   `name` varchar(255) NOT NULL,   `type` varchar(32) NOT NULL,   `location` text NOT NULL,   `settings` text NOT NULL,   PRIMARY KEY (`destination_id`) ) ENGINE=MyISAM DEFAULT CHARSET=utf8;
DROP TABLE IF EXISTS `backup_migrate_profiles`;
CREATE TABLE `backup_migrate_profiles` (   `profile_id` varchar(32) NOT NULL DEFAULT '0',   `name` varchar(255) NOT NULL,   `filename` varchar(50) NOT NULL,   `append_timestamp` tinyint(3) unsigned NOT NULL DEFAULT '0',   `timestamp_format` varchar(14) NOT NULL,   `filters` text NOT NULL,   PRIMARY KEY (`profile_id`) ) ENGINE=MyISAM DEFAULT CHARSET=utf8;
DROP TABLE IF EXISTS `backup_migrate_schedules`;
CREATE TABLE `backup_migrate_schedules` (   `schedule_id` varchar(32) NOT NULL DEFAULT '0',   `name` varchar(255) NOT NULL,   `source_id` varchar(32) NOT NULL DEFAULT 'db',   `destination_id` varchar(32) NOT NULL DEFAULT '0',   `profile_id` varchar(32) NOT NULL DEFAULT '0',   `keep` int(11) NOT NULL DEFAULT '0',   `period` int(11) NOT NULL DEFAULT '0',   `last_run` int(11) NOT NULL DEFAULT '0',   `enabled` tinyint(3) unsigned NOT NULL DEFAULT '0',   `cron` tinyint(3) unsigned NOT NULL DEFAULT '0',   PRIMARY KEY (`schedule_id`) ) ENGINE=MyISAM DEFAULT CHARSET=utf8;
DROP TABLE IF EXISTS `batch`;
CREATE TABLE `batch` (   `bid` int(10) unsigned NOT NULL AUTO_INCREMENT,   `token` varchar(64) NOT NULL,   `timestamp` int(11) NOT NULL,   `batch` longtext,   PRIMARY KEY (`bid`),   KEY `token` (`token`) ) ENGINE=MyISAM AUTO_INCREMENT=2 DEFAULT CHARSET=utf8 AUTO_INCREMENT=2;
DROP TABLE IF EXISTS `blocks`;
CREATE TABLE `blocks` (   `bid` int(11) NOT NULL AUTO_INCREMENT,   `module` varchar(64) NOT NULL DEFAULT '',   `delta` varchar(32) NOT NULL DEFAULT '0',   `theme` varchar(64) NOT NULL DEFAULT '',   `status` tinyint(4) NOT NULL DEFAULT '0',   `weight` tinyint(4) NOT NULL DEFAULT '0',   `region` varchar(64) NOT NULL DEFAULT '',   `custom` tinyint(4) NOT NULL DEFAULT '0',   `throttle` tinyint(4) NOT NULL DEFAULT '0',   `visibility` tinyint(4) NOT NULL DEFAULT '0',   `pages` text NOT NULL,   `title` varchar(64) NOT NULL DEFAULT '',   `cache` tinyint(4) NOT NULL DEFAULT '1',   PRIMARY KEY (`bid`),   UNIQUE KEY `tmd` (`theme`,`module`,`delta`),   KEY `list` (`theme`,`status`,`region`,`weight`,`module`) ) ENGINE=MyISAM AUTO_INCREMENT=16 DEFAULT CHARSET=utf8 AUTO_INCREMENT=16;
INSERT INTO `blocks` VALUES ('1','user','0','garland','1','0','left','0','0','0','','','-1'),('2','user','1','garland','1','0','left','0','0','0','','','-1'),('3','system','0','garland','1','10','footer','0','0','0','','','-1'),('4','system','0','new_ibd','1','10','footer','0','0','0','','','-1'),('5','user','0','new_ibd','1','0','left','0','0','0','','','-1'),('6','user','1','new_ibd','1','0','left','0','0','0','','','-1'),('7','system','0','rubik','1','10','footer','0','0','0','','','-1'),('8','user','0','rubik','1','0','left','0','0','0','','','-1'),('9','user','1','rubik','1','0','left','0','0','0','','','-1'),('10','system','0','sobg','1','10','footer','0','0','0','','','-1'),('11','user','0','sobg','1','0','left','0','0','0','','','-1'),('12','user','1','sobg','1','0','left','0','0','0','','','-1'),('13','system','0','ibd','1','10','footer','0','0','0','','','-1'),('14','user','0','ibd','1','0','left','0','0','0','','','-1'),('15','user','1','ibd','1','0','left','0','0','0','','','-1');
DROP TABLE IF EXISTS `blocks_roles`;
CREATE TABLE `blocks_roles` (   `module` varchar(64) NOT NULL,   `delta` varchar(32) NOT NULL,   `rid` int(10) unsigned NOT NULL,   PRIMARY KEY (`module`,`delta`,`rid`),   KEY `rid` (`rid`) ) ENGINE=MyISAM DEFAULT CHARSET=utf8;
DROP TABLE IF EXISTS `boxes`;
CREATE TABLE `boxes` (   `bid` int(10) unsigned NOT NULL AUTO_INCREMENT,   `body` longtext,   `info` varchar(128) NOT NULL DEFAULT '',   `format` smallint(6) NOT NULL DEFAULT '0',   PRIMARY KEY (`bid`),   UNIQUE KEY `info` (`info`) ) ENGINE=MyISAM DEFAULT CHARSET=utf8 AUTO_INCREMENT=1;
DROP TABLE IF EXISTS `cache`;
CREATE TABLE `cache` (   `cid` varchar(255) NOT NULL DEFAULT '',   `data` longblob,   `expire` int(11) NOT NULL DEFAULT '0',   `created` int(11) NOT NULL DEFAULT '0',   `headers` text,   `serialized` smallint(6) NOT NULL DEFAULT '0',   PRIMARY KEY (`cid`),   KEY `expire` (`expire`) ) ENGINE=MyISAM DEFAULT CHARSET=utf8;
DROP TABLE IF EXISTS `cache_block`;
CREATE TABLE `cache_block` (   `cid` varchar(255) NOT NULL DEFAULT '',   `data` longblob,   `expire` int(11) NOT NULL DEFAULT '0',   `created` int(11) NOT NULL DEFAULT '0',   `headers` text,   `serialized` smallint(6) NOT NULL DEFAULT '0',   PRIMARY KEY (`cid`),   KEY `expire` (`expire`) ) ENGINE=MyISAM DEFAULT CHARSET=utf8;
DROP TABLE IF EXISTS `cache_content`;
CREATE TABLE `cache_content` (   `cid` varchar(255) NOT NULL DEFAULT '',   `data` longblob,   `expire` int(11) NOT NULL DEFAULT '0',   `created` int(11) NOT NULL DEFAULT '0',   `headers` text,   `serialized` smallint(6) NOT NULL DEFAULT '0',   PRIMARY KEY (`cid`),   KEY `expire` (`expire`) ) ENGINE=MyISAM DEFAULT CHARSET=utf8;
INSERT INTO `cache_content` VALUES ('content_type_info:en','a:4:{s:11:\"field types\";a:7:{s:13:\"nodereference\";a:4:{s:5:\"label\";s:14:\"Node reference\";s:11:\"description\";s:51:\"Store the ID of a related node as an integer value.\";s:6:\"module\";s:13:\"nodereference\";s:10:\"formatters\";a:4:{s:7:\"default\";a:4:{s:5:\"label\";s:12:\"Title (link)\";s:11:\"field types\";a:1:{i:0;s:13:\"nodereference\";}s:15:\"multiple values\";i:1;s:6:\"module\";s:13:\"nodereference\";}s:5:\"plain\";a:4:{s:5:\"label\";s:15:\"Title (no link)\";s:11:\"field types\";a:1:{i:0;s:13:\"nodereference\";}s:15:\"multiple values\";i:1;s:6:\"module\";s:13:\"nodereference\";}s:4:\"full\";a:4:{s:5:\"label\";s:9:\"Full node\";s:11:\"field types\";a:1:{i:0;s:13:\"nodereference\";}s:15:\"multiple values\";i:1;s:6:\"module\";s:13:\"nodereference\";}s:6:\"teaser\";a:4:{s:5:\"label\";s:6:\"Teaser\";s:11:\"field types\";a:1:{i:0;s:13:\"nodereference\";}s:15:\"multiple values\";i:1;s:6:\"module\";s:13:\"nodereference\";}}}s:4:\"text\";a:4:{s:5:\"label\";s:4:\"Text\";s:11:\"description\";s:27:\"Store text in the database.\";s:6:\"module\";s:4:\"text\";s:10:\"formatters\";a:3:{s:7:\"default\";a:4:{s:5:\"label\";s:7:\"Default\";s:11:\"field types\";a:1:{i:0;s:4:\"text\";}s:15:\"multiple values\";i:1;s:6:\"module\";s:4:\"text\";}s:5:\"plain\";a:4:{s:5:\"label\";s:10:\"Plain text\";s:11:\"field types\";a:1:{i:0;s:4:\"text\";}s:15:\"multiple values\";i:1;s:6:\"module\";s:4:\"text\";}s:7:\"trimmed\";a:4:{s:5:\"label\";s:7:\"Trimmed\";s:11:\"field types\";a:1:{i:0;s:4:\"text\";}s:15:\"multiple values\";i:1;s:6:\"module\";s:4:\"text\";}}}s:13:\"userreference\";a:4:{s:5:\"label\";s:14:\"User reference\";s:11:\"description\";s:51:\"Store the ID of a related user as an integer value.\";s:6:\"module\";s:13:\"userreference\";s:10:\"formatters\";a:2:{s:7:\"default\";a:4:{s:5:\"label\";s:7:\"Default\";s:11:\"field types\";a:1:{i:0;s:13:\"userreference\";}s:15:\"multiple values\";i:1;s:6:\"module\";s:13:\"userreference\";}s:5:\"plain\";a:4:{s:5:\"label\";s:10:\"Plain text\";s:11:\"field types\";a:1:{i:0;s:13:\"userreference\";}s:15:\"multiple values\";i:1;s:6:\"module\";s:13:\"userreference\";}}}s:4:\"date\";a:4:{s:5:\"label\";s:4:\"Date\";s:11:\"description\";s:89:\"Store a date in the database as an ISO date, recommended for historical or partial dates.\";s:6:\"module\";s:4:\"date\";s:10:\"formatters\";a:5:{s:7:\"default\";a:4:{s:5:\"label\";s:7:\"Default\";s:11:\"field types\";a:3:{i:0;s:4:\"date\";i:1;s:9:\"datestamp\";i:2;s:8:\"datetime\";}s:15:\"multiple values\";i:1;s:6:\"module\";s:4:\"date\";}s:15:\"format_interval\";a:4:{s:5:\"label\";s:11:\"As Time Ago\";s:11:\"field types\";a:3:{i:0;s:4:\"date\";i:1;s:9:\"datestamp\";i:2;s:8:\"datetime\";}s:15:\"multiple values\";i:1;s:6:\"module\";s:4:\"date\";}s:4:\"long\";a:4:{s:5:\"label\";s:4:\"Long\";s:11:\"field types\";a:3:{i:0;s:4:\"date\";i:1;s:9:\"datestamp\";i:2;s:8:\"datetime\";}s:15:\"multiple values\";i:1;s:6:\"module\";s:4:\"date\";}s:6:\"medium\";a:4:{s:5:\"label\";s:6:\"Medium\";s:11:\"field types\";a:3:{i:0;s:4:\"date\";i:1;s:9:\"datestamp\";i:2;s:8:\"datetime\";}s:15:\"multiple values\";i:1;s:6:\"module\";s:4:\"date\";}s:5:\"short\";a:4:{s:5:\"label\";s:5:\"Short\";s:11:\"field types\";a:3:{i:0;s:4:\"date\";i:1;s:9:\"datestamp\";i:2;s:8:\"datetime\";}s:15:\"multiple values\";i:1;s:6:\"module\";s:4:\"date\";}}}s:9:\"datestamp\";a:4:{s:5:\"label\";s:9:\"Datestamp\";s:11:\"description\";s:87:\"Store a date in the database as a timestamp, deprecated format to suppport legacy data.\";s:6:\"module\";s:4:\"date\";s:10:\"formatters\";a:5:{s:7:\"default\";a:4:{s:5:\"label\";s:7:\"Default\";s:11:\"field types\";a:3:{i:0;s:4:\"date\";i:1;s:9:\"datestamp\";i:2;s:8:\"datetime\";}s:15:\"multiple values\";i:1;s:6:\"module\";s:4:\"date\";}s:15:\"format_interval\";a:4:{s:5:\"label\";s:11:\"As Time Ago\";s:11:\"field types\";a:3:{i:0;s:4:\"date\";i:1;s:9:\"datestamp\";i:2;s:8:\"datetime\";}s:15:\"multiple values\";i:1;s:6:\"module\";s:4:\"date\";}s:4:\"long\";a:4:{s:5:\"label\";s:4:\"Long\";s:11:\"field types\";a:3:{i:0;s:4:\"date\";i:1;s:9:\"datestamp\";i:2;s:8:\"datetime\";}s:15:\"multiple values\";i:1;s:6:\"module\";s:4:\"date\";}s:6:\"medium\";a:4:{s:5:\"label\";s:6:\"Medium\";s:11:\"field types\";a:3:{i:0;s:4:\"date\";i:1;s:9:\"datestamp\";i:2;s:8:\"datetime\";}s:15:\"multiple values\";i:1;s:6:\"module\";s:4:\"date\";}s:5:\"short\";a:4:{s:5:\"label\";s:5:\"Short\";s:11:\"field types\";a:3:{i:0;s:4:\"date\";i:1;s:9:\"datestamp\";i:2;s:8:\"datetime\";}s:15:\"multiple values\";i:1;s:6:\"module\";s:4:\"date\";}}}s:8:\"datetime\";a:4:{s:5:\"label\";s:8:\"Datetime\";s:11:\"description\";s:125:\"Store a date in the database as a datetime field, recommended for complete dates and times that may need timezone conversion.\";s:6:\"module\";s:4:\"date\";s:10:\"formatters\";a:5:{s:7:\"default\";a:4:{s:5:\"label\";s:7:\"Default\";s:11:\"field types\";a:3:{i:0;s:4:\"date\";i:1;s:9:\"datestamp\";i:2;s:8:\"datetime\";}s:15:\"multiple values\";i:1;s:6:\"module\";s:4:\"date\";}s:15:\"format_interval\";a:4:{s:5:\"label\";s:11:\"As Time Ago\";s:11:\"field types\";a:3:{i:0;s:4:\"date\";i:1;s:9:\"datestamp\";i:2;s:8:\"datetime\";}s:15:\"multiple values\";i:1;s:6:\"module\";s:4:\"date\";}s:4:\"long\";a:4:{s:5:\"label\";s:4:\"Long\";s:11:\"field types\";a:3:{i:0;s:4:\"date\";i:1;s:9:\"datestamp\";i:2;s:8:\"datetime\";}s:15:\"multiple values\";i:1;s:6:\"module\";s:4:\"date\";}s:6:\"medium\";a:4:{s:5:\"label\";s:6:\"Medium\";s:11:\"field types\";a:3:{i:0;s:4:\"date\";i:1;s:9:\"datestamp\";i:2;s:8:\"datetime\";}s:15:\"multiple values\";i:1;s:6:\"module\";s:4:\"date\";}s:5:\"short\";a:4:{s:5:\"label\";s:5:\"Short\";s:11:\"field types\";a:3:{i:0;s:4:\"date\";i:1;s:9:\"datestamp\";i:2;s:8:\"datetime\";}s:15:\"multiple values\";i:1;s:6:\"module\";s:4:\"date\";}}}s:9:\"filefield\";a:4:{s:5:\"label\";s:4:\"File\";s:11:\"description\";s:24:\"Store an arbitrary file.\";s:6:\"module\";s:9:\"filefield\";s:10:\"formatters\";a:6:{s:7:\"default\";a:5:{s:5:\"label\";s:13:\"Generic files\";s:11:\"field types\";a:1:{i:0;s:9:\"filefield\";}s:15:\"multiple values\";i:1;s:11:\"description\";s:71:\"Displays all kinds of files with an icon and a linked file description.\";s:6:\"module\";s:9:\"filefield\";}s:10:\"path_plain\";a:4:{s:5:\"label\";s:12:\"Path to file\";s:11:\"field types\";a:1:{i:0;s:9:\"filefield\";}s:11:\"description\";s:42:\"Displays the file system path to the file.\";s:6:\"module\";s:9:\"filefield\";}s:9:\"url_plain\";a:4:{s:5:\"label\";s:11:\"URL to file\";s:11:\"field types\";a:1:{i:0;s:9:\"filefield\";}s:11:\"description\";s:32:\"Displays a full URL to the file.\";s:6:\"module\";s:9:\"filefield\";}s:11:\"image_plain\";a:4:{s:5:\"label\";s:5:\"Image\";s:11:\"field types\";a:1:{i:0;s:9:\"filefield\";}s:11:\"description\";s:44:\"Displays image files in their original size.\";s:6:\"module\";s:10:\"imagefield\";}s:14:\"image_nodelink\";a:4:{s:5:\"label\";s:20:\"Image linked to node\";s:11:\"field types\";a:1:{i:0;s:9:\"filefield\";}s:11:\"description\";s:44:\"Displays image files in their original size.\";s:6:\"module\";s:10:\"imagefield\";}s:15:\"image_imagelink\";a:4:{s:5:\"label\";s:20:\"Image linked to file\";s:11:\"field types\";a:1:{i:0;s:9:\"filefield\";}s:11:\"description\";s:44:\"Displays image files in their original size.\";s:6:\"module\";s:10:\"imagefield\";}}}}s:12:\"widget types\";a:15:{s:20:\"nodereference_select\";a:5:{s:5:\"label\";s:11:\"Select list\";s:11:\"field types\";a:1:{i:0;s:13:\"nodereference\";}s:15:\"multiple values\";i:2;s:9:\"callbacks\";a:1:{s:13:\"default value\";i:2;}s:6:\"module\";s:13:\"nodereference\";}s:21:\"nodereference_buttons\";a:5:{s:5:\"label\";s:25:\"Check boxes/radio buttons\";s:11:\"field types\";a:1:{i:0;s:13:\"nodereference\";}s:15:\"multiple values\";i:2;s:9:\"callbacks\";a:1:{s:13:\"default value\";i:2;}s:6:\"module\";s:13:\"nodereference\";}s:26:\"nodereference_autocomplete\";a:5:{s:5:\"label\";s:23:\"Autocomplete text field\";s:11:\"field types\";a:1:{i:0;s:13:\"nodereference\";}s:15:\"multiple values\";i:1;s:9:\"callbacks\";a:1:{s:13:\"default value\";i:2;}s:6:\"module\";s:13:\"nodereference\";}s:20:\"optionwidgets_select\";a:5:{s:5:\"label\";s:11:\"Select list\";s:11:\"field types\";a:1:{i:0;s:4:\"text\";}s:15:\"multiple values\";i:2;s:9:\"callbacks\";a:1:{s:13:\"default value\";i:2;}s:6:\"module\";s:13:\"optionwidgets\";}s:21:\"optionwidgets_buttons\";a:5:{s:5:\"label\";s:25:\"Check boxes/radio buttons\";s:11:\"field types\";a:1:{i:0;s:4:\"text\";}s:15:\"multiple values\";i:2;s:9:\"callbacks\";a:1:{s:13:\"default value\";i:2;}s:6:\"module\";s:13:\"optionwidgets\";}s:19:\"optionwidgets_onoff\";a:5:{s:5:\"label\";s:22:\"Single on/off checkbox\";s:11:\"field types\";a:1:{i:0;s:4:\"text\";}s:15:\"multiple values\";i:2;s:9:\"callbacks\";a:1:{s:13:\"default value\";i:2;}s:6:\"module\";s:13:\"optionwidgets\";}s:14:\"text_textfield\";a:5:{s:5:\"label\";s:10:\"Text field\";s:11:\"field types\";a:1:{i:0;s:4:\"text\";}s:15:\"multiple values\";i:1;s:9:\"callbacks\";a:1:{s:13:\"default value\";i:2;}s:6:\"module\";s:4:\"text\";}s:13:\"text_textarea\";a:5:{s:5:\"label\";s:25:\"Text area (multiple rows)\";s:11:\"field types\";a:1:{i:0;s:4:\"text\";}s:15:\"multiple values\";i:1;s:9:\"callbacks\";a:1:{s:13:\"default value\";i:2;}s:6:\"module\";s:4:\"text\";}s:20:\"userreference_select\";a:5:{s:5:\"label\";s:11:\"Select list\";s:11:\"field types\";a:1:{i:0;s:13:\"userreference\";}s:15:\"multiple values\";i:2;s:9:\"callbacks\";a:1:{s:13:\"default value\";i:2;}s:6:\"module\";s:13:\"userreference\";}s:21:\"userreference_buttons\";a:5:{s:5:\"label\";s:25:\"Check boxes/radio buttons\";s:11:\"field types\";a:1:{i:0;s:13:\"userreference\";}s:15:\"multiple values\";i:2;s:9:\"callbacks\";a:1:{s:13:\"default value\";i:2;}s:6:\"module\";s:13:\"userreference\";}s:26:\"userreference_autocomplete\";a:5:{s:5:\"label\";s:23:\"Autocomplete text field\";s:11:\"field types\";a:1:{i:0;s:13:\"userreference\";}s:15:\"multiple values\";i:1;s:9:\"callbacks\";a:1:{s:13:\"default value\";i:2;}s:6:\"module\";s:13:\"userreference\";}s:11:\"date_select\";a:5:{s:5:\"label\";s:11:\"Select List\";s:11:\"field types\";a:3:{i:0;s:4:\"date\";i:1;s:9:\"datestamp\";i:2;s:8:\"datetime\";}s:15:\"multiple values\";i:1;s:9:\"callbacks\";a:1:{s:13:\"default value\";i:4;}s:6:\"module\";s:4:\"date\";}s:9:\"date_text\";a:5:{s:5:\"label\";s:35:\"Text Field with custom input format\";s:11:\"field types\";a:3:{i:0;s:4:\"date\";i:1;s:9:\"datestamp\";i:2;s:8:\"datetime\";}s:15:\"multiple values\";i:1;s:9:\"callbacks\";a:1:{s:13:\"default value\";i:4;}s:6:\"module\";s:4:\"date\";}s:16:\"filefield_widget\";a:7:{s:5:\"label\";s:11:\"File Upload\";s:11:\"field types\";a:1:{i:0;s:9:\"filefield\";}s:15:\"multiple values\";i:1;s:9:\"callbacks\";a:1:{s:13:\"default value\";i:4;}s:11:\"description\";s:27:\"A plain file upload widget.\";s:15:\"file_extensions\";s:3:\"txt\";s:6:\"module\";s:9:\"filefield\";}s:17:\"imagefield_widget\";a:6:{s:5:\"label\";s:5:\"Image\";s:11:\"field types\";a:1:{i:0;s:9:\"filefield\";}s:15:\"multiple values\";i:1;s:9:\"callbacks\";a:1:{s:13:\"default value\";i:4;}s:11:\"description\";s:65:\"An edit widget for image files, including a preview of the image.\";s:6:\"module\";s:10:\"imagefield\";}}s:6:\"fields\";a:0:{}s:13:\"content types\";a:2:{s:4:\"page\";a:18:{s:4:\"type\";s:4:\"page\";s:4:\"name\";s:4:\"Page\";s:6:\"module\";s:4:\"node\";s:11:\"description\";s:296:\"A <em>page</em>, similar in form to a <em>story</em>, is a simple method for creating and displaying information that rarely changes, such as an \"About us\" section of a website. By default, a <em>page</em> entry does not allow visitor comments and is not featured on the site\'s initial home page.\";s:4:\"help\";s:0:\"\";s:9:\"has_title\";s:1:\"1\";s:11:\"title_label\";s:5:\"Title\";s:8:\"has_body\";s:1:\"1\";s:10:\"body_label\";s:4:\"Body\";s:14:\"min_word_count\";s:1:\"0\";s:6:\"custom\";s:1:\"1\";s:8:\"modified\";s:1:\"1\";s:6:\"locked\";s:1:\"0\";s:9:\"orig_type\";s:4:\"page\";s:7:\"url_str\";s:4:\"page\";s:6:\"fields\";a:0:{}s:6:\"tables\";a:0:{}s:5:\"extra\";a:9:{s:5:\"title\";a:3:{s:5:\"label\";s:5:\"Title\";s:11:\"description\";s:17:\"Node module form.\";s:6:\"weight\";i:-5;}s:10:\"body_field\";a:4:{s:5:\"label\";s:4:\"Body\";s:11:\"description\";s:17:\"Node module form.\";s:6:\"weight\";i:0;s:4:\"view\";s:4:\"body\";}s:20:\"revision_information\";a:3:{s:5:\"label\";s:20:\"Revision information\";s:11:\"description\";s:17:\"Node module form.\";s:6:\"weight\";i:20;}s:6:\"author\";a:3:{s:5:\"label\";s:21:\"Authoring information\";s:11:\"description\";s:17:\"Node module form.\";s:6:\"weight\";i:20;}s:7:\"options\";a:3:{s:5:\"label\";s:18:\"Publishing options\";s:11:\"description\";s:17:\"Node module form.\";s:6:\"weight\";i:25;}s:16:\"comment_settings\";a:3:{s:5:\"label\";s:16:\"Comment settings\";s:11:\"description\";s:20:\"Comment module form.\";s:6:\"weight\";i:30;}s:4:\"menu\";a:3:{s:5:\"label\";s:13:\"Menu settings\";s:11:\"description\";s:17:\"Menu module form.\";s:6:\"weight\";i:-2;}s:4:\"path\";a:3:{s:5:\"label\";s:13:\"Path settings\";s:11:\"description\";s:17:\"Path module form.\";s:6:\"weight\";i:30;}s:10:\"xmlsitemap\";a:3:{s:5:\"label\";s:11:\"XML sitemap\";s:11:\"description\";s:23:\"XML sitemap module form\";s:6:\"weight\";i:30;}}}s:5:\"story\";a:18:{s:4:\"type\";s:5:\"story\";s:4:\"name\";s:5:\"Story\";s:6:\"module\";s:4:\"node\";s:11:\"description\";s:392:\"A <em>story</em>, similar in form to a <em>page</em>, is ideal for creating and displaying content that informs or engages website visitors. Press releases, site announcements, and informal blog-like entries may all be created with a <em>story</em> entry. By default, a <em>story</em> entry is automatically featured on the site\'s initial home page, and provides the ability to post comments.\";s:4:\"help\";s:0:\"\";s:9:\"has_title\";s:1:\"1\";s:11:\"title_label\";s:5:\"Title\";s:8:\"has_body\";s:1:\"1\";s:10:\"body_label\";s:4:\"Body\";s:14:\"min_word_count\";s:1:\"0\";s:6:\"custom\";s:1:\"1\";s:8:\"modified\";s:1:\"1\";s:6:\"locked\";s:1:\"0\";s:9:\"orig_type\";s:5:\"story\";s:7:\"url_str\";s:5:\"story\";s:6:\"fields\";a:0:{}s:6:\"tables\";a:0:{}s:5:\"extra\";a:9:{s:5:\"title\";a:3:{s:5:\"label\";s:5:\"Title\";s:11:\"description\";s:17:\"Node module form.\";s:6:\"weight\";i:-5;}s:10:\"body_field\";a:4:{s:5:\"label\";s:4:\"Body\";s:11:\"description\";s:17:\"Node module form.\";s:6:\"weight\";i:0;s:4:\"view\";s:4:\"body\";}s:20:\"revision_information\";a:3:{s:5:\"label\";s:20:\"Revision information\";s:11:\"description\";s:17:\"Node module form.\";s:6:\"weight\";i:20;}s:6:\"author\";a:3:{s:5:\"label\";s:21:\"Authoring information\";s:11:\"description\";s:17:\"Node module form.\";s:6:\"weight\";i:20;}s:7:\"options\";a:3:{s:5:\"label\";s:18:\"Publishing options\";s:11:\"description\";s:17:\"Node module form.\";s:6:\"weight\";i:25;}s:16:\"comment_settings\";a:3:{s:5:\"label\";s:16:\"Comment settings\";s:11:\"description\";s:20:\"Comment module form.\";s:6:\"weight\";i:30;}s:4:\"menu\";a:3:{s:5:\"label\";s:13:\"Menu settings\";s:11:\"description\";s:17:\"Menu module form.\";s:6:\"weight\";i:-2;}s:4:\"path\";a:3:{s:5:\"label\";s:13:\"Path settings\";s:11:\"description\";s:17:\"Path module form.\";s:6:\"weight\";i:30;}s:10:\"xmlsitemap\";a:3:{s:5:\"label\";s:11:\"XML sitemap\";s:11:\"description\";s:23:\"XML sitemap module form\";s:6:\"weight\";i:30;}}}}}','0','1318343214','','1');
DROP TABLE IF EXISTS `cache_filter`;
CREATE TABLE `cache_filter` (   `cid` varchar(255) NOT NULL DEFAULT '',   `data` longblob,   `expire` int(11) NOT NULL DEFAULT '0',   `created` int(11) NOT NULL DEFAULT '0',   `headers` text,   `serialized` smallint(6) NOT NULL DEFAULT '0',   PRIMARY KEY (`cid`),   KEY `expire` (`expire`) ) ENGINE=MyISAM DEFAULT CHARSET=utf8;
DROP TABLE IF EXISTS `cache_form`;
CREATE TABLE `cache_form` (   `cid` varchar(255) NOT NULL DEFAULT '',   `data` longblob,   `expire` int(11) NOT NULL DEFAULT '0',   `created` int(11) NOT NULL DEFAULT '0',   `headers` text,   `serialized` smallint(6) NOT NULL DEFAULT '0',   PRIMARY KEY (`cid`),   KEY `expire` (`expire`) ) ENGINE=MyISAM DEFAULT CHARSET=utf8;
DROP TABLE IF EXISTS `cache_menu`;
CREATE TABLE `cache_menu` (   `cid` varchar(255) NOT NULL DEFAULT '',   `data` longblob,   `expire` int(11) NOT NULL DEFAULT '0',   `created` int(11) NOT NULL DEFAULT '0',   `headers` text,   `serialized` smallint(6) NOT NULL DEFAULT '0',   PRIMARY KEY (`cid`),   KEY `expire` (`expire`) ) ENGINE=MyISAM DEFAULT CHARSET=utf8;
DROP TABLE IF EXISTS `cache_page`;
CREATE TABLE `cache_page` (   `cid` varchar(255) NOT NULL DEFAULT '',   `data` longblob,   `expire` int(11) NOT NULL DEFAULT '0',   `created` int(11) NOT NULL DEFAULT '0',   `headers` text,   `serialized` smallint(6) NOT NULL DEFAULT '0',   PRIMARY KEY (`cid`),   KEY `expire` (`expire`) ) ENGINE=MyISAM DEFAULT CHARSET=utf8;
DROP TABLE IF EXISTS `cache_update`;
CREATE TABLE `cache_update` (   `cid` varchar(255) NOT NULL DEFAULT '',   `data` longblob,   `expire` int(11) NOT NULL DEFAULT '0',   `created` int(11) NOT NULL DEFAULT '0',   `headers` text,   `serialized` smallint(6) NOT NULL DEFAULT '0',   PRIMARY KEY (`cid`),   KEY `expire` (`expire`) ) ENGINE=MyISAM DEFAULT CHARSET=utf8;
DROP TABLE IF EXISTS `cache_views`;
CREATE TABLE `cache_views` (   `cid` varchar(255) NOT NULL DEFAULT '',   `data` longblob,   `expire` int(11) NOT NULL DEFAULT '0',   `created` int(11) NOT NULL DEFAULT '0',   `headers` text,   `serialized` smallint(6) NOT NULL DEFAULT '0',   PRIMARY KEY (`cid`),   KEY `expire` (`expire`) ) ENGINE=MyISAM DEFAULT CHARSET=utf8;
DROP TABLE IF EXISTS `cache_views_data`;
CREATE TABLE `cache_views_data` (   `cid` varchar(255) NOT NULL DEFAULT '',   `data` longblob,   `expire` int(11) NOT NULL DEFAULT '0',   `created` int(11) NOT NULL DEFAULT '0',   `headers` text,   `serialized` smallint(6) NOT NULL DEFAULT '1',   PRIMARY KEY (`cid`),   KEY `expire` (`expire`) ) ENGINE=MyISAM DEFAULT CHARSET=utf8;
DROP TABLE IF EXISTS `comments`;
CREATE TABLE `comments` (   `cid` int(11) NOT NULL AUTO_INCREMENT,   `pid` int(11) NOT NULL DEFAULT '0',   `nid` int(11) NOT NULL DEFAULT '0',   `uid` int(11) NOT NULL DEFAULT '0',   `subject` varchar(64) NOT NULL DEFAULT '',   `comment` longtext NOT NULL,   `hostname` varchar(128) NOT NULL DEFAULT '',   `timestamp` int(11) NOT NULL DEFAULT '0',   `status` tinyint(3) unsigned NOT NULL DEFAULT '0',   `format` smallint(6) NOT NULL DEFAULT '0',   `thread` varchar(255) NOT NULL,   `name` varchar(60) DEFAULT NULL,   `mail` varchar(64) DEFAULT NULL,   `homepage` varchar(255) DEFAULT NULL,   PRIMARY KEY (`cid`),   KEY `pid` (`pid`),   KEY `nid` (`nid`),   KEY `status` (`status`) ) ENGINE=MyISAM DEFAULT CHARSET=utf8 AUTO_INCREMENT=1;
DROP TABLE IF EXISTS `contact`;
CREATE TABLE `contact` (   `cid` int(10) unsigned NOT NULL AUTO_INCREMENT,   `category` varchar(255) NOT NULL DEFAULT '',   `recipients` longtext NOT NULL,   `reply` longtext NOT NULL,   `weight` tinyint(4) NOT NULL DEFAULT '0',   `selected` tinyint(4) NOT NULL DEFAULT '0',   PRIMARY KEY (`cid`),   UNIQUE KEY `category` (`category`),   KEY `list` (`weight`,`category`) ) ENGINE=MyISAM DEFAULT CHARSET=utf8 AUTO_INCREMENT=1;
DROP TABLE IF EXISTS `content_node_field`;
CREATE TABLE `content_node_field` (   `field_name` varchar(32) NOT NULL DEFAULT '',   `type` varchar(127) NOT NULL DEFAULT '',   `global_settings` mediumtext NOT NULL,   `required` tinyint(4) NOT NULL DEFAULT '0',   `multiple` tinyint(4) NOT NULL DEFAULT '0',   `db_storage` tinyint(4) NOT NULL DEFAULT '1',   `module` varchar(127) NOT NULL DEFAULT '',   `db_columns` mediumtext NOT NULL,   `active` tinyint(4) NOT NULL DEFAULT '0',   `locked` tinyint(4) NOT NULL DEFAULT '0',   PRIMARY KEY (`field_name`) ) ENGINE=MyISAM DEFAULT CHARSET=utf8;
DROP TABLE IF EXISTS `content_node_field_instance`;
CREATE TABLE `content_node_field_instance` (   `field_name` varchar(32) NOT NULL DEFAULT '',   `type_name` varchar(32) NOT NULL DEFAULT '',   `weight` int(11) NOT NULL DEFAULT '0',   `label` varchar(255) NOT NULL DEFAULT '',   `widget_type` varchar(32) NOT NULL DEFAULT '',   `widget_settings` mediumtext NOT NULL,   `display_settings` mediumtext NOT NULL,   `description` mediumtext NOT NULL,   `widget_module` varchar(127) NOT NULL DEFAULT '',   `widget_active` tinyint(4) NOT NULL DEFAULT '0',   PRIMARY KEY (`field_name`,`type_name`) ) ENGINE=MyISAM DEFAULT CHARSET=utf8;
DROP TABLE IF EXISTS `context`;
CREATE TABLE `context` (   `name` varchar(255) NOT NULL DEFAULT '',   `description` varchar(255) NOT NULL DEFAULT '',   `tag` varchar(255) NOT NULL DEFAULT '',   `conditions` text,   `reactions` text,   `condition_mode` int(11) DEFAULT '0',   PRIMARY KEY (`name`) ) ENGINE=MyISAM DEFAULT CHARSET=utf8;
DROP TABLE IF EXISTS `ctools_css_cache`;
CREATE TABLE `ctools_css_cache` (   `cid` varchar(128) NOT NULL,   `filename` varchar(255) DEFAULT NULL,   `css` longtext,   `filter` tinyint(4) DEFAULT NULL,   PRIMARY KEY (`cid`) ) ENGINE=MyISAM DEFAULT CHARSET=utf8;
DROP TABLE IF EXISTS `ctools_object_cache`;
CREATE TABLE `ctools_object_cache` (   `sid` varchar(64) NOT NULL,   `name` varchar(128) NOT NULL,   `obj` varchar(32) NOT NULL,   `updated` int(10) unsigned NOT NULL DEFAULT '0',   `data` longtext,   PRIMARY KEY (`sid`,`obj`,`name`),   KEY `updated` (`updated`) ) ENGINE=MyISAM DEFAULT CHARSET=utf8;
DROP TABLE IF EXISTS `date_format_locale`;
CREATE TABLE `date_format_locale` (   `format` varchar(100) CHARACTER SET utf8 COLLATE utf8_bin NOT NULL,   `type` varchar(200) NOT NULL,   `language` varchar(12) NOT NULL,   PRIMARY KEY (`type`,`language`) ) ENGINE=MyISAM DEFAULT CHARSET=utf8;
DROP TABLE IF EXISTS `date_format_types`;
CREATE TABLE `date_format_types` (   `type` varchar(200) NOT NULL,   `title` varchar(255) NOT NULL,   `locked` tinyint(4) NOT NULL DEFAULT '0',   PRIMARY KEY (`type`) ) ENGINE=MyISAM DEFAULT CHARSET=utf8;
INSERT INTO `date_format_types` VALUES ('long','Long','1'),('medium','Medium','1'),('short','Short','1');
DROP TABLE IF EXISTS `date_formats`;
CREATE TABLE `date_formats` (   `dfid` int(10) unsigned NOT NULL AUTO_INCREMENT,   `format` varchar(100) CHARACTER SET utf8 COLLATE utf8_bin NOT NULL,   `type` varchar(200) NOT NULL,   `locked` tinyint(4) NOT NULL DEFAULT '0',   PRIMARY KEY (`dfid`),   UNIQUE KEY `formats` (`format`,`type`) ) ENGINE=MyISAM AUTO_INCREMENT=36 DEFAULT CHARSET=utf8 AUTO_INCREMENT=36;
INSERT INTO `date_formats` VALUES ('1','Y-m-d H:i','short','1'),('2','m/d/Y - H:i','short','1'),('3','d/m/Y - H:i','short','1'),('4','Y/m/d - H:i','short','1'),('5','d.m.Y - H:i','short','1'),('6','m/d/Y - g:ia','short','1'),('7','d/m/Y - g:ia','short','1'),('8','Y/m/d - g:ia','short','1'),('9','M j Y - H:i','short','1'),('10','j M Y - H:i','short','1'),('11','Y M j - H:i','short','1'),('12','M j Y - g:ia','short','1'),('13','j M Y - g:ia','short','1'),('14','Y M j - g:ia','short','1'),('15','D, Y-m-d H:i','medium','1'),('16','D, m/d/Y - H:i','medium','1'),('17','D, d/m/Y - H:i','medium','1'),('18','D, Y/m/d - H:i','medium','1'),('19','F j, Y - H:i','medium','1'),('20','j F, Y - H:i','medium','1'),('21','Y, F j - H:i','medium','1'),('22','D, m/d/Y - g:ia','medium','1'),('23','D, d/m/Y - g:ia','medium','1'),('24','D, Y/m/d - g:ia','medium','1'),('25','F j, Y - g:ia','medium','1'),('26','j F Y - g:ia','medium','1'),('27','Y, F j - g:ia','medium','1'),('28','j. F Y - G:i','medium','1'),('29','l, F j, Y - H:i','long','1'),('30','l, j F, Y - H:i','long','1');
INSERT INTO `date_formats` VALUES ('31','l, Y,  F j - H:i','long','1'),('32','l, F j, Y - g:ia','long','1'),('33','l, j F Y - g:ia','long','1'),('34','l, Y,  F j - g:ia','long','1'),('35','l, j. F Y - G:i','long','1');
DROP TABLE IF EXISTS `files`;
CREATE TABLE `files` (   `fid` int(10) unsigned NOT NULL AUTO_INCREMENT,   `uid` int(10) unsigned NOT NULL DEFAULT '0',   `filename` varchar(255) NOT NULL DEFAULT '',   `filepath` varchar(255) NOT NULL DEFAULT '',   `filemime` varchar(255) NOT NULL DEFAULT '',   `filesize` int(10) unsigned NOT NULL DEFAULT '0',   `status` int(11) NOT NULL DEFAULT '0',   `timestamp` int(10) unsigned NOT NULL DEFAULT '0',   PRIMARY KEY (`fid`),   KEY `uid` (`uid`),   KEY `status` (`status`),   KEY `timestamp` (`timestamp`) ) ENGINE=MyISAM DEFAULT CHARSET=utf8 AUTO_INCREMENT=1;
DROP TABLE IF EXISTS `filter_formats`;
CREATE TABLE `filter_formats` (   `format` int(11) NOT NULL AUTO_INCREMENT,   `name` varchar(255) NOT NULL DEFAULT '',   `roles` varchar(255) NOT NULL DEFAULT '',   `cache` tinyint(4) NOT NULL DEFAULT '0',   PRIMARY KEY (`format`),   UNIQUE KEY `name` (`name`) ) ENGINE=MyISAM AUTO_INCREMENT=3 DEFAULT CHARSET=utf8 AUTO_INCREMENT=3;
INSERT INTO `filter_formats` VALUES ('1','Filtered HTML',',1,2,','1'),('2','Full HTML','','1');
DROP TABLE IF EXISTS `filters`;
CREATE TABLE `filters` (   `fid` int(11) NOT NULL AUTO_INCREMENT,   `format` int(11) NOT NULL DEFAULT '0',   `module` varchar(64) NOT NULL DEFAULT '',   `delta` tinyint(4) NOT NULL DEFAULT '0',   `weight` tinyint(4) NOT NULL DEFAULT '0',   PRIMARY KEY (`fid`),   UNIQUE KEY `fmd` (`format`,`module`,`delta`),   KEY `list` (`format`,`weight`,`module`,`delta`) ) ENGINE=MyISAM AUTO_INCREMENT=8 DEFAULT CHARSET=utf8 AUTO_INCREMENT=8;
INSERT INTO `filters` VALUES ('1','1','filter','2','0'),('2','1','filter','0','1'),('3','1','filter','1','2'),('4','1','filter','3','10'),('5','2','filter','2','0'),('6','2','filter','1','1'),('7','2','filter','3','10');
DROP TABLE IF EXISTS `flood`;
CREATE TABLE `flood` (   `fid` int(11) NOT NULL AUTO_INCREMENT,   `event` varchar(64) NOT NULL DEFAULT '',   `hostname` varchar(128) NOT NULL DEFAULT '',   `timestamp` int(11) NOT NULL DEFAULT '0',   PRIMARY KEY (`fid`),   KEY `allow` (`event`,`hostname`,`timestamp`) ) ENGINE=MyISAM DEFAULT CHARSET=utf8 AUTO_INCREMENT=1;
DROP TABLE IF EXISTS `history`;
CREATE TABLE `history` (   `uid` int(11) NOT NULL DEFAULT '0',   `nid` int(11) NOT NULL DEFAULT '0',   `timestamp` int(11) NOT NULL DEFAULT '0',   PRIMARY KEY (`uid`,`nid`),   KEY `nid` (`nid`) ) ENGINE=MyISAM DEFAULT CHARSET=utf8;
DROP TABLE IF EXISTS `imagecache_action`;
CREATE TABLE `imagecache_action` (   `actionid` int(10) unsigned NOT NULL AUTO_INCREMENT,   `presetid` int(10) unsigned NOT NULL DEFAULT '0',   `weight` int(11) NOT NULL DEFAULT '0',   `module` varchar(255) NOT NULL,   `action` varchar(255) NOT NULL,   `data` longtext NOT NULL,   PRIMARY KEY (`actionid`),   KEY `presetid` (`presetid`) ) ENGINE=MyISAM DEFAULT CHARSET=utf8 AUTO_INCREMENT=1;
DROP TABLE IF EXISTS `imagecache_preset`;
CREATE TABLE `imagecache_preset` (   `presetid` int(10) unsigned NOT NULL AUTO_INCREMENT,   `presetname` varchar(255) NOT NULL,   PRIMARY KEY (`presetid`) ) ENGINE=MyISAM DEFAULT CHARSET=utf8 AUTO_INCREMENT=1;
DROP TABLE IF EXISTS `menu_custom`;
CREATE TABLE `menu_custom` (   `menu_name` varchar(32) NOT NULL DEFAULT '',   `title` varchar(255) NOT NULL DEFAULT '',   `description` text,   PRIMARY KEY (`menu_name`) ) ENGINE=MyISAM DEFAULT CHARSET=utf8;
INSERT INTO `menu_custom` VALUES ('navigation','Navigation','The navigation menu is provided by Drupal and is the main interactive menu for any site. It is usually the only menu that contains personalized links for authenticated users, and is often not even visible to anonymous users.'),('primary-links','Primary links','Primary links are often used at the theme layer to show the major sections of a site. A typical representation for primary links would be tabs along the top.'),('secondary-links','Secondary links','Secondary links are often used for pages like legal notices, contact details, and other secondary navigation items that play a lesser role than primary links'),('admin','Admin','Administrative links.');
DROP TABLE IF EXISTS `menu_links`;
CREATE TABLE `menu_links` (   `menu_name` varchar(32) NOT NULL DEFAULT '',   `mlid` int(10) unsigned NOT NULL AUTO_INCREMENT,   `plid` int(10) unsigned NOT NULL DEFAULT '0',   `link_path` varchar(255) NOT NULL DEFAULT '',   `router_path` varchar(255) NOT NULL DEFAULT '',   `link_title` varchar(255) NOT NULL DEFAULT '',   `options` text,   `module` varchar(255) NOT NULL DEFAULT 'system',   `hidden` smallint(6) NOT NULL DEFAULT '0',   `external` smallint(6) NOT NULL DEFAULT '0',   `has_children` smallint(6) NOT NULL DEFAULT '0',   `expanded` smallint(6) NOT NULL DEFAULT '0',   `weight` int(11) NOT NULL DEFAULT '0',   `depth` smallint(6) NOT NULL DEFAULT '0',   `customized` smallint(6) NOT NULL DEFAULT '0',   `p1` int(10) unsigned NOT NULL DEFAULT '0',   `p2` int(10) unsigned NOT NULL DEFAULT '0',   `p3` int(10) unsigned NOT NULL DEFAULT '0',   `p4` int(10) unsigned NOT NULL DEFAULT '0',   `p5` int(10) unsigned NOT NULL DEFAULT '0',   `p6` int(10) unsigned NOT NULL DEFAULT '0',   `p7` int(10) unsigned NOT NULL DEFAULT '0',   `p8` int(10) unsigned NOT NULL DEFAULT '0',   `p9` int(10) unsigned NOT NULL DEFAULT '0',   `updated` smallint(6) NOT NULL DEFAULT '0',   PRIMARY KEY (`mlid`),   KEY `path_menu` (`link_path`(128),`menu_name`),   KEY `menu_plid_expand_child` (`menu_name`,`plid`,`expanded`,`has_children`),   KEY `menu_parents` (`menu_name`,`p1`,`p2`,`p3`,`p4`,`p5`,`p6`,`p7`,`p8`,`p9`),   KEY `router_path` (`router_path`(128)) ) ENGINE=MyISAM AUTO_INCREMENT=293 DEFAULT CHARSET=utf8 AUTO_INCREMENT=293;
INSERT INTO `menu_links` VALUES ('navigation','1','0','batch','batch','','a:0:{}','system','-1','0','0','0','0','1','0','1','0','0','0','0','0','0','0','0','0'),('navigation','3','0','node','node','Content','a:0:{}','system','-1','0','0','0','0','1','0','3','0','0','0','0','0','0','0','0','0'),('navigation','4','0','logout','logout','Log out','a:0:{}','system','0','0','0','0','10','1','0','4','0','0','0','0','0','0','0','0','0'),('navigation','5','0','rss.xml','rss.xml','RSS feed','a:0:{}','system','-1','0','0','0','0','1','0','5','0','0','0','0','0','0','0','0','0'),('navigation','6','0','user','user','User account','a:0:{}','system','-1','0','0','0','0','1','0','6','0','0','0','0','0','0','0','0','0'),('navigation','7','0','node/%','node/%','','a:0:{}','system','-1','0','0','0','0','1','0','7','0','0','0','0','0','0','0','0','0'),('admin','190','125','admin/help/imagecache_ui','admin/help/imagecache_ui','imagecache_ui','a:0:{}','system','-1','0','0','0','0','3','0','114','125','190','0','0','0','0','0','0','0'),('navigation','9','0','filter/tips','filter/tips','Compose tips','a:0:{}','system','1','0','0','0','0','1','0','9','0','0','0','0','0','0','0','0','0'),('admin','188','125','admin/help/filter','admin/help/filter','filter','a:0:{}','system','-1','0','0','0','0','3','0','114','125','188','0','0','0','0','0','0','0'),('admin','189','125','admin/help/help','admin/help/help','help','a:0:{}','system','-1','0','0','0','0','3','0','114','125','189','0','0','0','0','0','0','0'),('navigation','11','0','node/add','node/add','Create content','a:0:{}','system','0','0','1','0','1','1','0','11','0','0','0','0','0','0','0','0','0'),('navigation','12','0','comment/delete','comment/delete','Delete comment','a:0:{}','system','-1','0','0','0','0','1','0','12','0','0','0','0','0','0','0','0','0'),('navigation','13','0','comment/edit','comment/edit','Edit comment','a:0:{}','system','-1','0','0','0','0','1','0','13','0','0','0','0','0','0','0','0','0'),('navigation','14','0','system/files','system/files','File download','a:0:{}','system','-1','0','0','0','0','1','0','14','0','0','0','0','0','0','0','0','0');
INSERT INTO `menu_links` VALUES ('admin','186','125','admin/help/date','admin/help/date','date','a:0:{}','system','-1','0','0','0','0','3','0','114','125','186','0','0','0','0','0','0','0'),('admin','187','125','admin/help/dblog','admin/help/dblog','dblog','a:0:{}','system','-1','0','0','0','0','3','0','114','125','187','0','0','0','0','0','0','0'),('admin','185','125','admin/help/context_ui','admin/help/context_ui','context_ui','a:0:{}','system','-1','0','0','0','0','3','0','114','125','185','0','0','0','0','0','0','0'),('admin','183','125','admin/help/content','admin/help/content','content','a:0:{}','system','-1','0','0','0','0','3','0','114','125','183','0','0','0','0','0','0','0'),('admin','184','125','admin/help/context','admin/help/context','context','a:0:{}','system','-1','0','0','0','0','3','0','114','125','184','0','0','0','0','0','0','0'),('navigation','19','0','user/autocomplete','user/autocomplete','User autocomplete','a:0:{}','system','-1','0','0','0','0','1','0','19','0','0','0','0','0','0','0','0','0'),('admin','181','125','admin/help/comment','admin/help/comment','comment','a:0:{}','system','-1','0','0','0','0','3','0','114','125','181','0','0','0','0','0','0','0'),('admin','182','125','admin/help/contact','admin/help/contact','contact','a:0:{}','system','-1','0','0','0','0','3','0','114','125','182','0','0','0','0','0','0','0'),('navigation','21','0','user/%','user/%','My account','a:0:{}','system','0','0','0','0','0','1','0','21','0','0','0','0','0','0','0','0','0'),('admin','180','125','admin/help/block','admin/help/block','block','a:0:{}','system','-1','0','0','0','0','3','0','114','125','180','0','0','0','0','0','0','0'),('admin','179','125','admin/help/backup_migrate','admin/help/backup_migrate','backup_migrate','a:0:{}','system','-1','0','0','0','0','3','0','114','125','179','0','0','0','0','0','0','0'),('admin','178','129','admin/settings/xmlsitemap','admin/settings/xmlsitemap','XML sitemap','a:1:{s:10:\"attributes\";a:1:{s:5:\"title\";s:92:\"Configure your site\'s XML sitemaps to help search engines find and index pages on your site.\";}}','system','0','0','1','0','0','3','0','114','129','178','0','0','0','0','0','0','0');
INSERT INTO `menu_links` VALUES ('admin','177','130','admin/user/user','admin/user/user','Users','a:1:{s:10:\"attributes\";a:1:{s:5:\"title\";s:26:\"List, add, and edit users.\";}}','system','0','0','0','0','0','3','0','114','130','177','0','0','0','0','0','0','0'),('admin','176','130','admin/user/settings','admin/user/settings','User settings','a:1:{s:10:\"attributes\";a:1:{s:5:\"title\";s:101:\"Configure default behavior of users, including registration requirements, e-mails, and user pictures.\";}}','system','0','0','0','0','0','3','0','114','130','176','0','0','0','0','0','0','0'),('admin','175','128','admin/build/path','admin/build/path','URL aliases','a:1:{s:10:\"attributes\";a:1:{s:5:\"title\";s:46:\"Change your site\'s URL paths by aliasing them.\";}}','system','0','0','0','0','0','3','0','114','128','175','0','0','0','0','0','0','0'),('admin','174','127','admin/reports/search','admin/reports/search','Top search phrases','a:1:{s:10:\"attributes\";a:1:{s:5:\"title\";s:33:\"View most popular search phrases.\";}}','system','0','0','0','0','0','3','0','114','127','174','0','0','0','0','0','0','0'),('admin','173','127','admin/reports/page-not-found','admin/reports/page-not-found','Top \'page not found\' errors','a:1:{s:10:\"attributes\";a:1:{s:5:\"title\";s:36:\"View \'page not found\' errors (404s).\";}}','system','0','0','0','0','0','3','0','114','127','173','0','0','0','0','0','0','0'),('admin','172','127','admin/reports/access-denied','admin/reports/access-denied','Top \'access denied\' errors','a:1:{s:10:\"attributes\";a:1:{s:5:\"title\";s:35:\"View \'access denied\' errors (403s).\";}}','system','0','0','0','0','0','3','0','114','127','172','0','0','0','0','0','0','0'),('navigation','31','0','node/%/delete','node/%/delete','Delete','a:0:{}','system','-1','0','0','0','1','1','0','31','0','0','0','0','0','0','0','0','0'),('navigation','32','21','user/%/delete','user/%/delete','Delete','a:0:{}','system','-1','0','0','0','0','2','0','21','32','0','0','0','0','0','0','0','0'),('admin','171','128','admin/build/themes','admin/build/themes','Themes','a:1:{s:10:\"attributes\";a:1:{s:5:\"title\";s:57:\"Change which theme your site uses or allows users to set.\";}}','system','0','0','0','0','0','3','0','114','128','171','0','0','0','0','0','0','0');
INSERT INTO `menu_links` VALUES ('admin','170','124','admin/content/taxonomy','admin/content/taxonomy','Taxonomy','a:1:{s:10:\"attributes\";a:1:{s:5:\"title\";s:67:\"Manage tagging, categorization, and classification of your content.\";}}','system','0','0','0','0','0','3','0','114','124','170','0','0','0','0','0','0','0'),('admin','169','127','admin/reports/status','admin/reports/status','Status report','a:1:{s:10:\"attributes\";a:1:{s:5:\"title\";s:74:\"Get a status report about your site\'s operation and any detected problems.\";}}','system','0','0','0','0','10','3','0','114','127','169','0','0','0','0','0','0','0'),('admin','168','129','admin/settings/sitemap','admin/settings/sitemap','Site map','a:1:{s:10:\"attributes\";a:1:{s:5:\"title\";s:49:\"Control what should be displayed on the site map.\";}}','system','0','0','0','0','0','3','0','114','129','168','0','0','0','0','0','0','0'),('admin','167','129','admin/settings/site-maintenance','admin/settings/site-maintenance','Site maintenance','a:1:{s:10:\"attributes\";a:1:{s:5:\"title\";s:63:\"Take the site off-line for maintenance or bring it back online.\";}}','system','0','0','0','0','0','3','0','114','129','167','0','0','0','0','0','0','0'),('admin','166','129','admin/settings/site-information','admin/settings/site-information','Site information','a:1:{s:10:\"attributes\";a:1:{s:5:\"title\";s:107:\"Change basic site information, such as the site name, slogan, e-mail address, mission, front page and more.\";}}','system','0','0','0','0','0','3','0','114','129','166','0','0','0','0','0','0','0'),('admin','165','129','admin/settings/search','admin/settings/search','Search settings','a:1:{s:10:\"attributes\";a:1:{s:5:\"title\";s:66:\"Configure relevance settings for search and other indexing options\";}}','system','0','0','0','0','0','3','0','114','129','165','0','0','0','0','0','0','0'),('admin','164','130','admin/user/roles','admin/user/roles','Roles','a:1:{s:10:\"attributes\";a:1:{s:5:\"title\";s:30:\"List, edit, or add user roles.\";}}','system','0','0','0','0','0','3','0','114','130','164','0','0','0','0','0','0','0');
INSERT INTO `menu_links` VALUES ('admin','163','127','admin/reports/dblog','admin/reports/dblog','Recent log entries','a:1:{s:10:\"attributes\";a:1:{s:5:\"title\";s:43:\"View events that have recently been logged.\";}}','system','0','0','0','0','-1','3','0','114','127','163','0','0','0','0','0','0','0'),('admin','162','124','admin/content/rss-publishing','admin/content/rss-publishing','RSS publishing','a:1:{s:10:\"attributes\";a:1:{s:5:\"title\";s:92:\"Configure the number of items per feed and whether feeds should be titles/teasers/full-text.\";}}','system','0','0','0','0','0','3','0','114','124','162','0','0','0','0','0','0','0'),('admin','161','124','admin/content/node-settings','admin/content/node-settings','Post settings','a:1:{s:10:\"attributes\";a:1:{s:5:\"title\";s:126:\"Control posting behavior, such as teaser length, requiring previews before posting, and the number of posts on the front page.\";}}','system','0','0','0','0','0','3','0','114','124','161','0','0','0','0','0','0','0'),('navigation','44','0','comment/reply/%','comment/reply/%','Reply to comment','a:0:{}','system','-1','0','0','0','0','1','0','44','0','0','0','0','0','0','0','0','0'),('admin','160','130','admin/user/permissions','admin/user/permissions','Permissions','a:1:{s:10:\"attributes\";a:1:{s:5:\"title\";s:64:\"Determine access to features by selecting permissions for roles.\";}}','system','0','0','0','0','0','3','0','114','130','160','0','0','0','0','0','0','0'),('admin','159','129','admin/settings/performance','admin/settings/performance','Performance','a:1:{s:10:\"attributes\";a:1:{s:5:\"title\";s:101:\"Enable or disable page caching for anonymous users and set CSS and JS bandwidth optimization options.\";}}','system','0','0','0','0','0','3','0','114','129','159','0','0','0','0','0','0','0'),('admin','158','128','admin/build/modules','admin/build/modules','Modules','a:1:{s:10:\"attributes\";a:1:{s:5:\"title\";s:47:\"Enable or disable add-on modules for your site.\";}}','system','0','0','0','0','0','3','0','114','128','158','0','0','0','0','0','0','0');
INSERT INTO `menu_links` VALUES ('admin','157','128','admin/build/menu','admin/build/menu','Menus','a:1:{s:10:\"attributes\";a:1:{s:5:\"title\";s:116:\"Control your site\'s navigation menu, primary links and secondary links, as well as rename and reorganize menu items.\";}}','system','0','0','0','0','0','3','0','114','128','157','0','0','0','0','0','0','0'),('admin','156','129','admin/settings/logging','admin/settings/logging','Logging and alerts','a:1:{s:10:\"attributes\";a:1:{s:5:\"title\";s:156:\"Settings for logging and alerts modules. Various modules can route Drupal\'s system events to different destination, such as syslog, database, email, ...etc.\";}}','system','0','0','1','0','0','3','0','114','129','156','0','0','0','0','0','0','0'),('admin','155','129','admin/settings/filters','admin/settings/filters','Input formats','a:1:{s:10:\"attributes\";a:1:{s:5:\"title\";s:127:\"Configure how content input by users is filtered, including allowed HTML tags. Also allows enabling of module-provided filters.\";}}','system','0','0','0','0','0','3','0','114','129','155','0','0','0','0','0','0','0'),('admin','154','128','admin/build/imagecache','admin/build/imagecache','ImageCache','a:1:{s:10:\"attributes\";a:1:{s:5:\"title\";s:42:\"Administer imagecache presets and actions.\";}}','system','0','0','0','0','0','3','0','114','128','154','0','0','0','0','0','0','0'),('admin','153','129','admin/settings/imageapi','admin/settings/imageapi','ImageAPI','a:1:{s:10:\"attributes\";a:1:{s:5:\"title\";s:19:\"Configure ImageAPI.\";}}','system','0','0','0','0','0','3','0','114','129','153','0','0','0','0','0','0','0'),('admin','152','129','admin/settings/image-toolkit','admin/settings/image-toolkit','Image toolkit','a:1:{s:10:\"attributes\";a:1:{s:5:\"title\";s:74:\"Choose which image toolkit to use if you have installed optional toolkits.\";}}','system','0','0','0','0','0','3','0','114','129','152','0','0','0','0','0','0','0'),('admin','151','129','admin/settings/file-system','admin/settings/file-system','File system','a:1:{s:10:\"attributes\";a:1:{s:5:\"title\";s:68:\"Tell Drupal where to store uploaded files and how they are accessed.\";}}','system','0','0','0','0','0','3','0','114','129','151','0','0','0','0','0','0','0');
INSERT INTO `menu_links` VALUES ('admin','150','129','admin/settings/error-reporting','admin/settings/error-reporting','Error reporting','a:1:{s:10:\"attributes\";a:1:{s:5:\"title\";s:93:\"Control how Drupal deals with errors including 403/404 errors as well as PHP error reporting.\";}}','system','0','0','0','0','0','3','0','114','129','150','0','0','0','0','0','0','0'),('admin','149','129','admin/settings/date-time','admin/settings/date-time','Date and time','a:1:{s:10:\"attributes\";a:1:{s:5:\"title\";s:89:\"Settings for how Drupal displays date and time, as well as the system\'s default timezone.\";}}','system','0','0','0','0','0','3','0','114','129','149','0','0','0','0','0','0','0'),('admin','148','124','admin/content/types','admin/content/types','Content types','a:1:{s:10:\"attributes\";a:1:{s:5:\"title\";s:82:\"Manage posts by content type, including default status, front page promotion, etc.\";}}','system','0','0','0','0','0','3','0','114','124','148','0','0','0','0','0','0','0'),('admin','147','124','admin/content/node','admin/content/node','Content','a:1:{s:10:\"attributes\";a:1:{s:5:\"title\";s:43:\"View, edit, and delete your site\'s content.\";}}','system','0','0','0','0','0','3','0','114','124','147','0','0','0','0','0','0','0'),('admin','146','128','admin/build/contact','admin/build/contact','Contact form','a:1:{s:10:\"attributes\";a:1:{s:5:\"title\";s:71:\"Create a system contact form and set up categories for the form to use.\";}}','system','0','0','0','0','0','3','0','114','128','146','0','0','0','0','0','0','0'),('admin','145','124','admin/content/comment','admin/content/comment','Comments','a:1:{s:10:\"attributes\";a:1:{s:5:\"title\";s:61:\"List and edit site comments and the comment moderation queue.\";}}','system','0','0','0','0','0','3','0','114','124','145','0','0','0','0','0','0','0'),('admin','144','128','admin/build/block','admin/build/block','Blocks','a:1:{s:10:\"attributes\";a:1:{s:5:\"title\";s:79:\"Configure what block content appears in your site\'s sidebars and other regions.\";}}','system','0','0','0','0','0','3','0','114','128','144','0','0','0','0','0','0','0');
INSERT INTO `menu_links` VALUES ('admin','143','124','admin/content/backup_migrate','admin/content/backup_migrate','Backup and Migrate','a:1:{s:10:\"attributes\";a:1:{s:5:\"title\";s:76:\"Backup/restore your database or migrate data to or from another Drupal site.\";}}','system','0','0','0','0','0','3','0','114','124','143','0','0','0','0','0','0','0'),('admin','142','127','admin/reports/updates','admin/reports/updates','Available updates','a:1:{s:10:\"attributes\";a:1:{s:5:\"title\";s:82:\"Get a status report about available updates for your installed modules and themes.\";}}','system','0','0','0','0','10','3','0','114','127','142','0','0','0','0','0','0','0'),('admin','141','129','admin/settings/admin','admin/settings/admin','Administration tools','a:1:{s:10:\"attributes\";a:1:{s:5:\"title\";s:39:\"Settings for site administration tools.\";}}','system','0','0','0','0','0','3','0','114','129','141','0','0','0','0','0','0','0'),('navigation','81','0','user/reset/%/%/%','user/reset/%/%/%','Reset password','a:0:{}','system','-1','0','0','0','0','1','0','81','0','0','0','0','0','0','0','0','0'),('navigation','83','0','node/%/revisions/%/delete','node/%/revisions/%/delete','Delete earlier revision','a:0:{}','system','-1','0','0','0','0','1','0','83','0','0','0','0','0','0','0','0','0'),('navigation','84','0','node/%/revisions/%/revert','node/%/revisions/%/revert','Revert to earlier revision','a:0:{}','system','-1','0','0','0','0','1','0','84','0','0','0','0','0','0','0','0','0'),('navigation','85','0','node/%/revisions/%/view','node/%/revisions/%/view','Revisions','a:0:{}','system','-1','0','0','0','0','1','0','85','0','0','0','0','0','0','0','0','0'),('admin','140','129','admin/settings/actions','admin/settings/actions','Actions','a:1:{s:10:\"attributes\";a:1:{s:5:\"title\";s:41:\"Manage the actions defined for your site.\";}}','system','0','0','0','0','0','3','0','114','129','140','0','0','0','0','0','0','0'),('admin','139','130','admin/user/rules','admin/user/rules','Access rules','a:1:{s:10:\"attributes\";a:1:{s:5:\"title\";s:80:\"List and create rules to disallow usernames, e-mail addresses, and IP addresses.\";}}','system','0','0','0','0','0','3','0','114','130','139','0','0','0','0','0','0','0');
INSERT INTO `menu_links` VALUES ('navigation','137','0','ctools/autocomplete/node','ctools/autocomplete/node','','a:0:{}','system','-1','0','0','0','0','1','0','137','0','0','0','0','0','0','0','0','0'),('navigation','138','0','system/files/imagecache','system/files/imagecache','','a:0:{}','system','-1','0','0','0','0','1','0','138','0','0','0','0','0','0','0','0','0'),('navigation','136','0','advanced_help/search/%','advanced_help/search/%','Search help','a:0:{}','system','0','0','0','0','0','1','0','136','0','0','0','0','0','0','0','0','0'),('navigation','92','0','taxonomy/autocomplete','taxonomy/autocomplete','Autocomplete taxonomy','a:0:{}','system','-1','0','0','0','0','1','0','92','0','0','0','0','0','0','0','0','0'),('navigation','134','0','help/%/%','help/%/%','','a:0:{}','system','-1','0','0','0','0','1','0','134','0','0','0','0','0','0','0','0','0'),('admin','135','129','admin/settings/clean-urls','admin/settings/clean-urls','Clean URLs','a:1:{s:10:\"attributes\";a:1:{s:5:\"title\";s:43:\"Enable or disable clean URLs for your site.\";}}','system','0','0','0','0','0','3','0','114','129','135','0','0','0','0','0','0','0'),('navigation','133','0','views/ajax','views/ajax','Views','a:1:{s:10:\"attributes\";a:1:{s:5:\"title\";s:31:\"Ajax callback for view loading.\";}}','system','-1','0','0','0','0','1','0','133','0','0','0','0','0','0','0','0','0'),('navigation','95','0','taxonomy/term/%','taxonomy/term/%','Taxonomy term','a:0:{}','system','-1','0','0','0','0','1','0','95','0','0','0','0','0','0','0','0','0'),('navigation','131','0','user/timezone','user/timezone','User timezone','a:0:{}','system','-1','0','0','0','0','1','0','131','0','0','0','0','0','0','0','0','0'),('navigation','132','0','userreference/autocomplete','userreference/autocomplete','Userreference autocomplete','a:0:{}','system','-1','0','0','0','0','1','0','132','0','0','0','0','0','0','0','0','0'),('admin','130','114','admin/user','admin/user','User management','a:1:{s:10:\"attributes\";a:1:{s:5:\"title\";s:61:\"Manage your site\'s users, groups and access to site features.\";}}','system','0','0','1','0','0','2','0','114','130','0','0','0','0','0','0','0','0');
INSERT INTO `menu_links` VALUES ('admin','129','114','admin/settings','admin/settings','Site configuration','a:1:{s:10:\"attributes\";a:1:{s:5:\"title\";s:40:\"Adjust basic site configuration options.\";}}','system','0','0','1','0','-5','2','0','114','129','0','0','0','0','0','0','0','0'),('admin','127','114','admin/reports','admin/reports','Reports','a:1:{s:10:\"attributes\";a:1:{s:5:\"title\";s:59:\"View reports from system logs and other status information.\";}}','system','0','0','1','0','5','2','0','114','127','0','0','0','0','0','0','0','0'),('admin','128','114','admin/build','admin/build','Site building','a:1:{s:10:\"attributes\";a:1:{s:5:\"title\";s:38:\"Control how your site looks and feels.\";}}','system','0','0','1','0','-10','2','0','114','128','0','0','0','0','0','0','0','0'),('navigation','126','0','nodereference/autocomplete','nodereference/autocomplete','Nodereference autocomplete','a:0:{}','system','-1','0','0','0','0','1','0','126','0','0','0','0','0','0','0','0','0'),('admin','125','114','admin/help','admin/help','Help','a:0:{}','system','0','0','0','0','9','2','0','114','125','0','0','0','0','0','0','0','0'),('admin','124','114','admin/content','admin/content','Content management','a:1:{s:10:\"attributes\";a:1:{s:5:\"title\";s:27:\"Manage your site\'s content.\";}}','system','0','0','1','0','-10','2','0','114','124','0','0','0','0','0','0','0','0'),('admin','122','114','admin/advanced_help','admin/advanced_help','Advanced help','a:0:{}','system','0','0','0','0','9','2','0','114','122','0','0','0','0','0','0','0','0'),('admin','123','114','admin/compact','admin/compact','Compact mode','a:0:{}','system','-1','0','0','0','0','2','0','114','123','0','0','0','0','0','0','0','0'),('navigation','106','11','node/add/page','node/add/page','Page','a:1:{s:10:\"attributes\";a:1:{s:5:\"title\";s:296:\"A <em>page</em>, similar in form to a <em>story</em>, is a simple method for creating and displaying information that rarely changes, such as an \"About us\" section of a website. By default, a <em>page</em> entry does not allow visitor comments and is not featured on the site\'s initial home page.\";}}','system','0','0','0','0','0','2','0','11','106','0','0','0','0','0','0','0','0');
INSERT INTO `menu_links` VALUES ('navigation','107','11','node/add/story','node/add/story','Story','a:1:{s:10:\"attributes\";a:1:{s:5:\"title\";s:392:\"A <em>story</em>, similar in form to a <em>page</em>, is ideal for creating and displaying content that informs or engages website visitors. Press releases, site announcements, and informal blog-like entries may all be created with a <em>story</em> entry. By default, a <em>story</em> entry is automatically featured on the site\'s initial home page, and provides the ability to post comments.\";}}','system','0','0','0','0','0','2','0','11','107','0','0','0','0','0','0','0','0'),('navigation','121','0','filefield/progress','filefield/progress','','a:0:{}','system','-1','0','0','0','0','1','0','121','0','0','0','0','0','0','0','0','0'),('navigation','120','0','content/js_add_more','content/js_add_more','','a:0:{}','system','-1','0','0','0','0','1','0','120','0','0','0','0','0','0','0','0','0'),('navigation','119','0','sitemap','sitemap','Site map','a:1:{s:10:\"attributes\";a:1:{s:5:\"title\";s:34:\"Display a site map with RSS feeds.\";}}','system','1','0','0','0','0','1','0','119','0','0','0','0','0','0','0','0','0'),('navigation','117','0','search','search','Search','a:0:{}','system','1','0','0','0','0','1','0','117','0','0','0','0','0','0','0','0','0'),('navigation','118','0','sitemap.xsl','sitemap.xsl','','a:0:{}','system','-1','0','0','0','0','1','0','118','0','0','0','0','0','0','0','0','0'),('navigation','116','0','sitemap.xml','sitemap.xml','','a:0:{}','system','-1','0','0','0','0','1','0','116','0','0','0','0','0','0','0','0','0'),('admin','114','0','admin','admin','Administer','a:0:{}','system','0','0','1','0','9','1','0','114','0','0','0','0','0','0','0','0','0'),('navigation','115','0','contact','contact','Contact','a:0:{}','system','1','0','0','0','0','1','0','115','0','0','0','0','0','0','0','0','0'),('admin','191','129','admin/settings/jquery_update','admin/settings/jquery_update','jQuery Update','a:1:{s:10:\"attributes\";a:1:{s:5:\"title\";s:44:\"Configure settings for jQuery Update module.\";}}','system','0','0','0','0','0','3','0','114','129','191','0','0','0','0','0','0','0');
INSERT INTO `menu_links` VALUES ('admin','192','125','admin/help/menu','admin/help/menu','menu','a:0:{}','system','-1','0','0','0','0','3','0','114','125','192','0','0','0','0','0','0','0'),('admin','193','125','admin/help/node','admin/help/node','node','a:0:{}','system','-1','0','0','0','0','3','0','114','125','193','0','0','0','0','0','0','0'),('admin','194','125','admin/help/path','admin/help/path','path','a:0:{}','system','-1','0','0','0','0','3','0','114','125','194','0','0','0','0','0','0','0'),('admin','195','125','admin/help/pathauto','admin/help/pathauto','pathauto','a:0:{}','system','-1','0','0','0','0','3','0','114','125','195','0','0','0','0','0','0','0'),('admin','196','125','admin/help/search','admin/help/search','search','a:0:{}','system','-1','0','0','0','0','3','0','114','125','196','0','0','0','0','0','0','0'),('admin','197','125','admin/help/site_map','admin/help/site_map','site_map','a:0:{}','system','-1','0','0','0','0','3','0','114','125','197','0','0','0','0','0','0','0'),('admin','198','125','admin/help/system','admin/help/system','system','a:0:{}','system','-1','0','0','0','0','3','0','114','125','198','0','0','0','0','0','0','0'),('admin','199','125','admin/help/taxonomy','admin/help/taxonomy','taxonomy','a:0:{}','system','-1','0','0','0','0','3','0','114','125','199','0','0','0','0','0','0','0'),('admin','200','125','admin/help/update','admin/help/update','update','a:0:{}','system','-1','0','0','0','0','3','0','114','125','200','0','0','0','0','0','0','0'),('admin','201','128','admin/build/views','admin/build/views','Views','a:1:{s:10:\"attributes\";a:1:{s:5:\"title\";s:144:\"Views are customized lists of content on your system; they are highly configurable and give you control over how lists of content are presented.\";}}','system','0','0','0','0','0','3','0','114','128','201','0','0','0','0','0','0','0'),('admin','202','125','admin/help/token','admin/help/token','token','a:0:{}','system','-1','0','0','0','0','3','0','114','125','202','0','0','0','0','0','0','0'),('admin','203','125','admin/help/user','admin/help/user','user','a:0:{}','system','-1','0','0','0','0','3','0','114','125','203','0','0','0','0','0','0','0');
INSERT INTO `menu_links` VALUES ('admin','204','125','admin/help/views_ui','admin/help/views_ui','views_ui','a:0:{}','system','-1','0','0','0','0','3','0','114','125','204','0','0','0','0','0','0','0'),('admin','205','125','admin/help/xmlsitemap','admin/help/xmlsitemap','xmlsitemap','a:0:{}','system','-1','0','0','0','0','3','0','114','125','205','0','0','0','0','0','0','0'),('navigation','206','0','ctools/context/ajax/add','ctools/context/ajax/add','','a:0:{}','system','-1','0','0','0','0','1','0','206','0','0','0','0','0','0','0','0','0'),('admin','207','155','admin/settings/filters/%','admin/settings/filters/%','','a:0:{}','system','-1','0','0','0','0','4','0','114','129','155','207','0','0','0','0','0','0'),('admin','208','154','admin/build/imagecache/%','admin/build/imagecache/%','','a:0:{}','system','-1','0','0','0','0','4','0','114','128','154','208','0','0','0','0','0','0'),('navigation','209','0','ctools/context/ajax/delete','ctools/context/ajax/delete','','a:0:{}','system','-1','0','0','0','0','1','0','209','0','0','0','0','0','0','0','0','0'),('navigation','210','0','ctools/context/ajax/configure','ctools/context/ajax/configure','','a:0:{}','system','-1','0','0','0','0','1','0','210','0','0','0','0','0','0','0','0','0'),('admin','211','135','admin/settings/clean-urls/check','admin/settings/clean-urls/check','Clean URL check','a:0:{}','system','-1','0','0','0','0','4','0','114','129','135','211','0','0','0','0','0','0'),('admin','212','140','admin/settings/actions/configure','admin/settings/actions/configure','Configure an advanced action','a:0:{}','system','-1','0','0','0','0','4','0','114','129','140','212','0','0','0','0','0','0'),('admin','214','165','admin/settings/search/wipe','admin/settings/search/wipe','Clear index','a:0:{}','system','-1','0','0','0','0','4','0','114','129','165','214','0','0','0','0','0','0'),('admin','215','144','admin/build/block/configure','admin/build/block/configure','Configure block','a:0:{}','system','-1','0','0','0','0','4','0','114','128','144','215','0','0','0','0','0','0'),('admin','216','128','admin/build/menu-customize/%','admin/build/menu-customize/%','Customize menu','a:0:{}','system','-1','0','0','0','0','3','0','114','128','216','0','0','0','0','0','0','0');
INSERT INTO `menu_links` VALUES ('admin','217','156','admin/settings/logging/dblog','admin/settings/logging/dblog','Database logging','a:1:{s:10:\"attributes\";a:1:{s:5:\"title\";s:169:\"Settings for logging to the Drupal database logs. This is the most common method for small to medium sites on shared hosting. The logs are viewable from the admin pages.\";}}','system','0','0','0','0','0','4','0','114','129','156','217','0','0','0','0','0','0'),('admin','218','149','admin/settings/date-time/lookup','admin/settings/date-time/lookup','Date and time lookup','a:0:{}','system','-1','0','0','0','0','4','0','114','129','149','218','0','0','0','0','0','0'),('admin','219','175','admin/build/path/delete','admin/build/path/delete','Delete alias','a:0:{}','system','-1','0','0','0','0','4','0','114','128','175','219','0','0','0','0','0','0'),('admin','220','144','admin/build/block/delete','admin/build/block/delete','Delete block','a:0:{}','system','-1','0','0','0','0','4','0','114','128','144','220','0','0','0','0','0','0'),('admin','221','155','admin/settings/filters/delete','admin/settings/filters/delete','Delete input format','a:0:{}','system','-1','0','0','0','0','4','0','114','129','155','221','0','0','0','0','0','0'),('admin','222','128','admin/build/views1/convert','admin/build/views1/convert','Convert view','a:0:{}','system','-1','0','0','0','0','3','0','114','128','222','0','0','0','0','0','0','0'),('admin','223','139','admin/user/rules/delete','admin/user/rules/delete','Delete rule','a:0:{}','system','-1','0','0','0','0','4','0','114','130','139','223','0','0','0','0','0','0'),('admin','224','128','admin/build/views1/delete','admin/build/views1/delete','Delete view','a:0:{}','system','-1','0','0','0','0','3','0','114','128','224','0','0','0','0','0','0','0'),('admin','225','127','admin/reports/event/%','admin/reports/event/%','Details','a:0:{}','system','-1','0','0','0','0','3','0','114','127','225','0','0','0','0','0','0','0'),('admin','226','175','admin/build/path/edit','admin/build/path/edit','Edit alias','a:0:{}','system','-1','0','0','0','0','4','0','114','128','175','226','0','0','0','0','0','0');
INSERT INTO `menu_links` VALUES ('admin','227','164','admin/user/roles/edit','admin/user/roles/edit','Edit role','a:0:{}','system','-1','0','0','0','0','4','0','114','130','164','227','0','0','0','0','0','0'),('admin','228','139','admin/user/rules/edit','admin/user/rules/edit','Edit rule','a:0:{}','system','-1','0','0','0','0','4','0','114','130','139','228','0','0','0','0','0','0'),('admin','229','170','admin/content/taxonomy/%','admin/content/taxonomy/%','List terms','a:0:{}','system','-1','0','0','0','0','4','0','114','124','170','229','0','0','0','0','0','0'),('admin','230','142','admin/reports/updates/check','admin/reports/updates/check','Manual update check','a:0:{}','system','-1','0','0','0','0','4','0','114','127','142','230','0','0','0','0','0','0'),('admin','231','169','admin/reports/status/php','admin/reports/status/php','PHP','a:0:{}','system','-1','0','0','0','0','4','0','114','127','169','231','0','0','0','0','0','0'),('admin','232','124','admin/content/node-type/page','admin/content/node-type/page','Page','a:0:{}','system','-1','0','0','0','0','3','0','114','124','232','0','0','0','0','0','0','0'),('admin','233','161','admin/content/node-settings/rebuild','admin/content/node-settings/rebuild','Rebuild permissions','a:0:{}','system','-1','0','0','0','0','4','0','114','124','161','233','0','0','0','0','0','0'),('admin','234','140','admin/settings/actions/orphan','admin/settings/actions/orphan','Remove orphans','a:0:{}','system','-1','0','0','0','0','4','0','114','129','140','234','0','0','0','0','0','0'),('admin','235','169','admin/reports/status/run-cron','admin/reports/status/run-cron','Run cron','a:0:{}','system','-1','0','0','0','0','4','0','114','127','169','235','0','0','0','0','0','0'),('admin','236','169','admin/reports/status/sql','admin/reports/status/sql','SQL','a:0:{}','system','-1','0','0','0','0','4','0','114','127','169','236','0','0','0','0','0','0'),('admin','237','124','admin/content/node-type/story','admin/content/node-type/story','Story','a:0:{}','system','-1','0','0','0','0','3','0','114','124','237','0','0','0','0','0','0','0');
INSERT INTO `menu_links` VALUES ('admin','238','178','admin/settings/xmlsitemap/add','admin/settings/xmlsitemap/add','Add XML sitemap','a:0:{}','system','-1','0','0','0','0','4','0','114','129','178','238','0','0','0','0','0','0'),('admin','239','0','admin/build/imagecache/%/delete','admin/build/imagecache/%/delete','','a:0:{}','system','-1','0','0','0','0','1','0','239','0','0','0','0','0','0','0','0','0'),('navigation','240','0','ctools/context/ajax/access/configure','ctools/context/ajax/access/configure','','a:0:{}','system','-1','0','0','0','0','1','0','240','0','0','0','0','0','0','0','0','0'),('admin','241','0','admin/build/imagecache/%/export','admin/build/imagecache/%/export','','a:0:{}','system','-1','0','0','0','0','1','0','241','0','0','0','0','0','0','0','0','0'),('admin','242','114','admin/views/ajax/autocomplete/tag','admin/views/ajax/autocomplete/tag','','a:0:{}','system','-1','0','0','0','0','2','0','114','242','0','0','0','0','0','0','0','0'),('admin','243','0','admin/build/imagecache/%/flush','admin/build/imagecache/%/flush','','a:0:{}','system','-1','0','0','0','0','1','0','243','0','0','0','0','0','0','0','0','0'),('admin','244','0','admin/build/imagecache/%/override','admin/build/imagecache/%/override','','a:0:{}','system','-1','0','0','0','0','1','0','244','0','0','0','0','0','0','0','0','0'),('admin','245','0','admin/build/imagecache/%/%','admin/build/imagecache/%/%','','a:0:{}','system','-1','0','0','0','0','1','0','245','0','0','0','0','0','0','0','0','0'),('navigation','246','0','ctools/context/ajax/access/add','ctools/context/ajax/access/add','','a:0:{}','system','-1','0','0','0','0','1','0','246','0','0','0','0','0','0','0','0','0'),('navigation','247','0','ctools/context/ajax/access/delete','ctools/context/ajax/access/delete','','a:0:{}','system','-1','0','0','0','0','1','0','247','0','0','0','0','0','0','0','0','0'),('admin','248','149','admin/settings/date-time/formats/lookup','admin/settings/date-time/formats/lookup','Date and time lookup','a:0:{}','system','-1','0','0','0','0','4','0','114','129','149','248','0','0','0','0','0','0');
INSERT INTO `menu_links` VALUES ('admin','249','0','admin/content/node-type/page/delete','admin/content/node-type/page/delete','Delete','a:0:{}','system','-1','0','0','0','0','1','0','249','0','0','0','0','0','0','0','0','0'),('admin','250','0','admin/content/node-type/story/delete','admin/content/node-type/story/delete','Delete','a:0:{}','system','-1','0','0','0','0','1','0','250','0','0','0','0','0','0','0','0','0'),('admin','251','140','admin/settings/actions/delete/%','admin/settings/actions/delete/%','Delete action','a:1:{s:10:\"attributes\";a:1:{s:5:\"title\";s:17:\"Delete an action.\";}}','system','-1','0','0','0','0','4','0','114','129','140','251','0','0','0','0','0','0'),('admin','252','149','admin/settings/date-time/delete/%','admin/settings/date-time/delete/%','Delete date format type','a:1:{s:10:\"attributes\";a:1:{s:5:\"title\";s:52:\"Allow users to delete a configured date format type.\";}}','system','-1','0','0','0','0','4','0','114','129','149','252','0','0','0','0','0','0'),('navigation','253','0','filefield/ahah/%/%/%','filefield/ahah/%/%/%','','a:0:{}','system','-1','0','0','0','0','1','0','253','0','0','0','0','0','0','0','0','0'),('admin','254','146','admin/build/contact/delete/%','admin/build/contact/delete/%','Delete contact','a:0:{}','system','-1','0','0','0','0','4','0','114','128','146','254','0','0','0','0','0','0'),('admin','255','0','admin/build/menu-customize/%/delete','admin/build/menu-customize/%/delete','Delete menu','a:0:{}','system','-1','0','0','0','0','1','0','255','0','0','0','0','0','0','0','0','0'),('admin','256','143','admin/content/backup_migrate/destination/downloadfile','admin/content/backup_migrate/destination/downloadfile','Download File','a:1:{s:10:\"attributes\";a:1:{s:5:\"title\";s:22:\"Download a backup file\";}}','system','-1','0','0','0','0','4','0','114','124','143','256','0','0','0','0','0','0'),('admin','257','114','admin/views/ajax/autocomplete/user','admin/views/ajax/autocomplete/user','','a:0:{}','system','-1','0','0','0','0','2','0','114','257','0','0','0','0','0','0','0','0');
INSERT INTO `menu_links` VALUES ('admin','258','146','admin/build/contact/edit/%','admin/build/contact/edit/%','Edit contact category','a:0:{}','system','-1','0','0','0','0','4','0','114','128','146','258','0','0','0','0','0','0'),('admin','259','170','admin/content/taxonomy/edit/term','admin/content/taxonomy/edit/term','Edit term','a:0:{}','system','-1','0','0','0','0','4','0','114','124','170','259','0','0','0','0','0','0'),('admin','260','201','admin/build/views/export/%','admin/build/views/export/%','','a:0:{}','system','-1','0','0','0','0','4','0','114','128','201','260','0','0','0','0','0','0'),('admin','261','201','admin/build/views/clone/%','admin/build/views/clone/%','','a:0:{}','system','-1','0','0','0','0','4','0','114','128','201','261','0','0','0','0','0','0'),('admin','262','201','admin/build/views/disable/%','admin/build/views/disable/%','','a:0:{}','system','-1','0','0','0','0','4','0','114','128','201','262','0','0','0','0','0','0'),('admin','263','201','admin/build/views/enable/%','admin/build/views/enable/%','','a:0:{}','system','-1','0','0','0','0','4','0','114','128','201','263','0','0','0','0','0','0'),('admin','264','158','admin/build/modules/list/confirm','admin/build/modules/list/confirm','List','a:0:{}','system','-1','0','0','0','0','4','0','114','128','158','264','0','0','0','0','0','0'),('admin','265','201','admin/build/views/break-lock/%','admin/build/views/break-lock/%','Delete view','a:0:{}','system','-1','0','0','0','0','4','0','114','128','201','265','0','0','0','0','0','0'),('admin','266','144','admin/build/block/list/js','admin/build/block/list/js','JavaScript List Form','a:0:{}','system','-1','0','0','0','0','4','0','114','128','144','266','0','0','0','0','0','0'),('admin','267','158','admin/build/modules/uninstall/confirm','admin/build/modules/uninstall/confirm','Uninstall','a:0:{}','system','-1','0','0','0','0','4','0','114','128','158','267','0','0','0','0','0','0'),('admin','268','201','admin/build/views/delete/%','admin/build/views/delete/%','Delete view','a:0:{}','system','-1','0','0','0','0','4','0','114','128','201','268','0','0','0','0','0','0');
INSERT INTO `menu_links` VALUES ('admin','269','178','admin/settings/xmlsitemap/delete/%','admin/settings/xmlsitemap/delete/%','','a:0:{}','system','-1','0','0','0','0','4','0','114','129','178','269','0','0','0','0','0','0'),('admin','270','178','admin/settings/xmlsitemap/edit/%','admin/settings/xmlsitemap/edit/%','Edit XML sitemap','a:0:{}','system','-1','0','0','0','0','4','0','114','129','178','270','0','0','0','0','0','0'),('admin','271','0','admin/build/imagecache/%/add/%','admin/build/imagecache/%/add/%','','a:0:{}','system','-1','0','0','0','0','1','0','271','0','0','0','0','0','0','0','0','0'),('admin','272','0','admin/build/imagecache/%/%/delete','admin/build/imagecache/%/%/delete','','a:0:{}','system','-1','0','0','0','0','1','0','272','0','0','0','0','0','0','0','0','0'),('admin','273','149','admin/settings/date-time/formats/delete/%','admin/settings/date-time/formats/delete/%','Delete date format','a:1:{s:10:\"attributes\";a:1:{s:5:\"title\";s:47:\"Allow users to delete a configured date format.\";}}','system','-1','0','0','0','0','4','0','114','129','149','273','0','0','0','0','0','0'),('admin','274','157','admin/build/menu/item/%/delete','admin/build/menu/item/%/delete','Delete menu item','a:0:{}','system','-1','0','0','0','0','4','0','114','128','157','274','0','0','0','0','0','0'),('admin','275','157','admin/build/menu/item/%/edit','admin/build/menu/item/%/edit','Edit menu item','a:0:{}','system','-1','0','0','0','0','4','0','114','128','157','275','0','0','0','0','0','0'),('admin','276','170','admin/content/taxonomy/edit/vocabulary/%','admin/content/taxonomy/edit/vocabulary/%','Edit vocabulary','a:0:{}','system','-1','0','0','0','0','4','0','114','124','170','276','0','0','0','0','0','0'),('admin','277','157','admin/build/menu/item/%/reset','admin/build/menu/item/%/reset','Reset menu item','a:0:{}','system','-1','0','0','0','0','4','0','114','128','157','277','0','0','0','0','0','0'),('admin','278','201','admin/build/views/%/add-display/%','admin/build/views/%/add-display/%','','a:0:{}','system','-1','0','0','0','0','4','0','114','128','201','278','0','0','0','0','0','0');
INSERT INTO `menu_links` VALUES ('admin','279','201','admin/build/views/%/%/%','admin/build/views/%/%/%','','a:0:{}','system','-1','0','0','0','0','4','0','114','128','201','279','0','0','0','0','0','0'),('admin','280','201','admin/build/views/%/analyze/%','admin/build/views/%/analyze/%','','a:0:{}','system','-1','0','0','0','0','4','0','114','128','201','280','0','0','0','0','0','0'),('admin','281','201','admin/build/views/%/details/%','admin/build/views/%/details/%','','a:0:{}','system','-1','0','0','0','0','4','0','114','128','201','281','0','0','0','0','0','0'),('admin','282','201','admin/build/views/%/preview/%','admin/build/views/%/preview/%','','a:0:{}','system','-1','0','0','0','0','4','0','114','128','201','282','0','0','0','0','0','0'),('admin','283','201','admin/build/views/tools/export/results','admin/build/views/tools/export/results','','a:0:{}','system','-1','0','0','0','0','4','0','114','128','201','283','0','0','0','0','0','0'),('admin','284','178','admin/settings/xmlsitemap/settings/%/%','admin/settings/xmlsitemap/settings/%/%','','a:0:{}','system','0','0','0','0','0','4','0','114','129','178','284','0','0','0','0','0','0'),('admin','285','128','admin/build/context','admin/build/context','Context','a:1:{s:10:\"attributes\";a:1:{s:5:\"title\";s:84:\"Associate menus, views, blocks, etc. with different contexts to structure your site.\";}}','system','0','0','0','0','0','3','0','114','128','285','0','0','0','0','0','0','0'),('admin','286','285','admin/build/context/list/%','admin/build/context/list/%','','a:0:{}','system','-1','0','0','0','0','4','0','114','128','285','286','0','0','0','0','0','0'),('admin','287','0','admin/build/context/list/%/clone','admin/build/context/list/%/clone','Clone','a:0:{}','system','-1','0','0','0','0','1','0','287','0','0','0','0','0','0','0','0','0'),('admin','288','0','admin/build/context/list/%/delete','admin/build/context/list/%/delete','Delete','a:0:{}','system','-1','0','0','0','0','1','0','288','0','0','0','0','0','0','0','0','0'),('admin','289','0','admin/build/context/list/%/disable','admin/build/context/list/%/disable','Disable','a:0:{}','system','-1','0','0','0','0','1','0','289','0','0','0','0','0','0','0','0','0');
INSERT INTO `menu_links` VALUES ('admin','290','0','admin/build/context/list/%/enable','admin/build/context/list/%/enable','Enable','a:0:{}','system','-1','0','0','0','0','1','0','290','0','0','0','0','0','0','0','0','0'),('admin','291','0','admin/build/context/list/%/revert','admin/build/context/list/%/revert','Revert','a:0:{}','system','-1','0','0','0','0','1','0','291','0','0','0','0','0','0','0','0','0'),('navigation','292','0','sites/sobg.local/files/imagecache','sites/sobg.local/files/imagecache','','a:0:{}','system','-1','0','0','0','0','1','0','292','0','0','0','0','0','0','0','0','0');
DROP TABLE IF EXISTS `menu_router`;
CREATE TABLE `menu_router` (   `path` varchar(255) NOT NULL DEFAULT '',   `load_functions` text NOT NULL,   `to_arg_functions` text NOT NULL,   `access_callback` varchar(255) NOT NULL DEFAULT '',   `access_arguments` text,   `page_callback` varchar(255) NOT NULL DEFAULT '',   `page_arguments` text,   `fit` int(11) NOT NULL DEFAULT '0',   `number_parts` smallint(6) NOT NULL DEFAULT '0',   `tab_parent` varchar(255) NOT NULL DEFAULT '',   `tab_root` varchar(255) NOT NULL DEFAULT '',   `title` varchar(255) NOT NULL DEFAULT '',   `title_callback` varchar(255) NOT NULL DEFAULT '',   `title_arguments` varchar(255) NOT NULL DEFAULT '',   `type` int(11) NOT NULL DEFAULT '0',   `block_callback` varchar(255) NOT NULL DEFAULT '',   `description` text NOT NULL,   `position` varchar(255) NOT NULL DEFAULT '',   `weight` int(11) NOT NULL DEFAULT '0',   `file` mediumtext,   PRIMARY KEY (`path`),   KEY `fit` (`fit`),   KEY `tab_parent` (`tab_parent`),   KEY `tab_root_weight_title` (`tab_root`(64),`weight`,`title`) ) ENGINE=MyISAM DEFAULT CHARSET=utf8;
INSERT INTO `menu_router` VALUES ('node','','','user_access','a:1:{i:0;s:14:\"access content\";}','node_page_default','a:0:{}','1','1','','node','Content','t','','4','','','','0',''),('rss.xml','','','user_access','a:1:{i:0;s:14:\"access content\";}','node_feed','a:0:{}','1','1','','rss.xml','RSS feed','t','','4','','','','0',''),('contact','','','user_access','a:1:{i:0;s:29:\"access site-wide contact form\";}','contact_site_page','a:0:{}','1','1','','contact','Contact','t','','20','','','','0','modules/contact/contact.pages.inc'),('search','','','user_access','a:1:{i:0;s:14:\"search content\";}','search_view','a:0:{}','1','1','','search','Search','t','','20','','','','0','modules/search/search.pages.inc'),('batch','','','1','a:0:{}','system_batch_page','a:0:{}','1','1','','batch','','t','','4','','','','0','modules/system/system.admin.inc'),('sitemap.xml','','','1','a:0:{}','xmlsitemap_output_chunk','a:0:{}','1','1','','sitemap.xml','','t','','4','','','','0','sites/all/modules/xmlsitemap/xmlsitemap.pages.inc'),('logout','','','user_is_logged_in','a:0:{}','user_logout','a:0:{}','1','1','','logout','Log out','t','','6','','','','10','modules/user/user.pages.inc'),('sitemap.xsl','','','1','a:0:{}','xmlsitemap_output_xsl','a:0:{}','1','1','','sitemap.xsl','','t','','4','','','','0','sites/all/modules/xmlsitemap/xmlsitemap.pages.inc'),('sitemap','','','user_access','a:1:{i:0;s:15:\"access site map\";}','site_map_page','a:0:{}','1','1','','sitemap','Site map','t','','20','','Display a site map with RSS feeds.','','0',''),('user','','','1','a:0:{}','user_page','a:0:{}','1','1','','user','User account','t','','4','','','','0','modules/user/user.pages.inc'),('admin','','','user_access','a:1:{i:0;s:27:\"access administration pages\";}','system_main_admin_page','a:0:{}','1','1','','admin','Administer','t','','6','','','','9','modules/system/system.admin.inc'),('user/login','','','user_is_anonymous','a:0:{}','user_page','a:0:{}','3','2','user','user','Log in','t','','136','','','','0','modules/user/user.pages.inc'),('filefield/progress','','','user_access','a:1:{i:0;s:14:\"access content\";}','filefield_progress','a:0:{}','3','2','','filefield/progress','','t','','4','','','','0','');
INSERT INTO `menu_router` VALUES ('system/files','','','1','a:0:{}','file_download','a:0:{}','3','2','','system/files','File download','t','','4','','','','0',''),('user/timezone','','','1','a:0:{}','user_timezone','a:0:{}','3','2','','user/timezone','User timezone','t','','4','','','','0',''),('userreference/autocomplete','','','user_access','a:1:{i:0;s:14:\"access content\";}','userreference_autocomplete','a:0:{}','3','2','','userreference/autocomplete','Userreference autocomplete','t','','4','','','','0',''),('admin/advanced_help','','','user_access','a:1:{i:0;s:24:\"view advanced help index\";}','advanced_help_index_page','a:0:{}','3','2','','admin/advanced_help','Advanced help','t','','6','','','','9',''),('content/js_add_more','','','user_access','a:1:{i:0;s:14:\"access content\";}','content_add_more_js','a:0:{}','3','2','','content/js_add_more','','t','','4','','','','0','sites/all/modules/cck/includes/content.node_form.inc'),('taxonomy/autocomplete','','','user_access','a:1:{i:0;s:14:\"access content\";}','taxonomy_autocomplete','a:0:{}','3','2','','taxonomy/autocomplete','Autocomplete taxonomy','t','','4','','','','0','modules/taxonomy/taxonomy.pages.inc'),('admin/by-module','','','user_access','a:1:{i:0;s:27:\"access administration pages\";}','system_admin_by_module','a:0:{}','3','2','admin','admin','By module','t','','128','','','','2','modules/system/system.admin.inc'),('admin/by-task','','','user_access','a:1:{i:0;s:27:\"access administration pages\";}','system_main_admin_page','a:0:{}','3','2','admin','admin','By task','t','','136','','','','0','modules/system/system.admin.inc'),('filter/tips','','','1','a:0:{}','filter_tips_long','a:0:{}','3','2','','filter/tips','Compose tips','t','','20','','','','0','modules/filter/filter.pages.inc'),('node/add','','','_node_add_access','a:0:{}','node_add_page','a:0:{}','3','2','','node/add','Create content','t','','6','','','','1','modules/node/node.pages.inc'),('comment/delete','','','user_access','a:1:{i:0;s:19:\"administer comments\";}','comment_delete','a:0:{}','3','2','','comment/delete','Delete comment','t','','4','','','','0','modules/comment/comment.admin.inc');
INSERT INTO `menu_router` VALUES ('comment/edit','','','user_access','a:1:{i:0;s:13:\"post comments\";}','comment_edit','a:0:{}','3','2','','comment/edit','Edit comment','t','','4','','','','0','modules/comment/comment.pages.inc'),('nodereference/autocomplete','','','nodereference_autocomplete_access','a:1:{i:0;i:2;}','nodereference_autocomplete','a:0:{}','3','2','','nodereference/autocomplete','Nodereference autocomplete','t','','4','','','','0',''),('admin/compact','','','user_access','a:1:{i:0;s:27:\"access administration pages\";}','system_admin_compact_page','a:0:{}','3','2','','admin/compact','Compact mode','t','','4','','','','0','modules/system/system.admin.inc'),('user/register','','','user_register_access','a:0:{}','drupal_get_form','a:1:{i:0;s:13:\"user_register\";}','3','2','user','user','Create new account','t','','128','','','','0','modules/user/user.pages.inc'),('admin/help','','','user_access','a:1:{i:0;s:27:\"access administration pages\";}','help_main','a:0:{}','3','2','','admin/help','Help','t','','6','','','','9','modules/help/help.admin.inc'),('user/password','','','user_is_anonymous','a:0:{}','drupal_get_form','a:1:{i:0;s:9:\"user_pass\";}','3','2','user','user','Request new password','t','','128','','','','0','modules/user/user.pages.inc'),('user/autocomplete','','','user_access','a:1:{i:0;s:20:\"access user profiles\";}','user_autocomplete','a:0:{}','3','2','','user/autocomplete','User autocomplete','t','','4','','','','0','modules/user/user.pages.inc'),('views/ajax','','','1','a:0:{}','views_ajax','a:0:{}','3','2','','views/ajax','Views','t','','4','','Ajax callback for view loading.','','0','sites/all/modules/views/includes/ajax.inc'),('admin/reports','','','user_access','a:1:{i:0;s:19:\"access site reports\";}','system_admin_menu_block_page','a:0:{}','3','2','','admin/reports','Reports','t','','6','','View reports from system logs and other status information.','left','5','modules/system/system.admin.inc'),('node/%','a:1:{i:1;s:9:\"node_load\";}','','node_access','a:2:{i:0;s:4:\"view\";i:1;i:1;}','node_page_view','a:1:{i:0;i:1;}','2','2','','node/%','','node_page_title','a:1:{i:0;i:1;}','4','','','','0','');
INSERT INTO `menu_router` VALUES ('admin/content','','','admin_landing_page_access','a:1:{i:0;s:13:\"admin/content\";}','system_admin_menu_block_page','a:0:{}','3','2','','admin/content','Content management','t','','6','','Manage your site\'s content.','left','-10','modules/system/system.admin.inc'),('admin/build','','','admin_landing_page_access','a:1:{i:0;s:11:\"admin/build\";}','system_admin_menu_block_page','a:0:{}','3','2','','admin/build','Site building','t','','6','','Control how your site looks and feels.','right','-10','modules/system/system.admin.inc'),('admin/settings','','','admin_landing_page_access','a:1:{i:0;s:14:\"admin/settings\";}','system_settings_overview','a:0:{}','3','2','','admin/settings','Site configuration','t','','6','','Adjust basic site configuration options.','right','-5','modules/system/system.admin.inc'),('user/%','a:1:{i:1;s:22:\"user_uid_optional_load\";}','a:1:{i:1;s:24:\"user_uid_optional_to_arg\";}','user_view_access','a:1:{i:0;i:1;}','user_view','a:1:{i:0;i:1;}','2','2','','user/%','My account','user_page_title','a:1:{i:0;i:1;}','6','','','','0','modules/user/user.pages.inc'),('admin/user','','','admin_landing_page_access','a:1:{i:0;s:10:\"admin/user\";}','system_admin_menu_block_page','a:0:{}','3','2','','admin/user','User management','t','','6','','Manage your site\'s users, groups and access to site features.','left','0','modules/system/system.admin.inc'),('node/%/view','a:1:{i:1;s:9:\"node_load\";}','','node_access','a:2:{i:0;s:4:\"view\";i:1;i:1;}','node_page_view','a:1:{i:0;i:1;}','5','3','node/%','node/%','View','t','','136','','','','-10',''),('user/%/view','a:1:{i:1;s:9:\"user_load\";}','','user_view_access','a:1:{i:0;i:1;}','user_view','a:1:{i:0;i:1;}','5','3','user/%','user/%','View','t','','136','','','','-10','modules/user/user.pages.inc'),('system/files/imagecache','','','1','a:0:{}','imagecache_cache_private','a:0:{}','7','3','','system/files/imagecache','','t','','4','','','','0',''),('help/%/%','a:2:{i:1;N;i:2;N;}','','user_access','a:1:{i:0;s:24:\"view advanced help topic\";}','advanced_help_topic_page','a:2:{i:0;i:1;i:1;i:2;}','4','3','','help/%/%','','t','','4','','','','0','');
INSERT INTO `menu_router` VALUES ('ctools/autocomplete/node','','','user_access','a:1:{i:0;s:14:\"access content\";}','ctools_content_autocomplete_node','a:0:{}','7','3','','ctools/autocomplete/node','','t','','4','','','','0','sites/all/modules/ctools/includes/content.menu.inc'),('advanced_help/search/%','a:1:{i:2;N;}','a:1:{i:2;s:16:\"menu_tail_to_arg\";}','user_access','a:1:{i:0;s:24:\"view advanced help index\";}','advanced_help_search_view','a:1:{i:0;s:13:\"advanced_help\";}','6','3','','advanced_help/search/%','Search help','t','','6','','','','0',''),('admin/settings/actions','','','user_access','a:1:{i:0;s:18:\"administer actions\";}','system_actions_manage','a:0:{}','7','3','','admin/settings/actions','Actions','t','','6','','Manage the actions defined for your site.','','0',''),('taxonomy/term/%','a:1:{i:2;N;}','','user_access','a:1:{i:0;s:14:\"access content\";}','taxonomy_term_page','a:1:{i:0;i:2;}','6','3','','taxonomy/term/%','Taxonomy term','t','','4','','','','0','modules/taxonomy/taxonomy.pages.inc'),('admin/user/rules','','','user_access','a:1:{i:0;s:22:\"administer permissions\";}','user_admin_access','a:0:{}','7','3','','admin/user/rules','Access rules','t','','6','','List and create rules to disallow usernames, e-mail addresses, and IP addresses.','','0','modules/user/user.admin.inc'),('admin/reports/updates','','','user_access','a:1:{i:0;s:29:\"administer site configuration\";}','update_status','a:0:{}','7','3','','admin/reports/updates','Available updates','t','','6','','Get a status report about available updates for your installed modules and themes.','','10','modules/update/update.report.inc'),('admin/content/backup_migrate','','','user_access','a:1:{i:0;s:25:\"access backup and migrate\";}','backup_migrate_menu_callback','a:3:{i:0;s:0:\"\";i:1;s:37:\"backup_migrate_ui_manual_backup_quick\";i:2;b:1;}','7','3','','admin/content/backup_migrate','Backup and Migrate','t','','6','','Backup/restore your database or migrate data to or from another Drupal site.','','0',''),('admin/build/block','','','user_access','a:1:{i:0;s:17:\"administer blocks\";}','block_admin_display','a:0:{}','7','3','','admin/build/block','Blocks','t','','6','','Configure what block content appears in your site\'s sidebars and other regions.','','0','modules/block/block.admin.inc');
INSERT INTO `menu_router` VALUES ('admin/content/comment','','','user_access','a:1:{i:0;s:19:\"administer comments\";}','comment_admin','a:0:{}','7','3','','admin/content/comment','Comments','t','','6','','List and edit site comments and the comment moderation queue.','','0','modules/comment/comment.admin.inc'),('user/%/contact','a:1:{i:1;s:9:\"user_load\";}','','_contact_user_tab_access','a:1:{i:0;i:1;}','contact_user_page','a:1:{i:0;i:1;}','5','3','user/%','user/%','Contact','t','','128','','','','2','modules/contact/contact.pages.inc'),('admin/build/contact','','','user_access','a:1:{i:0;s:33:\"administer site-wide contact form\";}','contact_admin_categories','a:0:{}','7','3','','admin/build/contact','Contact form','t','','6','','Create a system contact form and set up categories for the form to use.','','0','modules/contact/contact.admin.inc'),('node/%/delete','a:1:{i:1;s:9:\"node_load\";}','','node_access','a:2:{i:0;s:6:\"delete\";i:1;i:1;}','drupal_get_form','a:2:{i:0;s:19:\"node_delete_confirm\";i:1;i:1;}','5','3','','node/%/delete','Delete','t','','4','','','','1','modules/node/node.pages.inc'),('user/%/delete','a:1:{i:1;s:9:\"user_load\";}','','user_access','a:1:{i:0;s:16:\"administer users\";}','drupal_get_form','a:2:{i:0;s:19:\"user_confirm_delete\";i:1;i:1;}','5','3','','user/%/delete','Delete','t','','4','','','','0','modules/user/user.pages.inc'),('node/%/edit','a:1:{i:1;s:9:\"node_load\";}','','node_access','a:2:{i:0;s:6:\"update\";i:1;i:1;}','node_page_edit','a:1:{i:0;i:1;}','5','3','node/%','node/%','Edit','t','','128','','','','1','modules/node/node.pages.inc'),('admin/settings/imageapi','','','user_access','a:1:{i:0;s:19:\"administer imageapi\";}','drupal_get_form','a:1:{i:0;s:17:\"imageapi_settings\";}','7','3','','admin/settings/imageapi','ImageAPI','t','','6','','Configure ImageAPI.','','0',''),('admin/build/imagecache','','','user_access','a:1:{i:0;s:21:\"administer imagecache\";}','imagecache_ui_preset_overview','a:0:{}','7','3','','admin/build/imagecache','ImageCache','t','','6','','Administer imagecache presets and actions.','','0','sites/all/modules/imagecache/imagecache_ui.pages.inc');
INSERT INTO `menu_router` VALUES ('admin/settings/logging','','','user_access','a:1:{i:0;s:29:\"administer site configuration\";}','system_logging_overview','a:0:{}','7','3','','admin/settings/logging','Logging and alerts','t','','6','','Settings for logging and alerts modules. Various modules can route Drupal\'s system events to different destination, such as syslog, database, email, ...etc.','','0','modules/system/system.admin.inc'),('admin/reports/dblog','','','user_access','a:1:{i:0;s:19:\"access site reports\";}','dblog_overview','a:0:{}','7','3','','admin/reports/dblog','Recent log entries','t','','6','','View events that have recently been logged.','','-1','modules/dblog/dblog.admin.inc'),('comment/reply/%','a:1:{i:2;s:9:\"node_load\";}','','node_access','a:2:{i:0;s:4:\"view\";i:1;i:2;}','comment_reply','a:1:{i:0;i:2;}','6','3','','comment/reply/%','Reply to comment','t','','4','','','','0','modules/comment/comment.pages.inc'),('node/%/revisions','a:1:{i:1;s:9:\"node_load\";}','','_node_revision_access','a:1:{i:0;i:1;}','node_revision_overview','a:1:{i:0;i:1;}','5','3','node/%','node/%','Revisions','t','','128','','','','2','modules/node/node.pages.inc'),('admin/reports/status','','','user_access','a:1:{i:0;s:29:\"administer site configuration\";}','system_status','a:0:{}','7','3','','admin/reports/status','Status report','t','','6','','Get a status report about your site\'s operation and any detected problems.','','10','modules/system/system.admin.inc'),('admin/build/path','','','user_access','a:1:{i:0;s:22:\"administer url aliases\";}','path_admin_overview','a:0:{}','7','3','','admin/build/path','URL aliases','t','','6','','Change your site\'s URL paths by aliasing them.','','0','modules/path/path.admin.inc'),('admin/help/backup_migrate','','','user_access','a:1:{i:0;s:27:\"access administration pages\";}','help_page','a:1:{i:0;i:2;}','7','3','','admin/help/backup_migrate','backup_migrate','t','','4','','','','0','modules/help/help.admin.inc'),('admin/help/block','','','user_access','a:1:{i:0;s:27:\"access administration pages\";}','help_page','a:1:{i:0;i:2;}','7','3','','admin/help/block','block','t','','4','','','','0','modules/help/help.admin.inc');
INSERT INTO `menu_router` VALUES ('admin/help/comment','','','user_access','a:1:{i:0;s:27:\"access administration pages\";}','help_page','a:1:{i:0;i:2;}','7','3','','admin/help/comment','comment','t','','4','','','','0','modules/help/help.admin.inc'),('admin/help/contact','','','user_access','a:1:{i:0;s:27:\"access administration pages\";}','help_page','a:1:{i:0;i:2;}','7','3','','admin/help/contact','contact','t','','4','','','','0','modules/help/help.admin.inc'),('admin/help/content','','','user_access','a:1:{i:0;s:27:\"access administration pages\";}','help_page','a:1:{i:0;i:2;}','7','3','','admin/help/content','content','t','','4','','','','0','modules/help/help.admin.inc'),('admin/help/context','','','user_access','a:1:{i:0;s:27:\"access administration pages\";}','help_page','a:1:{i:0;i:2;}','7','3','','admin/help/context','context','t','','4','','','','0','modules/help/help.admin.inc'),('admin/help/context_ui','','','user_access','a:1:{i:0;s:27:\"access administration pages\";}','help_page','a:1:{i:0;i:2;}','7','3','','admin/help/context_ui','context_ui','t','','4','','','','0','modules/help/help.admin.inc'),('admin/help/date','','','user_access','a:1:{i:0;s:27:\"access administration pages\";}','help_page','a:1:{i:0;i:2;}','7','3','','admin/help/date','date','t','','4','','','','0','modules/help/help.admin.inc'),('admin/help/dblog','','','user_access','a:1:{i:0;s:27:\"access administration pages\";}','help_page','a:1:{i:0;i:2;}','7','3','','admin/help/dblog','dblog','t','','4','','','','0','modules/help/help.admin.inc'),('admin/help/filter','','','user_access','a:1:{i:0;s:27:\"access administration pages\";}','help_page','a:1:{i:0;i:2;}','7','3','','admin/help/filter','filter','t','','4','','','','0','modules/help/help.admin.inc'),('admin/help/help','','','user_access','a:1:{i:0;s:27:\"access administration pages\";}','help_page','a:1:{i:0;i:2;}','7','3','','admin/help/help','help','t','','4','','','','0','modules/help/help.admin.inc'),('admin/help/imagecache_ui','','','user_access','a:1:{i:0;s:27:\"access administration pages\";}','help_page','a:1:{i:0;i:2;}','7','3','','admin/help/imagecache_ui','imagecache_ui','t','','4','','','','0','modules/help/help.admin.inc');
INSERT INTO `menu_router` VALUES ('admin/settings/jquery_update','','','user_access','a:1:{i:0;s:29:\"administer site configuration\";}','drupal_get_form','a:1:{i:0;s:22:\"jquery_update_settings\";}','7','3','','admin/settings/jquery_update','jQuery Update','t','','6','','Configure settings for jQuery Update module.','','0',''),('admin/help/menu','','','user_access','a:1:{i:0;s:27:\"access administration pages\";}','help_page','a:1:{i:0;i:2;}','7','3','','admin/help/menu','menu','t','','4','','','','0','modules/help/help.admin.inc'),('admin/help/node','','','user_access','a:1:{i:0;s:27:\"access administration pages\";}','help_page','a:1:{i:0;i:2;}','7','3','','admin/help/node','node','t','','4','','','','0','modules/help/help.admin.inc'),('admin/help/path','','','user_access','a:1:{i:0;s:27:\"access administration pages\";}','help_page','a:1:{i:0;i:2;}','7','3','','admin/help/path','path','t','','4','','','','0','modules/help/help.admin.inc'),('admin/help/pathauto','','','user_access','a:1:{i:0;s:27:\"access administration pages\";}','help_page','a:1:{i:0;i:2;}','7','3','','admin/help/pathauto','pathauto','t','','4','','','','0','modules/help/help.admin.inc'),('admin/help/search','','','user_access','a:1:{i:0;s:27:\"access administration pages\";}','help_page','a:1:{i:0;i:2;}','7','3','','admin/help/search','search','t','','4','','','','0','modules/help/help.admin.inc'),('admin/help/site_map','','','user_access','a:1:{i:0;s:27:\"access administration pages\";}','help_page','a:1:{i:0;i:2;}','7','3','','admin/help/site_map','site_map','t','','4','','','','0','modules/help/help.admin.inc'),('admin/help/system','','','user_access','a:1:{i:0;s:27:\"access administration pages\";}','help_page','a:1:{i:0;i:2;}','7','3','','admin/help/system','system','t','','4','','','','0','modules/help/help.admin.inc'),('admin/help/taxonomy','','','user_access','a:1:{i:0;s:27:\"access administration pages\";}','help_page','a:1:{i:0;i:2;}','7','3','','admin/help/taxonomy','taxonomy','t','','4','','','','0','modules/help/help.admin.inc'),('admin/help/token','','','user_access','a:1:{i:0;s:27:\"access administration pages\";}','help_page','a:1:{i:0;i:2;}','7','3','','admin/help/token','token','t','','4','','','','0','modules/help/help.admin.inc');
INSERT INTO `menu_router` VALUES ('admin/help/update','','','user_access','a:1:{i:0;s:27:\"access administration pages\";}','help_page','a:1:{i:0;i:2;}','7','3','','admin/help/update','update','t','','4','','','','0','modules/help/help.admin.inc'),('admin/help/user','','','user_access','a:1:{i:0;s:27:\"access administration pages\";}','help_page','a:1:{i:0;i:2;}','7','3','','admin/help/user','user','t','','4','','','','0','modules/help/help.admin.inc'),('admin/help/views_ui','','','user_access','a:1:{i:0;s:27:\"access administration pages\";}','help_page','a:1:{i:0;i:2;}','7','3','','admin/help/views_ui','views_ui','t','','4','','','','0','modules/help/help.admin.inc'),('admin/help/xmlsitemap','','','user_access','a:1:{i:0;s:27:\"access administration pages\";}','help_page','a:1:{i:0;i:2;}','7','3','','admin/help/xmlsitemap','xmlsitemap','t','','4','','','','0','modules/help/help.admin.inc'),('admin/settings/clean-urls','','','user_access','a:1:{i:0;s:29:\"administer site configuration\";}','drupal_get_form','a:1:{i:0;s:25:\"system_clean_url_settings\";}','7','3','','admin/settings/clean-urls','Clean URLs','t','','6','','Enable or disable clean URLs for your site.','','0','modules/system/system.admin.inc'),('admin/content/node','','','user_access','a:1:{i:0;s:16:\"administer nodes\";}','drupal_get_form','a:1:{i:0;s:18:\"node_admin_content\";}','7','3','','admin/content/node','Content','t','','6','','View, edit, and delete your site\'s content.','','0','modules/node/node.admin.inc'),('admin/content/types','','','user_access','a:1:{i:0;s:24:\"administer content types\";}','content_types_overview','a:0:{}','7','3','','admin/content/types','Content types','t','','6','','Manage posts by content type, including default status, front page promotion, etc.','','0','sites/all/modules/cck/includes/content.admin.inc'),('admin/settings/date-time','','','user_access','a:1:{i:0;s:29:\"administer site configuration\";}','drupal_get_form','a:1:{i:0;s:25:\"system_date_time_settings\";}','7','3','','admin/settings/date-time','Date and time','t','','6','','Settings for how Drupal displays date and time, as well as the system\'s default timezone.','','0','modules/system/system.admin.inc');
INSERT INTO `menu_router` VALUES ('user/%/edit','a:1:{i:1;a:1:{s:18:\"user_category_load\";a:2:{i:0;s:4:\"%map\";i:1;s:6:\"%index\";}}}','','user_edit_access','a:1:{i:0;i:1;}','user_edit','a:1:{i:0;i:1;}','5','3','user/%','user/%','Edit','t','','128','','','','0','modules/user/user.pages.inc'),('admin/settings/error-reporting','','','user_access','a:1:{i:0;s:29:\"administer site configuration\";}','drupal_get_form','a:1:{i:0;s:31:\"system_error_reporting_settings\";}','7','3','','admin/settings/error-reporting','Error reporting','t','','6','','Control how Drupal deals with errors including 403/404 errors as well as PHP error reporting.','','0','modules/system/system.admin.inc'),('admin/settings/file-system','','','user_access','a:1:{i:0;s:29:\"administer site configuration\";}','drupal_get_form','a:1:{i:0;s:27:\"system_file_system_settings\";}','7','3','','admin/settings/file-system','File system','t','','6','','Tell Drupal where to store uploaded files and how they are accessed.','','0','modules/system/system.admin.inc'),('admin/settings/image-toolkit','','','user_access','a:1:{i:0;s:29:\"administer site configuration\";}','drupal_get_form','a:1:{i:0;s:29:\"system_image_toolkit_settings\";}','7','3','','admin/settings/image-toolkit','Image toolkit','t','','6','','Choose which image toolkit to use if you have installed optional toolkits.','','0','modules/system/system.admin.inc'),('admin/settings/filters','','','user_access','a:1:{i:0;s:18:\"administer filters\";}','drupal_get_form','a:1:{i:0;s:21:\"filter_admin_overview\";}','7','3','','admin/settings/filters','Input formats','t','','6','','Configure how content input by users is filtered, including allowed HTML tags. Also allows enabling of module-provided filters.','','0','modules/filter/filter.admin.inc'),('admin/build/menu','','','user_access','a:1:{i:0;s:15:\"administer menu\";}','menu_overview_page','a:0:{}','7','3','','admin/build/menu','Menus','t','','6','','Control your site\'s navigation menu, primary links and secondary links, as well as rename and reorganize menu items.','','0','modules/menu/menu.admin.inc');
INSERT INTO `menu_router` VALUES ('admin/build/modules','','','user_access','a:1:{i:0;s:29:\"administer site configuration\";}','drupal_get_form','a:1:{i:0;s:14:\"system_modules\";}','7','3','','admin/build/modules','Modules','t','','6','','Enable or disable add-on modules for your site.','','0','modules/system/system.admin.inc'),('admin/settings/performance','','','user_access','a:1:{i:0;s:29:\"administer site configuration\";}','drupal_get_form','a:1:{i:0;s:27:\"system_performance_settings\";}','7','3','','admin/settings/performance','Performance','t','','6','','Enable or disable page caching for anonymous users and set CSS and JS bandwidth optimization options.','','0','modules/system/system.admin.inc'),('admin/user/permissions','','','user_access','a:1:{i:0;s:22:\"administer permissions\";}','drupal_get_form','a:1:{i:0;s:15:\"user_admin_perm\";}','7','3','','admin/user/permissions','Permissions','t','','6','','Determine access to features by selecting permissions for roles.','','0','modules/user/user.admin.inc'),('admin/content/node-settings','','','user_access','a:1:{i:0;s:16:\"administer nodes\";}','drupal_get_form','a:1:{i:0;s:14:\"node_configure\";}','7','3','','admin/content/node-settings','Post settings','t','','6','','Control posting behavior, such as teaser length, requiring previews before posting, and the number of posts on the front page.','','0','modules/node/node.admin.inc'),('admin/content/rss-publishing','','','user_access','a:1:{i:0;s:29:\"administer site configuration\";}','drupal_get_form','a:1:{i:0;s:25:\"system_rss_feeds_settings\";}','7','3','','admin/content/rss-publishing','RSS publishing','t','','6','','Configure the number of items per feed and whether feeds should be titles/teasers/full-text.','','0','modules/system/system.admin.inc'),('admin/user/roles','','','user_access','a:1:{i:0;s:22:\"administer permissions\";}','drupal_get_form','a:1:{i:0;s:19:\"user_admin_new_role\";}','7','3','','admin/user/roles','Roles','t','','6','','List, edit, or add user roles.','','0','modules/user/user.admin.inc');
INSERT INTO `menu_router` VALUES ('admin/settings/search','','','user_access','a:1:{i:0;s:17:\"administer search\";}','drupal_get_form','a:1:{i:0;s:21:\"search_admin_settings\";}','7','3','','admin/settings/search','Search settings','t','','6','','Configure relevance settings for search and other indexing options','','0','modules/search/search.admin.inc'),('admin/settings/site-information','','','user_access','a:1:{i:0;s:29:\"administer site configuration\";}','drupal_get_form','a:1:{i:0;s:32:\"system_site_information_settings\";}','7','3','','admin/settings/site-information','Site information','t','','6','','Change basic site information, such as the site name, slogan, e-mail address, mission, front page and more.','','0','modules/system/system.admin.inc'),('admin/settings/site-maintenance','','','user_access','a:1:{i:0;s:29:\"administer site configuration\";}','drupal_get_form','a:1:{i:0;s:32:\"system_site_maintenance_settings\";}','7','3','','admin/settings/site-maintenance','Site maintenance','t','','6','','Take the site off-line for maintenance or bring it back online.','','0','modules/system/system.admin.inc'),('admin/settings/sitemap','','','user_access','a:1:{i:0;s:29:\"administer site configuration\";}','drupal_get_form','a:1:{i:0;s:23:\"site_map_admin_settings\";}','7','3','','admin/settings/sitemap','Site map','t','','6','','Control what should be displayed on the site map.','','0','sites/all/modules/site_map/site_map.admin.inc'),('admin/content/taxonomy','','','user_access','a:1:{i:0;s:19:\"administer taxonomy\";}','drupal_get_form','a:1:{i:0;s:30:\"taxonomy_overview_vocabularies\";}','7','3','','admin/content/taxonomy','Taxonomy','t','','6','','Manage tagging, categorization, and classification of your content.','','0','modules/taxonomy/taxonomy.admin.inc'),('admin/build/themes','','','user_access','a:1:{i:0;s:29:\"administer site configuration\";}','drupal_get_form','a:2:{i:0;s:18:\"system_themes_form\";i:1;N;}','7','3','','admin/build/themes','Themes','t','','6','','Change which theme your site uses or allows users to set.','','0','modules/system/system.admin.inc');
INSERT INTO `menu_router` VALUES ('admin/reports/access-denied','','','user_access','a:1:{i:0;s:19:\"access site reports\";}','dblog_top','a:1:{i:0;s:13:\"access denied\";}','7','3','','admin/reports/access-denied','Top \'access denied\' errors','t','','6','','View \'access denied\' errors (403s).','','0','modules/dblog/dblog.admin.inc'),('admin/reports/page-not-found','','','user_access','a:1:{i:0;s:19:\"access site reports\";}','dblog_top','a:1:{i:0;s:14:\"page not found\";}','7','3','','admin/reports/page-not-found','Top \'page not found\' errors','t','','6','','View \'page not found\' errors (404s).','','0','modules/dblog/dblog.admin.inc'),('admin/user/settings','','','user_access','a:1:{i:0;s:16:\"administer users\";}','drupal_get_form','a:1:{i:0;s:19:\"user_admin_settings\";}','7','3','','admin/user/settings','User settings','t','','6','','Configure default behavior of users, including registration requirements, e-mails, and user pictures.','','0','modules/user/user.admin.inc'),('admin/user/user','','','user_access','a:1:{i:0;s:16:\"administer users\";}','user_admin','a:1:{i:0;s:4:\"list\";}','7','3','','admin/user/user','Users','t','','6','','List, add, and edit users.','','0','modules/user/user.admin.inc'),('admin/settings/xmlsitemap','','','user_access','a:1:{i:0;s:21:\"administer xmlsitemap\";}','drupal_get_form','a:1:{i:0;s:28:\"xmlsitemap_sitemap_list_form\";}','7','3','','admin/settings/xmlsitemap','XML sitemap','t','','6','','Configure your site\'s XML sitemaps to help search engines find and index pages on your site.','','0','sites/all/modules/xmlsitemap/xmlsitemap.admin.inc'),('admin/build/views','','','user_access','a:1:{i:0;s:16:\"administer views\";}','views_ui_list_views','a:0:{}','7','3','','admin/build/views','Views','t','','6','','Views are customized lists of content on your system; they are highly configurable and give you control over how lists of content are presented.','','0','sites/all/modules/views/includes/admin.inc'),('admin/settings/admin','','','user_access','a:1:{i:0;s:29:\"administer site configuration\";}','drupal_get_form','a:1:{i:0;s:19:\"admin_settings_form\";}','7','3','','admin/settings/admin','Administration tools','t','','6','','Settings for site administration tools.','','0','sites/all/modules/admin/admin.admin.inc');
INSERT INTO `menu_router` VALUES ('node/add/page','','','node_access','a:2:{i:0;s:6:\"create\";i:1;s:4:\"page\";}','node_add','a:1:{i:0;i:2;}','7','3','','node/add/page','Page','check_plain','','6','','A <em>page</em>, similar in form to a <em>story</em>, is a simple method for creating and displaying information that rarely changes, such as an \"About us\" section of a website. By default, a <em>page</em> entry does not allow visitor comments and is not featured on the site\'s initial home page.','','0','modules/node/node.pages.inc'),('node/add/story','','','node_access','a:2:{i:0;s:6:\"create\";i:1;s:5:\"story\";}','node_add','a:1:{i:0;i:2;}','7','3','','node/add/story','Story','check_plain','','6','','A <em>story</em>, similar in form to a <em>page</em>, is ideal for creating and displaying content that informs or engages website visitors. Press releases, site announcements, and informal blog-like entries may all be created with a <em>story</em> entry. By default, a <em>story</em> entry is automatically featured on the site\'s initial home page, and provides the ability to post comments.','','0','modules/node/node.pages.inc'),('admin/reports/search','','','user_access','a:1:{i:0;s:19:\"access site reports\";}','dblog_top','a:1:{i:0;s:6:\"search\";}','7','3','','admin/reports/search','Top search phrases','t','','6','','View most popular search phrases.','','0','modules/dblog/dblog.admin.inc'),('search/advanced_help/%','a:1:{i:2;N;}','a:1:{i:2;s:16:\"menu_tail_to_arg\";}','user_access','a:1:{i:0;s:24:\"view advanced help index\";}','search_view','a:1:{i:0;s:13:\"advanced_help\";}','6','3','search','search','','module_invoke','a:4:{i:0;s:13:\"advanced_help\";i:1;s:6:\"search\";i:2;s:4:\"name\";i:3;b:1;}','128','','','','0','modules/search/search.pages.inc'),('admin/build/context','','','ctools_export_ui_task_access','a:2:{i:0;s:7:\"context\";i:1;s:4:\"list\";}','ctools_export_ui_switcher_page','a:2:{i:0;s:7:\"context\";i:1;s:4:\"list\";}','7','3','','admin/build/context','Context','t','','6','','Associate menus, views, blocks, etc. with different contexts to structure your site.','','0','sites/all/modules/ctools/includes/export-ui.inc');
INSERT INTO `menu_router` VALUES ('search/node/%','a:1:{i:2;N;}','a:1:{i:2;s:16:\"menu_tail_to_arg\";}','_search_menu','a:1:{i:0;s:4:\"node\";}','search_view','a:1:{i:0;s:4:\"node\";}','6','3','search','search','','module_invoke','a:4:{i:0;s:4:\"node\";i:1;s:6:\"search\";i:2;s:4:\"name\";i:3;b:1;}','128','','','','0','modules/search/search.pages.inc'),('search/user/%','a:1:{i:2;N;}','a:1:{i:2;s:16:\"menu_tail_to_arg\";}','_search_menu','a:1:{i:0;s:4:\"user\";}','search_view','a:1:{i:0;s:4:\"user\";}','6','3','search','search','','module_invoke','a:4:{i:0;s:4:\"user\";i:1;s:6:\"search\";i:2;s:4:\"name\";i:3;b:1;}','128','','','','0','modules/search/search.pages.inc'),('admin/build/block/list','','','user_access','a:1:{i:0;s:17:\"administer blocks\";}','block_admin_display','a:0:{}','15','4','admin/build/block','admin/build/block','List','t','','136','','','','-10','modules/block/block.admin.inc'),('admin/build/imagecache/list','','','user_access','a:1:{i:0;s:21:\"administer imagecache\";}','imagecache_ui_preset_overview','a:0:{}','15','4','admin/build/imagecache','admin/build/imagecache','List','t','','136','','','','-10','sites/all/modules/imagecache/imagecache_ui.pages.inc'),('admin/content/node/overview','','','user_access','a:1:{i:0;s:16:\"administer nodes\";}','drupal_get_form','a:1:{i:0;s:18:\"node_admin_content\";}','15','4','admin/content/node','admin/content/node','List','t','','136','','','','-10','modules/node/node.admin.inc'),('admin/content/types/list','','','user_access','a:1:{i:0;s:24:\"administer content types\";}','content_types_overview','a:0:{}','15','4','admin/content/types','admin/content/types','List','t','','136','','','','-10','sites/all/modules/cck/includes/content.admin.inc'),('admin/build/path/list','','','user_access','a:1:{i:0;s:22:\"administer url aliases\";}','path_admin_overview','a:0:{}','15','4','admin/build/path','admin/build/path','List','t','','136','','','','-10','modules/path/path.admin.inc'),('admin/build/modules/list','','','user_access','a:1:{i:0;s:29:\"administer site configuration\";}','drupal_get_form','a:1:{i:0;s:14:\"system_modules\";}','15','4','admin/build/modules','admin/build/modules','List','t','','136','','','','0','modules/system/system.admin.inc');
INSERT INTO `menu_router` VALUES ('admin/content/taxonomy/list','','','user_access','a:1:{i:0;s:19:\"administer taxonomy\";}','drupal_get_form','a:1:{i:0;s:30:\"taxonomy_overview_vocabularies\";}','15','4','admin/content/taxonomy','admin/content/taxonomy','List','t','','136','','','','-10','modules/taxonomy/taxonomy.admin.inc'),('admin/user/rules/list','','','user_access','a:1:{i:0;s:22:\"administer permissions\";}','user_admin_access','a:0:{}','15','4','admin/user/rules','admin/user/rules','List','t','','136','','','','-10','modules/user/user.admin.inc'),('admin/user/user/list','','','user_access','a:1:{i:0;s:16:\"administer users\";}','user_admin','a:1:{i:0;s:4:\"list\";}','15','4','admin/user/user','admin/user/user','List','t','','136','','','','-10','modules/user/user.admin.inc'),('admin/settings/xmlsitemap/list','','','user_access','a:1:{i:0;s:21:\"administer xmlsitemap\";}','drupal_get_form','a:1:{i:0;s:28:\"xmlsitemap_sitemap_list_form\";}','15','4','admin/settings/xmlsitemap','admin/settings/xmlsitemap','List','t','','136','','','','-10','sites/all/modules/xmlsitemap/xmlsitemap.admin.inc'),('admin/settings/imageapi/list','','','user_access','a:1:{i:0;s:19:\"administer imageapi\";}','drupal_get_form','a:1:{i:0;s:17:\"imageapi_settings\";}','15','4','admin/settings/imageapi','admin/settings/imageapi','List','t','','136','','','','-1',''),('admin/settings/filters/list','','','user_access','a:1:{i:0;s:18:\"administer filters\";}','drupal_get_form','a:1:{i:0;s:21:\"filter_admin_overview\";}','15','4','admin/settings/filters','admin/settings/filters','List','t','','136','','','','0','modules/filter/filter.admin.inc'),('admin/content/comment/new','','','user_access','a:1:{i:0;s:19:\"administer comments\";}','comment_admin','a:0:{}','15','4','admin/content/comment','admin/content/comment','Published comments','t','','136','','','','-10','modules/comment/comment.admin.inc'),('user/%/edit/account','a:1:{i:1;a:1:{s:18:\"user_category_load\";a:2:{i:0;s:4:\"%map\";i:1;s:6:\"%index\";}}}','','user_edit_access','a:1:{i:0;i:1;}','user_edit','a:1:{i:0;i:1;}','11','4','user/%/edit','user/%','Account','t','','136','','','','0','modules/user/user.pages.inc');
INSERT INTO `menu_router` VALUES ('admin/build/themes/select','','','user_access','a:1:{i:0;s:29:\"administer site configuration\";}','drupal_get_form','a:2:{i:0;s:18:\"system_themes_form\";i:1;N;}','15','4','admin/build/themes','admin/build/themes','List','t','','136','','Select the default theme.','','-1','modules/system/system.admin.inc'),('admin/build/menu/list','','','user_access','a:1:{i:0;s:15:\"administer menu\";}','menu_overview_page','a:0:{}','15','4','admin/build/menu','admin/build/menu','List menus','t','','136','','','','-10','modules/menu/menu.admin.inc'),('sites/sobg.local/files/imagecache','','','_imagecache_menu_access_public_files','a:0:{}','imagecache_cache','a:0:{}','15','4','','sites/sobg.local/files/imagecache','','t','','4','','','','0',''),('admin/build/themes/settings','','','user_access','a:1:{i:0;s:29:\"administer site configuration\";}','drupal_get_form','a:1:{i:0;s:21:\"system_theme_settings\";}','15','4','admin/build/themes','admin/build/themes','Configure','t','','128','','','','0','modules/system/system.admin.inc'),('admin/build/contact/list','','','user_access','a:1:{i:0;s:33:\"administer site-wide contact form\";}','contact_admin_categories','a:0:{}','15','4','admin/build/contact','admin/build/contact','List','t','','136','','','','0','modules/contact/contact.admin.inc'),('admin/settings/actions/manage','','','user_access','a:1:{i:0;s:18:\"administer actions\";}','system_actions_manage','a:0:{}','15','4','admin/settings/actions','admin/settings/actions','Manage actions','t','','136','','Manage the actions defined for your site.','','-2',''),('admin/build/modules/uninstall','','','user_access','a:1:{i:0;s:29:\"administer site configuration\";}','drupal_get_form','a:1:{i:0;s:24:\"system_modules_uninstall\";}','15','4','admin/build/modules','admin/build/modules','Uninstall','t','','128','','','','0','modules/system/system.admin.inc'),('ctools/context/ajax/delete','','','user_access','a:1:{i:0;s:14:\"access content\";}','ctools_context_ajax_item_delete','a:0:{}','15','4','','ctools/context/ajax/delete','','t','','4','','','','0','sites/all/modules/ctools/includes/context-admin.inc');
INSERT INTO `menu_router` VALUES ('ctools/context/ajax/configure','','','user_access','a:1:{i:0;s:14:\"access content\";}','ctools_context_ajax_item_edit','a:0:{}','15','4','','ctools/context/ajax/configure','','t','','4','','','','0','sites/all/modules/ctools/includes/context-admin.inc'),('admin/build/path/add','','','user_access','a:1:{i:0;s:22:\"administer url aliases\";}','path_admin_edit','a:0:{}','15','4','admin/build/path','admin/build/path','Add alias','t','','128','','','','0','modules/path/path.admin.inc'),('admin/settings/filters/add','','','user_access','a:1:{i:0;s:18:\"administer filters\";}','filter_admin_format_page','a:0:{}','15','4','admin/settings/filters','admin/settings/filters','Add input format','t','','128','','','','1','modules/filter/filter.admin.inc'),('admin/user/rules/add','','','user_access','a:1:{i:0;s:22:\"administer permissions\";}','user_admin_access_add','a:0:{}','15','4','admin/user/rules','admin/user/rules','Add rule','t','','128','','','','0','modules/user/user.admin.inc'),('admin/user/user/create','','','user_access','a:1:{i:0;s:16:\"administer users\";}','user_admin','a:1:{i:0;s:6:\"create\";}','15','4','admin/user/user','admin/user/user','Add user','t','','128','','','','0','modules/user/user.admin.inc'),('admin/content/comment/approval','','','user_access','a:1:{i:0;s:19:\"administer comments\";}','comment_admin','a:1:{i:0;s:8:\"approval\";}','15','4','admin/content/comment','admin/content/comment','Approval queue','t','','128','','','','0','modules/comment/comment.admin.inc'),('ctools/context/ajax/add','','','user_access','a:1:{i:0;s:14:\"access content\";}','ctools_context_ajax_item_add','a:0:{}','15','4','','ctools/context/ajax/add','','t','','4','','','','0','sites/all/modules/ctools/includes/context-admin.inc'),('admin/user/rules/check','','','user_access','a:1:{i:0;s:22:\"administer permissions\";}','user_admin_access_check','a:0:{}','15','4','admin/user/rules','admin/user/rules','Check rules','t','','128','','','','0','modules/user/user.admin.inc'),('admin/settings/imageapi/config','','','user_access','a:1:{i:0;s:19:\"administer imageapi\";}','drupal_get_form','a:1:{i:0;s:25:\"imageapi_gd_settings_form\";}','15','4','admin/settings/imageapi','admin/settings/imageapi','Configure','t','','128','','','','0','');
INSERT INTO `menu_router` VALUES ('admin/content/backup_migrate/destination','','','user_access','a:1:{i:0;s:29:\"administer backup and migrate\";}','backup_migrate_menu_callback','a:3:{i:0;s:4:\"crud\";i:1;s:27:\"backup_migrate_crud_ui_list\";i:2;b:1;}','15','4','admin/content/backup_migrate','admin/content/backup_migrate','Destinations','t','','128','','','','2',''),('admin/content/types/fields','','','user_access','a:1:{i:0;s:24:\"administer content types\";}','content_fields_list','a:0:{}','15','4','admin/content/types','admin/content/types','Fields','t','','128','','','','0','sites/all/modules/cck/includes/content.admin.inc'),('admin/reports/updates/list','','','user_access','a:1:{i:0;s:29:\"administer site configuration\";}','update_status','a:0:{}','15','4','admin/reports/updates','admin/reports/updates','List','t','','136','','','','0','modules/update/update.report.inc'),('admin/content/backup_migrate/profile','','','user_access','a:1:{i:0;s:29:\"administer backup and migrate\";}','backup_migrate_menu_callback','a:3:{i:0;s:4:\"crud\";i:1;s:27:\"backup_migrate_crud_ui_list\";i:2;b:1;}','15','4','admin/content/backup_migrate','admin/content/backup_migrate','Profiles','t','','128','','','','2',''),('admin/settings/actions/orphan','','','user_access','a:1:{i:0;s:18:\"administer actions\";}','system_actions_remove_orphans','a:0:{}','15','4','','admin/settings/actions/orphan','Remove orphans','t','','4','','','','0',''),('admin/content/backup_migrate/schedule','','','user_access','a:1:{i:0;s:29:\"administer backup and migrate\";}','backup_migrate_menu_callback','a:3:{i:0;s:4:\"crud\";i:1;s:27:\"backup_migrate_crud_ui_list\";i:2;b:1;}','15','4','admin/content/backup_migrate','admin/content/backup_migrate','Schedules','t','','128','','','','2',''),('admin/build/block/add','','','user_access','a:1:{i:0;s:17:\"administer blocks\";}','drupal_get_form','a:1:{i:0;s:20:\"block_add_block_form\";}','15','4','admin/build/block','admin/build/block','Add block','t','','128','','','','0','modules/block/block.admin.inc'),('admin/build/contact/add','','','user_access','a:1:{i:0;s:33:\"administer site-wide contact form\";}','drupal_get_form','a:2:{i:0;s:18:\"contact_admin_edit\";i:1;i:3;}','15','4','admin/build/contact','admin/build/contact','Add category','t','','128','','','','1','modules/contact/contact.admin.inc');
INSERT INTO `menu_router` VALUES ('admin/content/types/add','','','user_access','a:1:{i:0;s:24:\"administer content types\";}','drupal_get_form','a:1:{i:0;s:14:\"node_type_form\";}','15','4','admin/content/types','admin/content/types','Add content type','t','','128','','','','0','modules/node/content_types.inc'),('admin/build/menu/add','','','user_access','a:1:{i:0;s:15:\"administer menu\";}','drupal_get_form','a:2:{i:0;s:14:\"menu_edit_menu\";i:1;s:3:\"add\";}','15','4','admin/build/menu','admin/build/menu','Add menu','t','','128','','','','0','modules/menu/menu.admin.inc'),('admin/build/imagecache/add','','','user_access','a:1:{i:0;s:21:\"administer imagecache\";}','drupal_get_form','a:1:{i:0;s:25:\"imagecache_ui_preset_form\";}','15','4','admin/build/imagecache','admin/build/imagecache','Add new preset','t','','128','','','','0','sites/all/modules/imagecache/imagecache_ui.pages.inc'),('admin/build/path/pathauto','','','user_access','a:1:{i:0;s:19:\"administer pathauto\";}','drupal_get_form','a:1:{i:0;s:23:\"pathauto_admin_settings\";}','15','4','admin/build/path','admin/build/path','Automated alias settings','t','','128','','','','10','sites/all/modules/pathauto/pathauto.admin.inc'),('admin/content/backup_migrate/export','','','user_access','a:1:{i:0;s:25:\"access backup and migrate\";}','backup_migrate_menu_callback','a:3:{i:0;s:0:\"\";i:1;s:37:\"backup_migrate_ui_manual_backup_quick\";i:2;b:1;}','15','4','admin/content/backup_migrate','admin/content/backup_migrate','Backup','t','','136','','Backup the database.','','0',''),('admin/settings/clean-urls/check','','','1','a:0:{}','drupal_json','a:1:{i:0;a:1:{s:6:\"status\";b:1;}}','15','4','','admin/settings/clean-urls/check','Clean URL check','t','','4','','','','0',''),('admin/settings/actions/configure','','','user_access','a:1:{i:0;s:18:\"administer actions\";}','drupal_get_form','a:1:{i:0;s:24:\"system_actions_configure\";}','15','4','','admin/settings/actions/configure','Configure an advanced action','t','','4','','','','0',''),('admin/settings/date-time/lookup','','','user_access','a:1:{i:0;s:29:\"administer site configuration\";}','system_date_time_lookup','a:0:{}','15','4','','admin/settings/date-time/lookup','Date and time lookup','t','','4','','','','0','modules/system/system.admin.inc');
INSERT INTO `menu_router` VALUES ('admin/build/path/delete_bulk','','','user_access','a:1:{i:0;s:22:\"administer url aliases\";}','drupal_get_form','a:1:{i:0;s:21:\"pathauto_admin_delete\";}','15','4','admin/build/path','admin/build/path','Delete aliases','t','','128','','','','30','sites/all/modules/pathauto/pathauto.admin.inc'),('admin/build/path/edit','','','user_access','a:1:{i:0;s:22:\"administer url aliases\";}','path_admin_edit','a:0:{}','15','4','','admin/build/path/edit','Edit alias','t','','4','','','','0','modules/path/path.admin.inc'),('admin/user/roles/edit','','','user_access','a:1:{i:0;s:22:\"administer permissions\";}','drupal_get_form','a:1:{i:0;s:15:\"user_admin_role\";}','15','4','','admin/user/roles/edit','Edit role','t','','4','','','','0','modules/user/user.admin.inc'),('admin/user/rules/edit','','','user_access','a:1:{i:0;s:22:\"administer permissions\";}','user_admin_access_edit','a:0:{}','15','4','','admin/user/rules/edit','Edit rule','t','','4','','','','0','modules/user/user.admin.inc'),('admin/reports/updates/check','','','user_access','a:1:{i:0;s:29:\"administer site configuration\";}','update_manual_status','a:0:{}','15','4','','admin/reports/updates/check','Manual update check','t','','4','','','','0','modules/update/update.fetch.inc'),('admin/reports/status/php','','','user_access','a:1:{i:0;s:29:\"administer site configuration\";}','system_php','a:0:{}','15','4','','admin/reports/status/php','PHP','t','','4','','','','0','modules/system/system.admin.inc'),('admin/content/node-settings/rebuild','','','user_access','a:1:{i:0;s:27:\"access administration pages\";}','drupal_get_form','a:1:{i:0;s:30:\"node_configure_rebuild_confirm\";}','15','4','','admin/content/node-settings/rebuild','Rebuild permissions','t','','4','','','','0','modules/node/node.admin.inc'),('admin/content/backup_migrate/restore','','','user_access','a:1:{i:0;s:19:\"restore from backup\";}','backup_migrate_menu_callback','a:3:{i:0;s:0:\"\";i:1;s:32:\"backup_migrate_ui_manual_restore\";i:2;b:1;}','15','4','admin/content/backup_migrate','admin/content/backup_migrate','Restore','t','','128','','Restore the database from a previous backup','','1','');
INSERT INTO `menu_router` VALUES ('admin/reports/status/run-cron','','','user_access','a:1:{i:0;s:29:\"administer site configuration\";}','system_run_cron','a:0:{}','15','4','','admin/reports/status/run-cron','Run cron','t','','4','','','','0','modules/system/system.admin.inc'),('admin/reports/status/sql','','','user_access','a:1:{i:0;s:29:\"administer site configuration\";}','system_sql','a:0:{}','15','4','','admin/reports/status/sql','SQL','t','','4','','','','0','modules/system/system.admin.inc'),('admin/build/contact/settings','','','user_access','a:1:{i:0;s:33:\"administer site-wide contact form\";}','drupal_get_form','a:1:{i:0;s:22:\"contact_admin_settings\";}','15','4','admin/build/contact','admin/build/contact','Settings','t','','128','','','','2','modules/contact/contact.admin.inc'),('admin/build/views/list','','','user_access','a:1:{i:0;s:16:\"administer views\";}','views_ui_list_views','a:0:{}','15','4','admin/build/views','admin/build/views','List','t','','136','','','','-1','sites/all/modules/views/includes/admin.inc'),('admin/build/menu/settings','','','user_access','a:1:{i:0;s:15:\"administer menu\";}','drupal_get_form','a:1:{i:0;s:14:\"menu_configure\";}','15','4','admin/build/menu','admin/build/menu','Settings','t','','128','','','','5','modules/menu/menu.admin.inc'),('admin/build/views/add','','','user_access','a:1:{i:0;s:16:\"administer views\";}','views_ui_add_page','a:0:{}','15','4','admin/build/views','admin/build/views','Add','t','','128','','','','0','sites/all/modules/views/includes/admin.inc'),('admin/reports/updates/settings','','','user_access','a:1:{i:0;s:29:\"administer site configuration\";}','drupal_get_form','a:1:{i:0;s:15:\"update_settings\";}','15','4','admin/reports/updates','admin/reports/updates','Settings','t','','128','','','','0','modules/update/update.settings.inc'),('admin/build/context/settings','','','user_access','a:1:{i:0;s:29:\"administer site configuration\";}','drupal_get_form','a:1:{i:0;s:19:\"context_ui_settings\";}','15','4','admin/build/context','admin/build/context','Settings','t','','128','','','','3','');
INSERT INTO `menu_router` VALUES ('admin/settings/xmlsitemap/settings','','','user_access','a:1:{i:0;s:21:\"administer xmlsitemap\";}','drupal_get_form','a:1:{i:0;s:24:\"xmlsitemap_settings_form\";}','15','4','admin/settings/xmlsitemap','admin/settings/xmlsitemap','Settings','t','','128','','','','10','sites/all/modules/xmlsitemap/xmlsitemap.admin.inc'),('admin/settings/search/wipe','','','user_access','a:1:{i:0;s:17:\"administer search\";}','drupal_get_form','a:1:{i:0;s:19:\"search_wipe_confirm\";}','15','4','','admin/settings/search/wipe','Clear index','t','','4','','','','0','modules/search/search.admin.inc'),('admin/build/block/configure','','','user_access','a:1:{i:0;s:17:\"administer blocks\";}','drupal_get_form','a:1:{i:0;s:21:\"block_admin_configure\";}','15','4','','admin/build/block/configure','Configure block','t','','4','','','','0','modules/block/block.admin.inc'),('admin/settings/date-time/configure','','','user_access','a:1:{i:0;s:29:\"administer site configuration\";}','drupal_get_form','a:1:{i:0;s:25:\"system_date_time_settings\";}','15','4','admin/settings/date-time','admin/settings/date-time','Date and time','t','','136','','Settings for how Drupal displays date and time, as well as the system\'s default timezone.','','0','modules/system/system.admin.inc'),('admin/build/path/delete','','','user_access','a:1:{i:0;s:22:\"administer url aliases\";}','drupal_get_form','a:1:{i:0;s:25:\"path_admin_delete_confirm\";}','15','4','','admin/build/path/delete','Delete alias','t','','4','','','','0','modules/path/path.admin.inc'),('admin/build/block/delete','','','user_access','a:1:{i:0;s:17:\"administer blocks\";}','drupal_get_form','a:1:{i:0;s:16:\"block_box_delete\";}','15','4','','admin/build/block/delete','Delete block','t','','4','','','','0','modules/block/block.admin.inc'),('admin/settings/filters/delete','','','user_access','a:1:{i:0;s:18:\"administer filters\";}','drupal_get_form','a:1:{i:0;s:19:\"filter_admin_delete\";}','15','4','','admin/settings/filters/delete','Delete input format','t','','4','','','','0','modules/filter/filter.admin.inc');
INSERT INTO `menu_router` VALUES ('admin/user/rules/delete','','','user_access','a:1:{i:0;s:22:\"administer permissions\";}','drupal_get_form','a:1:{i:0;s:32:\"user_admin_access_delete_confirm\";}','15','4','','admin/user/rules/delete','Delete rule','t','','4','','','','0','modules/user/user.admin.inc'),('admin/reports/event/%','a:1:{i:3;N;}','','user_access','a:1:{i:0;s:19:\"access site reports\";}','dblog_event','a:1:{i:0;i:3;}','14','4','','admin/reports/event/%','Details','t','','4','','','','0','modules/dblog/dblog.admin.inc'),('admin/settings/date-time/formats','','','user_access','a:1:{i:0;s:29:\"administer site configuration\";}','drupal_get_form','a:1:{i:0;s:26:\"date_api_date_formats_form\";}','15','4','admin/settings/date-time','admin/settings/date-time','Formats','t','','128','','Allow users to configure date formats','','1','sites/all/modules/date/date_api.admin.inc'),('admin/build/views/import','','','views_import_access','a:1:{i:0;s:16:\"administer views\";}','drupal_get_form','a:1:{i:0;s:20:\"views_ui_import_page\";}','15','4','admin/build/views','admin/build/views','Import','t','','128','','','','0','sites/all/modules/views/includes/admin.inc'),('admin/content/taxonomy/%','a:1:{i:3;s:24:\"taxonomy_vocabulary_load\";}','','user_access','a:1:{i:0;s:19:\"administer taxonomy\";}','drupal_get_form','a:2:{i:0;s:23:\"taxonomy_overview_terms\";i:1;i:3;}','14','4','','admin/content/taxonomy/%','List terms','t','','4','','','','0','modules/taxonomy/taxonomy.admin.inc'),('admin/content/node-type/page','','','user_access','a:1:{i:0;s:24:\"administer content types\";}','drupal_get_form','a:2:{i:0;s:14:\"node_type_form\";i:1;O:8:\"stdClass\":14:{s:4:\"type\";s:4:\"page\";s:4:\"name\";s:4:\"Page\";s:6:\"module\";s:4:\"node\";s:11:\"description\";s:296:\"A <em>page</em>, similar in form to a <em>story</em>, is a simple method for creating and displaying information that rarely changes, such as an \"About us\" section of a website. By default, a <em>page</em> entry does not allow visitor comments and is not featured on the site\'s initial home page.\";s:4:\"help\";s:0:\"\";s:9:\"has_title\";s:1:\"1\";s:11:\"title_label\";s:5:\"Title\";s:8:\"has_body\";s:1:\"1\";s:10:\"body_label\";s:4:\"Body\";s:14:\"min_word_count\";s:1:\"0\";s:6:\"custom\";s:1:\"1\";s:8:\"modified\";s:1:\"1\";s:6:\"locked\";s:1:\"0\";s:9:\"orig_type\";s:4:\"page\";}}','15','4','','admin/content/node-type/page','Page','t','','4','','','','0','modules/node/content_types.inc');
INSERT INTO `menu_router` VALUES ('admin/settings/xmlsitemap/rebuild','','','_xmlsitemap_rebuild_form_access','a:0:{}','drupal_get_form','a:1:{i:0;s:23:\"xmlsitemap_rebuild_form\";}','15','4','admin/settings/xmlsitemap','admin/settings/xmlsitemap','Rebuild links','t','','128','','Rebuild the site map.','','20','sites/all/modules/xmlsitemap/xmlsitemap.admin.inc'),('admin/content/node-type/story','','','user_access','a:1:{i:0;s:24:\"administer content types\";}','drupal_get_form','a:2:{i:0;s:14:\"node_type_form\";i:1;O:8:\"stdClass\":14:{s:4:\"type\";s:5:\"story\";s:4:\"name\";s:5:\"Story\";s:6:\"module\";s:4:\"node\";s:11:\"description\";s:392:\"A <em>story</em>, similar in form to a <em>page</em>, is ideal for creating and displaying content that informs or engages website visitors. Press releases, site announcements, and informal blog-like entries may all be created with a <em>story</em> entry. By default, a <em>story</em> entry is automatically featured on the site\'s initial home page, and provides the ability to post comments.\";s:4:\"help\";s:0:\"\";s:9:\"has_title\";s:1:\"1\";s:11:\"title_label\";s:5:\"Title\";s:8:\"has_body\";s:1:\"1\";s:10:\"body_label\";s:4:\"Body\";s:14:\"min_word_count\";s:1:\"0\";s:6:\"custom\";s:1:\"1\";s:8:\"modified\";s:1:\"1\";s:6:\"locked\";s:1:\"0\";s:9:\"orig_type\";s:5:\"story\";}}','15','4','','admin/content/node-type/story','Story','t','','4','','','','0','modules/node/content_types.inc'),('admin/build/views/tools','','','user_access','a:1:{i:0;s:16:\"administer views\";}','drupal_get_form','a:1:{i:0;s:20:\"views_ui_admin_tools\";}','15','4','admin/build/views','admin/build/views','Tools','t','','128','','','','0','sites/all/modules/views/includes/admin.inc'),('admin/build/context/add','','','ctools_export_ui_task_access','a:2:{i:0;s:7:\"context\";i:1;s:3:\"add\";}','ctools_export_ui_switcher_page','a:2:{i:0;s:7:\"context\";i:1;s:3:\"add\";}','15','4','admin/build/context','admin/build/context','Add','t','','128','','','','0','sites/all/modules/ctools/includes/export-ui.inc');
INSERT INTO `menu_router` VALUES ('admin/settings/xmlsitemap/add','','','user_access','a:1:{i:0;s:21:\"administer xmlsitemap\";}','drupal_get_form','a:1:{i:0;s:28:\"xmlsitemap_sitemap_edit_form\";}','15','4','','admin/settings/xmlsitemap/add','Add XML sitemap','t','','4','','','','0','sites/all/modules/xmlsitemap/xmlsitemap.admin.inc'),('admin/build/views1/convert','','','user_access','a:1:{i:0;s:16:\"administer views\";}','views_ui_convert1','a:1:{i:0;i:4;}','15','4','','admin/build/views1/convert','Convert view','t','','4','','','','0','sites/all/modules/views/includes/convert.inc'),('admin/settings/logging/dblog','','','user_access','a:1:{i:0;s:29:\"administer site configuration\";}','drupal_get_form','a:1:{i:0;s:20:\"dblog_admin_settings\";}','15','4','','admin/settings/logging/dblog','Database logging','t','','6','','Settings for logging to the Drupal database logs. This is the most common method for small to medium sites on shared hosting. The logs are viewable from the admin pages.','','0','modules/dblog/dblog.admin.inc'),('admin/build/context/import','','','ctools_export_ui_task_access','a:2:{i:0;s:7:\"context\";i:1;s:6:\"import\";}','ctools_export_ui_switcher_page','a:2:{i:0;s:7:\"context\";i:1;s:6:\"import\";}','15','4','admin/build/context','admin/build/context','Import','t','','128','','','','0','sites/all/modules/ctools/includes/export-ui.inc'),('admin/build/views1/delete','','','user_access','a:1:{i:0;s:16:\"administer views\";}','drupal_get_form','a:2:{i:0;s:24:\"views_ui_delete1_confirm\";i:1;i:4;}','15','4','','admin/build/views1/delete','Delete view','t','','4','','','','0','sites/all/modules/views/includes/convert.inc'),('admin/build/context/list','','','ctools_export_ui_task_access','a:2:{i:0;s:7:\"context\";i:1;s:4:\"list\";}','ctools_export_ui_switcher_page','a:2:{i:0;s:7:\"context\";i:1;s:4:\"list\";}','15','4','admin/build/context','admin/build/context','List','t','','136','','','','-10','sites/all/modules/ctools/includes/export-ui.inc'),('admin/settings/admin/rebuild','','','user_access','a:1:{i:0;s:29:\"administer site configuration\";}','drupal_get_form','a:1:{i:0;s:22:\"admin_settings_rebuild\";}','15','4','admin/settings/admin','admin/settings/admin','Rebuild','t','','128','','Wipe and rebuild the administrative menu.','','10','sites/all/modules/admin/admin.admin.inc');
INSERT INTO `menu_router` VALUES ('admin/settings/admin/settings','','','user_access','a:1:{i:0;s:29:\"administer site configuration\";}','drupal_get_form','a:1:{i:0;s:19:\"admin_settings_form\";}','15','4','admin/settings/admin','admin/settings/admin','Settings','t','','136','','Settings for site administration tools.','','0','sites/all/modules/admin/admin.admin.inc'),('admin/settings/filters/%','a:1:{i:3;s:18:\"filter_format_load\";}','','user_access','a:1:{i:0;s:18:\"administer filters\";}','filter_admin_format_page','a:1:{i:0;i:3;}','14','4','','admin/settings/filters/%','','filter_admin_format_title','a:1:{i:0;i:3;}','4','','','','0','modules/filter/filter.admin.inc'),('admin/build/imagecache/%','a:1:{i:3;s:25:\"imagecache_ui_preset_load\";}','','user_access','a:1:{i:0;s:21:\"administer imagecache\";}','drupal_get_form','a:2:{i:0;s:25:\"imagecache_ui_preset_form\";i:1;i:3;}','14','4','','admin/build/imagecache/%','','imagecache_preset_title_callback','a:2:{i:0;s:24:\"Edit preset: !presetname\";i:1;i:3;}','4','','','','0','sites/all/modules/imagecache/imagecache_ui.pages.inc'),('admin/settings/admin/theme','','','user_access','a:1:{i:0;s:29:\"administer site configuration\";}','drupal_get_form','a:1:{i:0;s:27:\"system_admin_theme_settings\";}','15','4','admin/settings/admin','admin/settings/admin','Administration theme','t','','128','system_admin_theme_settings','Settings for how your administrative pages should look.','left','10','modules/system/system.admin.inc'),('admin/build/menu-customize/%','a:1:{i:3;s:9:\"menu_load\";}','','user_access','a:1:{i:0;s:15:\"administer menu\";}','drupal_get_form','a:2:{i:0;s:18:\"menu_overview_form\";i:1;i:3;}','14','4','','admin/build/menu-customize/%','Customize menu','menu_overview_title','a:1:{i:0;i:3;}','4','','','','0','modules/menu/menu.admin.inc'),('admin/content/node-type/page/edit','','','user_access','a:1:{i:0;s:24:\"administer content types\";}','drupal_get_form','a:2:{i:0;s:14:\"node_type_form\";i:1;O:8:\"stdClass\":14:{s:4:\"type\";s:4:\"page\";s:4:\"name\";s:4:\"Page\";s:6:\"module\";s:4:\"node\";s:11:\"description\";s:296:\"A <em>page</em>, similar in form to a <em>story</em>, is a simple method for creating and displaying information that rarely changes, such as an \"About us\" section of a website. By default, a <em>page</em> entry does not allow visitor comments and is not featured on the site\'s initial home page.\";s:4:\"help\";s:0:\"\";s:9:\"has_title\";s:1:\"1\";s:11:\"title_label\";s:5:\"Title\";s:8:\"has_body\";s:1:\"1\";s:10:\"body_label\";s:4:\"Body\";s:14:\"min_word_count\";s:1:\"0\";s:6:\"custom\";s:1:\"1\";s:8:\"modified\";s:1:\"1\";s:6:\"locked\";s:1:\"0\";s:9:\"orig_type\";s:4:\"page\";}}','31','5','admin/content/node-type/page','admin/content/node-type/page','Edit','t','','136','','','','0','modules/node/content_types.inc');
INSERT INTO `menu_router` VALUES ('admin/content/node-type/story/edit','','','user_access','a:1:{i:0;s:24:\"administer content types\";}','drupal_get_form','a:2:{i:0;s:14:\"node_type_form\";i:1;O:8:\"stdClass\":14:{s:4:\"type\";s:5:\"story\";s:4:\"name\";s:5:\"Story\";s:6:\"module\";s:4:\"node\";s:11:\"description\";s:392:\"A <em>story</em>, similar in form to a <em>page</em>, is ideal for creating and displaying content that informs or engages website visitors. Press releases, site announcements, and informal blog-like entries may all be created with a <em>story</em> entry. By default, a <em>story</em> entry is automatically featured on the site\'s initial home page, and provides the ability to post comments.\";s:4:\"help\";s:0:\"\";s:9:\"has_title\";s:1:\"1\";s:11:\"title_label\";s:5:\"Title\";s:8:\"has_body\";s:1:\"1\";s:10:\"body_label\";s:4:\"Body\";s:14:\"min_word_count\";s:1:\"0\";s:6:\"custom\";s:1:\"1\";s:8:\"modified\";s:1:\"1\";s:6:\"locked\";s:1:\"0\";s:9:\"orig_type\";s:5:\"story\";}}','31','5','admin/content/node-type/story','admin/content/node-type/story','Edit','t','','136','','','','0','modules/node/content_types.inc'),('admin/build/themes/settings/global','','','user_access','a:1:{i:0;s:29:\"administer site configuration\";}','drupal_get_form','a:1:{i:0;s:21:\"system_theme_settings\";}','31','5','admin/build/themes/settings','admin/build/themes','Global settings','t','','136','','','','-1','modules/system/system.admin.inc'),('admin/content/taxonomy/%/list','a:1:{i:3;s:24:\"taxonomy_vocabulary_load\";}','','user_access','a:1:{i:0;s:19:\"administer taxonomy\";}','drupal_get_form','a:2:{i:0;s:23:\"taxonomy_overview_terms\";i:1;i:3;}','29','5','admin/content/taxonomy/%','admin/content/taxonomy/%','List','t','','136','','','','-10','modules/taxonomy/taxonomy.admin.inc'),('admin/settings/filters/%/edit','a:1:{i:3;s:18:\"filter_format_load\";}','','user_access','a:1:{i:0;s:18:\"administer filters\";}','filter_admin_format_page','a:1:{i:0;i:3;}','29','5','admin/settings/filters/%','admin/settings/filters/%','Edit','t','','136','','','','0','modules/filter/filter.admin.inc');
INSERT INTO `menu_router` VALUES ('admin/content/backup_migrate/destination/list','','','user_access','a:1:{i:0;s:29:\"administer backup and migrate\";}','backup_migrate_menu_callback','a:3:{i:0;s:4:\"crud\";i:1;s:27:\"backup_migrate_crud_ui_list\";i:2;b:1;}','31','5','admin/content/backup_migrate/destination','admin/content/backup_migrate','List !type','t','a:1:{s:5:\"!type\";s:12:\"Destinations\";}','136','','','','1',''),('admin/content/backup_migrate/profile/list','','','user_access','a:1:{i:0;s:29:\"administer backup and migrate\";}','backup_migrate_menu_callback','a:3:{i:0;s:4:\"crud\";i:1;s:27:\"backup_migrate_crud_ui_list\";i:2;b:1;}','31','5','admin/content/backup_migrate/profile','admin/content/backup_migrate','List !type','t','a:1:{s:5:\"!type\";s:8:\"Profiles\";}','136','','','','1',''),('admin/content/backup_migrate/schedule/list','','','user_access','a:1:{i:0;s:29:\"administer backup and migrate\";}','backup_migrate_menu_callback','a:3:{i:0;s:4:\"crud\";i:1;s:27:\"backup_migrate_crud_ui_list\";i:2;b:1;}','31','5','admin/content/backup_migrate/schedule','admin/content/backup_migrate','List !type','t','a:1:{s:5:\"!type\";s:9:\"Schedules\";}','136','','','','1',''),('admin/build/menu-customize/%/list','a:1:{i:3;s:9:\"menu_load\";}','','user_access','a:1:{i:0;s:15:\"administer menu\";}','drupal_get_form','a:2:{i:0;s:18:\"menu_overview_form\";i:1;i:3;}','29','5','admin/build/menu-customize/%','admin/build/menu-customize/%','List items','t','','136','','','','-10','modules/menu/menu.admin.inc'),('admin/build/views/tools/export','','','user_access','a:1:{i:0;s:18:\"use views exporter\";}','views_export_export','a:0:{}','31','5','admin/build/views/tools','admin/build/views','Bulk export','t','','128','','','','0',''),('admin/build/modules/list/confirm','','','user_access','a:1:{i:0;s:29:\"administer site configuration\";}','drupal_get_form','a:1:{i:0;s:14:\"system_modules\";}','31','5','','admin/build/modules/list/confirm','List','t','','4','','','','0','modules/system/system.admin.inc'),('admin/build/modules/uninstall/confirm','','','user_access','a:1:{i:0;s:29:\"administer site configuration\";}','drupal_get_form','a:1:{i:0;s:24:\"system_modules_uninstall\";}','31','5','','admin/build/modules/uninstall/confirm','Uninstall','t','','4','','','','0','modules/system/system.admin.inc');
INSERT INTO `menu_router` VALUES ('admin/build/themes/settings/bluemarine','','','_system_themes_access','a:1:{i:0;O:8:\"stdClass\":12:{s:8:\"filename\";s:33:\"themes/bluemarine/bluemarine.info\";s:4:\"name\";s:10:\"bluemarine\";s:4:\"type\";s:5:\"theme\";s:5:\"owner\";s:45:\"themes/engines/phptemplate/phptemplate.engine\";s:6:\"status\";s:1:\"0\";s:8:\"throttle\";s:1:\"0\";s:9:\"bootstrap\";s:1:\"0\";s:14:\"schema_version\";s:2:\"-1\";s:6:\"weight\";s:1:\"0\";s:4:\"info\";a:13:{s:4:\"name\";s:10:\"Bluemarine\";s:11:\"description\";s:66:\"Table-based multi-column theme with a marine and ash color scheme.\";s:7:\"version\";s:4:\"6.22\";s:4:\"core\";s:3:\"6.x\";s:6:\"engine\";s:11:\"phptemplate\";s:7:\"project\";s:6:\"drupal\";s:9:\"datestamp\";s:10:\"1306357015\";s:7:\"regions\";a:5:{s:4:\"left\";s:12:\"Left sidebar\";s:5:\"right\";s:13:\"Right sidebar\";s:7:\"content\";s:7:\"Content\";s:6:\"header\";s:6:\"Header\";s:6:\"footer\";s:6:\"Footer\";}s:8:\"features\";a:10:{i:0;s:20:\"comment_user_picture\";i:1;s:7:\"favicon\";i:2;s:7:\"mission\";i:3;s:4:\"logo\";i:4;s:4:\"name\";i:5;s:17:\"node_user_picture\";i:6;s:6:\"search\";i:7;s:6:\"slogan\";i:8;s:13:\"primary_links\";i:9;s:15:\"secondary_links\";}s:11:\"stylesheets\";a:1:{s:3:\"all\";a:1:{s:9:\"style.css\";s:27:\"themes/bluemarine/style.css\";}}s:7:\"scripts\";a:1:{s:9:\"script.js\";s:27:\"themes/bluemarine/script.js\";}s:10:\"screenshot\";s:32:\"themes/bluemarine/screenshot.png\";s:3:\"php\";s:5:\"4.3.5\";}s:11:\"stylesheets\";a:1:{s:3:\"all\";a:1:{s:9:\"style.css\";s:27:\"themes/bluemarine/style.css\";}}s:6:\"engine\";s:11:\"phptemplate\";}}','drupal_get_form','a:2:{i:0;s:21:\"system_theme_settings\";i:1;s:10:\"bluemarine\";}','31','5','admin/build/themes/settings','admin/build/themes','Bluemarine','t','','128','','','','0','modules/system/system.admin.inc'),('admin/build/themes/settings/chameleon','','','_system_themes_access','a:1:{i:0;O:8:\"stdClass\":11:{s:8:\"filename\";s:31:\"themes/chameleon/chameleon.info\";s:4:\"name\";s:9:\"chameleon\";s:4:\"type\";s:5:\"theme\";s:5:\"owner\";s:32:\"themes/chameleon/chameleon.theme\";s:6:\"status\";s:1:\"0\";s:8:\"throttle\";s:1:\"0\";s:9:\"bootstrap\";s:1:\"0\";s:14:\"schema_version\";s:2:\"-1\";s:6:\"weight\";s:1:\"0\";s:4:\"info\";a:12:{s:4:\"name\";s:9:\"Chameleon\";s:11:\"description\";s:42:\"Minimalist tabled theme with light colors.\";s:7:\"regions\";a:2:{s:4:\"left\";s:12:\"Left sidebar\";s:5:\"right\";s:13:\"Right sidebar\";}s:8:\"features\";a:4:{i:0;s:4:\"logo\";i:1;s:7:\"favicon\";i:2;s:4:\"name\";i:3;s:6:\"slogan\";}s:11:\"stylesheets\";a:1:{s:3:\"all\";a:2:{s:9:\"style.css\";s:26:\"themes/chameleon/style.css\";s:10:\"common.css\";s:27:\"themes/chameleon/common.css\";}}s:7:\"version\";s:4:\"6.22\";s:4:\"core\";s:3:\"6.x\";s:7:\"project\";s:6:\"drupal\";s:9:\"datestamp\";s:10:\"1306357015\";s:7:\"scripts\";a:1:{s:9:\"script.js\";s:26:\"themes/chameleon/script.js\";}s:10:\"screenshot\";s:31:\"themes/chameleon/screenshot.png\";s:3:\"php\";s:5:\"4.3.5\";}s:11:\"stylesheets\";a:1:{s:3:\"all\";a:2:{s:9:\"style.css\";s:26:\"themes/chameleon/style.css\";s:10:\"common.css\";s:27:\"themes/chameleon/common.css\";}}}}','drupal_get_form','a:2:{i:0;s:21:\"system_theme_settings\";i:1;s:9:\"chameleon\";}','31','5','admin/build/themes/settings','admin/build/themes','Chameleon','t','','128','','','','0','modules/system/system.admin.inc');
INSERT INTO `menu_router` VALUES ('admin/build/themes/settings/cube','','','_system_themes_access','a:1:{i:0;O:8:\"stdClass\":13:{s:8:\"filename\";s:37:\"sites/all/themes/rubik/cube/cube.info\";s:4:\"name\";s:4:\"cube\";s:4:\"type\";s:5:\"theme\";s:5:\"owner\";s:45:\"themes/engines/phptemplate/phptemplate.engine\";s:6:\"status\";s:1:\"0\";s:8:\"throttle\";s:1:\"0\";s:9:\"bootstrap\";s:1:\"0\";s:14:\"schema_version\";s:2:\"-1\";s:6:\"weight\";s:1:\"0\";s:4:\"info\";a:13:{s:4:\"name\";s:4:\"Cube\";s:11:\"description\";s:44:\"Spaces-aware front-end theme based on Rubik.\";s:10:\"base theme\";s:5:\"rubik\";s:4:\"core\";s:3:\"6.x\";s:6:\"engine\";s:11:\"phptemplate\";s:11:\"stylesheets\";a:1:{s:6:\"screen\";a:1:{s:9:\"style.css\";s:37:\"sites/all/themes/rubik/cube/style.css\";}}s:7:\"regions\";a:4:{s:6:\"header\";s:6:\"Header\";s:7:\"content\";s:7:\"Content\";s:4:\"left\";s:4:\"Left\";s:5:\"right\";s:5:\"Right\";}s:9:\"designkit\";a:2:{s:5:\"color\";a:1:{s:10:\"background\";s:7:\"#0088cc\";}s:4:\"logo\";a:2:{s:4:\"logo\";s:23:\"imagecache_scale:200x50\";s:5:\"print\";s:24:\"imagecache_scale:600x150\";}}s:7:\"layouts\";a:5:{s:7:\"default\";a:3:{s:4:\"name\";s:7:\"Default\";s:11:\"description\";s:23:\"Simple one column page.\";s:8:\"template\";s:4:\"page\";}s:7:\"sidebar\";a:5:{s:4:\"name\";s:7:\"Sidebar\";s:11:\"description\";s:26:\"Main content with sidebar.\";s:10:\"stylesheet\";s:18:\"layout-sidebar.css\";s:8:\"template\";s:14:\"layout-sidebar\";s:7:\"regions\";a:2:{i:0;s:7:\"content\";i:1;s:5:\"right\";}}s:5:\"split\";a:5:{s:4:\"name\";s:5:\"Split\";s:11:\"description\";s:12:\"50/50 split.\";s:10:\"stylesheet\";s:16:\"layout-split.css\";s:8:\"template\";s:14:\"layout-sidebar\";s:7:\"regions\";a:2:{i:0;s:7:\"content\";i:1;s:5:\"right\";}}s:7:\"columns\";a:5:{s:4:\"name\";s:7:\"Columns\";s:11:\"description\";s:20:\"Three column layout.\";s:10:\"stylesheet\";s:18:\"layout-columns.css\";s:8:\"template\";s:14:\"layout-columns\";s:7:\"regions\";a:4:{i:0;s:6:\"header\";i:1;s:7:\"content\";i:2;s:4:\"left\";i:3;s:5:\"right\";}}s:6:\"offset\";a:5:{s:4:\"name\";s:15:\"Offset sidebars\";s:11:\"description\";s:38:\"Main content with two offset sidebars.\";s:10:\"stylesheet\";s:17:\"layout-offset.css\";s:8:\"template\";s:13:\"layout-offset\";s:7:\"regions\";a:4:{i:0;s:6:\"header\";i:1;s:7:\"content\";i:2;s:4:\"left\";i:3;s:5:\"right\";}}}s:8:\"features\";a:10:{i:0;s:20:\"comment_user_picture\";i:1;s:7:\"favicon\";i:2;s:7:\"mission\";i:3;s:4:\"logo\";i:4;s:4:\"name\";i:5;s:17:\"node_user_picture\";i:6;s:6:\"search\";i:7;s:6:\"slogan\";i:8;s:13:\"primary_links\";i:9;s:15:\"secondary_links\";}s:7:\"scripts\";a:1:{s:9:\"script.js\";s:37:\"sites/all/themes/rubik/cube/script.js\";}s:10:\"screenshot\";s:42:\"sites/all/themes/rubik/cube/screenshot.png\";s:3:\"php\";s:5:\"4.3.5\";}s:11:\"stylesheets\";a:1:{s:6:\"screen\";a:1:{s:9:\"style.css\";s:37:\"sites/all/themes/rubik/cube/style.css\";}}s:6:\"engine\";s:11:\"phptemplate\";s:10:\"base_theme\";s:5:\"rubik\";}}','drupal_get_form','a:2:{i:0;s:21:\"system_theme_settings\";i:1;s:4:\"cube\";}','31','5','admin/build/themes/settings','admin/build/themes','Cube','t','','128','','','','0','modules/system/system.admin.inc');
INSERT INTO `menu_router` VALUES ('admin/settings/date-time/formats/lookup','','','user_access','a:1:{i:0;s:29:\"administer site configuration\";}','date_api_date_time_lookup','a:0:{}','31','5','','admin/settings/date-time/formats/lookup','Date and time lookup','t','','4','','','','0',''),('admin/build/themes/settings/garland','','','_system_themes_access','a:1:{i:0;O:8:\"stdClass\":12:{s:8:\"filename\";s:27:\"themes/garland/garland.info\";s:4:\"name\";s:7:\"garland\";s:4:\"type\";s:5:\"theme\";s:5:\"owner\";s:45:\"themes/engines/phptemplate/phptemplate.engine\";s:6:\"status\";s:1:\"1\";s:8:\"throttle\";s:1:\"0\";s:9:\"bootstrap\";s:1:\"0\";s:14:\"schema_version\";s:2:\"-1\";s:6:\"weight\";s:1:\"0\";s:4:\"info\";a:13:{s:4:\"name\";s:7:\"Garland\";s:11:\"description\";s:66:\"Tableless, recolorable, multi-column, fluid width theme (default).\";s:7:\"version\";s:4:\"6.22\";s:4:\"core\";s:3:\"6.x\";s:6:\"engine\";s:11:\"phptemplate\";s:11:\"stylesheets\";a:2:{s:3:\"all\";a:1:{s:9:\"style.css\";s:24:\"themes/garland/style.css\";}s:5:\"print\";a:1:{s:9:\"print.css\";s:24:\"themes/garland/print.css\";}}s:7:\"project\";s:6:\"drupal\";s:9:\"datestamp\";s:10:\"1306357015\";s:7:\"regions\";a:5:{s:4:\"left\";s:12:\"Left sidebar\";s:5:\"right\";s:13:\"Right sidebar\";s:7:\"content\";s:7:\"Content\";s:6:\"header\";s:6:\"Header\";s:6:\"footer\";s:6:\"Footer\";}s:8:\"features\";a:10:{i:0;s:20:\"comment_user_picture\";i:1;s:7:\"favicon\";i:2;s:7:\"mission\";i:3;s:4:\"logo\";i:4;s:4:\"name\";i:5;s:17:\"node_user_picture\";i:6;s:6:\"search\";i:7;s:6:\"slogan\";i:8;s:13:\"primary_links\";i:9;s:15:\"secondary_links\";}s:7:\"scripts\";a:1:{s:9:\"script.js\";s:24:\"themes/garland/script.js\";}s:10:\"screenshot\";s:29:\"themes/garland/screenshot.png\";s:3:\"php\";s:5:\"4.3.5\";}s:11:\"stylesheets\";a:2:{s:3:\"all\";a:1:{s:9:\"style.css\";s:24:\"themes/garland/style.css\";}s:5:\"print\";a:1:{s:9:\"print.css\";s:24:\"themes/garland/print.css\";}}s:6:\"engine\";s:11:\"phptemplate\";}}','drupal_get_form','a:2:{i:0;s:21:\"system_theme_settings\";i:1;s:7:\"garland\";}','31','5','admin/build/themes/settings','admin/build/themes','Garland','t','','128','','','','0','modules/system/system.admin.inc');
INSERT INTO `menu_router` VALUES ('admin/build/themes/settings/marvin','','','_system_themes_access','a:1:{i:0;O:8:\"stdClass\":12:{s:8:\"filename\";s:35:\"themes/chameleon/marvin/marvin.info\";s:4:\"name\";s:6:\"marvin\";s:4:\"type\";s:5:\"theme\";s:5:\"owner\";s:0:\"\";s:6:\"status\";s:1:\"0\";s:8:\"throttle\";s:1:\"0\";s:9:\"bootstrap\";s:1:\"0\";s:14:\"schema_version\";s:2:\"-1\";s:6:\"weight\";s:1:\"0\";s:4:\"info\";a:13:{s:4:\"name\";s:6:\"Marvin\";s:11:\"description\";s:31:\"Boxy tabled theme in all grays.\";s:7:\"regions\";a:2:{s:4:\"left\";s:12:\"Left sidebar\";s:5:\"right\";s:13:\"Right sidebar\";}s:7:\"version\";s:4:\"6.22\";s:4:\"core\";s:3:\"6.x\";s:10:\"base theme\";s:9:\"chameleon\";s:7:\"project\";s:6:\"drupal\";s:9:\"datestamp\";s:10:\"1306357015\";s:8:\"features\";a:10:{i:0;s:20:\"comment_user_picture\";i:1;s:7:\"favicon\";i:2;s:7:\"mission\";i:3;s:4:\"logo\";i:4;s:4:\"name\";i:5;s:17:\"node_user_picture\";i:6;s:6:\"search\";i:7;s:6:\"slogan\";i:8;s:13:\"primary_links\";i:9;s:15:\"secondary_links\";}s:11:\"stylesheets\";a:1:{s:3:\"all\";a:1:{s:9:\"style.css\";s:33:\"themes/chameleon/marvin/style.css\";}}s:7:\"scripts\";a:1:{s:9:\"script.js\";s:33:\"themes/chameleon/marvin/script.js\";}s:10:\"screenshot\";s:38:\"themes/chameleon/marvin/screenshot.png\";s:3:\"php\";s:5:\"4.3.5\";}s:11:\"stylesheets\";a:1:{s:3:\"all\";a:1:{s:9:\"style.css\";s:33:\"themes/chameleon/marvin/style.css\";}}s:10:\"base_theme\";s:9:\"chameleon\";}}','drupal_get_form','a:2:{i:0;s:21:\"system_theme_settings\";i:1;s:6:\"marvin\";}','31','5','admin/build/themes/settings','admin/build/themes','Marvin','t','','128','','','','0','modules/system/system.admin.inc'),('admin/build/themes/settings/minnelli','','','_system_themes_access','a:1:{i:0;O:8:\"stdClass\":13:{s:8:\"filename\";s:37:\"themes/garland/minnelli/minnelli.info\";s:4:\"name\";s:8:\"minnelli\";s:4:\"type\";s:5:\"theme\";s:5:\"owner\";s:45:\"themes/engines/phptemplate/phptemplate.engine\";s:6:\"status\";s:1:\"0\";s:8:\"throttle\";s:1:\"0\";s:9:\"bootstrap\";s:1:\"0\";s:14:\"schema_version\";s:2:\"-1\";s:6:\"weight\";s:1:\"0\";s:4:\"info\";a:14:{s:4:\"name\";s:8:\"Minnelli\";s:11:\"description\";s:56:\"Tableless, recolorable, multi-column, fixed width theme.\";s:7:\"version\";s:4:\"6.22\";s:4:\"core\";s:3:\"6.x\";s:10:\"base theme\";s:7:\"garland\";s:11:\"stylesheets\";a:1:{s:3:\"all\";a:1:{s:12:\"minnelli.css\";s:36:\"themes/garland/minnelli/minnelli.css\";}}s:7:\"project\";s:6:\"drupal\";s:9:\"datestamp\";s:10:\"1306357015\";s:7:\"regions\";a:5:{s:4:\"left\";s:12:\"Left sidebar\";s:5:\"right\";s:13:\"Right sidebar\";s:7:\"content\";s:7:\"Content\";s:6:\"header\";s:6:\"Header\";s:6:\"footer\";s:6:\"Footer\";}s:8:\"features\";a:10:{i:0;s:20:\"comment_user_picture\";i:1;s:7:\"favicon\";i:2;s:7:\"mission\";i:3;s:4:\"logo\";i:4;s:4:\"name\";i:5;s:17:\"node_user_picture\";i:6;s:6:\"search\";i:7;s:6:\"slogan\";i:8;s:13:\"primary_links\";i:9;s:15:\"secondary_links\";}s:7:\"scripts\";a:1:{s:9:\"script.js\";s:33:\"themes/garland/minnelli/script.js\";}s:10:\"screenshot\";s:38:\"themes/garland/minnelli/screenshot.png\";s:3:\"php\";s:5:\"4.3.5\";s:6:\"engine\";s:11:\"phptemplate\";}s:11:\"stylesheets\";a:1:{s:3:\"all\";a:1:{s:12:\"minnelli.css\";s:36:\"themes/garland/minnelli/minnelli.css\";}}s:6:\"engine\";s:11:\"phptemplate\";s:10:\"base_theme\";s:7:\"garland\";}}','drupal_get_form','a:2:{i:0;s:21:\"system_theme_settings\";i:1;s:8:\"minnelli\";}','31','5','admin/build/themes/settings','admin/build/themes','Minnelli','t','','128','','','','0','modules/system/system.admin.inc');
INSERT INTO `menu_router` VALUES ('admin/build/themes/settings/new_ibd','','','_system_themes_access','a:1:{i:0;O:8:\"stdClass\":14:{s:8:\"filename\";s:37:\"sites/all/themes/new_ibd/new_ibd.info\";s:4:\"name\";s:7:\"new_ibd\";s:4:\"type\";s:5:\"theme\";s:5:\"owner\";s:45:\"themes/engines/phptemplate/phptemplate.engine\";s:6:\"status\";s:1:\"1\";s:8:\"throttle\";s:1:\"0\";s:9:\"bootstrap\";s:1:\"0\";s:14:\"schema_version\";s:2:\"-1\";s:6:\"weight\";s:1:\"0\";s:4:\"info\";a:11:{s:4:\"name\";s:7:\"New iBD\";s:11:\"description\";s:9:\"My theme.\";s:10:\"base theme\";s:3:\"tao\";s:4:\"core\";s:3:\"6.x\";s:6:\"engine\";s:11:\"phptemplate\";s:7:\"regions\";a:7:{s:4:\"left\";s:12:\"Left sidebar\";s:5:\"right\";s:13:\"Right sidebar\";s:11:\"content_top\";s:11:\"Content Top\";s:7:\"content\";s:7:\"Content\";s:14:\"content_bottom\";s:14:\"Content Bottom\";s:6:\"header\";s:6:\"Header\";s:6:\"footer\";s:6:\"Footer\";}s:11:\"stylesheets\";a:1:{s:6:\"screen\";a:1:{s:13:\"css/style.css\";s:38:\"sites/all/themes/new_ibd/css/style.css\";}}s:7:\"scripts\";a:1:{s:13:\"js/scripts.js\";s:38:\"sites/all/themes/new_ibd/js/scripts.js\";}s:8:\"features\";a:10:{i:0;s:20:\"comment_user_picture\";i:1;s:7:\"favicon\";i:2;s:7:\"mission\";i:3;s:4:\"logo\";i:4;s:4:\"name\";i:5;s:17:\"node_user_picture\";i:6;s:6:\"search\";i:7;s:6:\"slogan\";i:8;s:13:\"primary_links\";i:9;s:15:\"secondary_links\";}s:10:\"screenshot\";s:39:\"sites/all/themes/new_ibd/screenshot.png\";s:3:\"php\";s:5:\"4.3.5\";}s:11:\"stylesheets\";a:1:{s:6:\"screen\";a:1:{s:13:\"css/style.css\";s:38:\"sites/all/themes/new_ibd/css/style.css\";}}s:7:\"scripts\";a:1:{s:13:\"js/scripts.js\";s:38:\"sites/all/themes/new_ibd/js/scripts.js\";}s:6:\"engine\";s:11:\"phptemplate\";s:10:\"base_theme\";s:3:\"tao\";}}','drupal_get_form','a:2:{i:0;s:21:\"system_theme_settings\";i:1;s:7:\"new_ibd\";}','31','5','admin/build/themes/settings','admin/build/themes','New iBD','t','','128','','','','0','modules/system/system.admin.inc'),('admin/build/themes/settings/pushbutton','','','_system_themes_access','a:1:{i:0;O:8:\"stdClass\":12:{s:8:\"filename\";s:33:\"themes/pushbutton/pushbutton.info\";s:4:\"name\";s:10:\"pushbutton\";s:4:\"type\";s:5:\"theme\";s:5:\"owner\";s:45:\"themes/engines/phptemplate/phptemplate.engine\";s:6:\"status\";s:1:\"0\";s:8:\"throttle\";s:1:\"0\";s:9:\"bootstrap\";s:1:\"0\";s:14:\"schema_version\";s:2:\"-1\";s:6:\"weight\";s:1:\"0\";s:4:\"info\";a:13:{s:4:\"name\";s:10:\"Pushbutton\";s:11:\"description\";s:52:\"Tabled, multi-column theme in blue and orange tones.\";s:7:\"version\";s:4:\"6.22\";s:4:\"core\";s:3:\"6.x\";s:6:\"engine\";s:11:\"phptemplate\";s:7:\"project\";s:6:\"drupal\";s:9:\"datestamp\";s:10:\"1306357015\";s:7:\"regions\";a:5:{s:4:\"left\";s:12:\"Left sidebar\";s:5:\"right\";s:13:\"Right sidebar\";s:7:\"content\";s:7:\"Content\";s:6:\"header\";s:6:\"Header\";s:6:\"footer\";s:6:\"Footer\";}s:8:\"features\";a:10:{i:0;s:20:\"comment_user_picture\";i:1;s:7:\"favicon\";i:2;s:7:\"mission\";i:3;s:4:\"logo\";i:4;s:4:\"name\";i:5;s:17:\"node_user_picture\";i:6;s:6:\"search\";i:7;s:6:\"slogan\";i:8;s:13:\"primary_links\";i:9;s:15:\"secondary_links\";}s:11:\"stylesheets\";a:1:{s:3:\"all\";a:1:{s:9:\"style.css\";s:27:\"themes/pushbutton/style.css\";}}s:7:\"scripts\";a:1:{s:9:\"script.js\";s:27:\"themes/pushbutton/script.js\";}s:10:\"screenshot\";s:32:\"themes/pushbutton/screenshot.png\";s:3:\"php\";s:5:\"4.3.5\";}s:11:\"stylesheets\";a:1:{s:3:\"all\";a:1:{s:9:\"style.css\";s:27:\"themes/pushbutton/style.css\";}}s:6:\"engine\";s:11:\"phptemplate\";}}','drupal_get_form','a:2:{i:0;s:21:\"system_theme_settings\";i:1;s:10:\"pushbutton\";}','31','5','admin/build/themes/settings','admin/build/themes','Pushbutton','t','','128','','','','0','modules/system/system.admin.inc');
INSERT INTO `menu_router` VALUES ('admin/build/themes/settings/rubik','','','_system_themes_access','a:1:{i:0;O:8:\"stdClass\":14:{s:8:\"filename\";s:33:\"sites/all/themes/rubik/rubik.info\";s:4:\"name\";s:5:\"rubik\";s:4:\"type\";s:5:\"theme\";s:5:\"owner\";s:45:\"themes/engines/phptemplate/phptemplate.engine\";s:6:\"status\";s:1:\"0\";s:8:\"throttle\";s:1:\"0\";s:9:\"bootstrap\";s:1:\"0\";s:14:\"schema_version\";s:2:\"-1\";s:6:\"weight\";s:1:\"0\";s:4:\"info\";a:11:{s:4:\"name\";s:5:\"Rubik\";s:11:\"description\";s:18:\"Clean admin theme.\";s:10:\"base theme\";s:3:\"tao\";s:4:\"core\";s:3:\"6.x\";s:6:\"engine\";s:11:\"phptemplate\";s:7:\"scripts\";a:1:{s:11:\"js/rubik.js\";s:34:\"sites/all/themes/rubik/js/rubik.js\";}s:11:\"stylesheets\";a:1:{s:6:\"screen\";a:3:{s:8:\"core.css\";s:31:\"sites/all/themes/rubik/core.css\";s:9:\"icons.css\";s:32:\"sites/all/themes/rubik/icons.css\";s:9:\"style.css\";s:32:\"sites/all/themes/rubik/style.css\";}}s:7:\"regions\";a:5:{s:4:\"left\";s:12:\"Left sidebar\";s:5:\"right\";s:13:\"Right sidebar\";s:7:\"content\";s:7:\"Content\";s:6:\"header\";s:6:\"Header\";s:6:\"footer\";s:6:\"Footer\";}s:8:\"features\";a:10:{i:0;s:20:\"comment_user_picture\";i:1;s:7:\"favicon\";i:2;s:7:\"mission\";i:3;s:4:\"logo\";i:4;s:4:\"name\";i:5;s:17:\"node_user_picture\";i:6;s:6:\"search\";i:7;s:6:\"slogan\";i:8;s:13:\"primary_links\";i:9;s:15:\"secondary_links\";}s:10:\"screenshot\";s:37:\"sites/all/themes/rubik/screenshot.png\";s:3:\"php\";s:5:\"4.3.5\";}s:11:\"stylesheets\";a:1:{s:6:\"screen\";a:3:{s:8:\"core.css\";s:31:\"sites/all/themes/rubik/core.css\";s:9:\"icons.css\";s:32:\"sites/all/themes/rubik/icons.css\";s:9:\"style.css\";s:32:\"sites/all/themes/rubik/style.css\";}}s:7:\"scripts\";a:1:{s:11:\"js/rubik.js\";s:34:\"sites/all/themes/rubik/js/rubik.js\";}s:6:\"engine\";s:11:\"phptemplate\";s:10:\"base_theme\";s:3:\"tao\";}}','drupal_get_form','a:2:{i:0;s:21:\"system_theme_settings\";i:1;s:5:\"rubik\";}','31','5','admin/build/themes/settings','admin/build/themes','Rubik','t','','128','','','','0','modules/system/system.admin.inc');
INSERT INTO `menu_router` VALUES ('admin/build/themes/settings/tao','','','_system_themes_access','a:1:{i:0;O:8:\"stdClass\":13:{s:8:\"filename\";s:29:\"sites/all/themes/tao/tao.info\";s:4:\"name\";s:3:\"tao\";s:4:\"type\";s:5:\"theme\";s:5:\"owner\";s:45:\"themes/engines/phptemplate/phptemplate.engine\";s:6:\"status\";s:1:\"0\";s:8:\"throttle\";s:1:\"0\";s:9:\"bootstrap\";s:1:\"0\";s:14:\"schema_version\";s:2:\"-1\";s:6:\"weight\";s:1:\"0\";s:4:\"info\";a:10:{s:4:\"core\";s:3:\"6.x\";s:11:\"description\";s:149:\"Tao is a base theme that is all about going with the flow. It takes care of key reset and utility tasks so that sub-themes can get on with their job.\";s:6:\"engine\";s:11:\"phptemplate\";s:4:\"name\";s:3:\"Tao\";s:7:\"regions\";a:5:{s:4:\"left\";s:12:\"Left sidebar\";s:5:\"right\";s:13:\"Right sidebar\";s:7:\"content\";s:7:\"Content\";s:6:\"header\";s:6:\"Header\";s:6:\"footer\";s:6:\"Footer\";}s:7:\"scripts\";a:1:{s:9:\"js/tao.js\";s:30:\"sites/all/themes/tao/js/tao.js\";}s:11:\"stylesheets\";a:3:{s:6:\"screen\";a:3:{s:9:\"reset.css\";s:30:\"sites/all/themes/tao/reset.css\";s:10:\"drupal.css\";s:31:\"sites/all/themes/tao/drupal.css\";s:8:\"base.css\";s:29:\"sites/all/themes/tao/base.css\";}s:5:\"print\";a:3:{s:9:\"reset.css\";s:30:\"sites/all/themes/tao/reset.css\";s:8:\"base.css\";s:29:\"sites/all/themes/tao/base.css\";s:9:\"print.css\";s:30:\"sites/all/themes/tao/print.css\";}s:3:\"all\";a:20:{s:9:\"admin.css\";s:30:\"sites/all/themes/tao/admin.css\";s:9:\"block.css\";s:30:\"sites/all/themes/tao/block.css\";s:8:\"book.css\";s:29:\"sites/all/themes/tao/book.css\";s:11:\"comment.css\";s:32:\"sites/all/themes/tao/comment.css\";s:9:\"dblog.css\";s:30:\"sites/all/themes/tao/dblog.css\";s:12:\"defaults.css\";s:33:\"sites/all/themes/tao/defaults.css\";s:9:\"forum.css\";s:30:\"sites/all/themes/tao/forum.css\";s:8:\"help.css\";s:29:\"sites/all/themes/tao/help.css\";s:15:\"maintenance.css\";s:36:\"sites/all/themes/tao/maintenance.css\";s:8:\"node.css\";s:29:\"sites/all/themes/tao/node.css\";s:10:\"openid.css\";s:31:\"sites/all/themes/tao/openid.css\";s:8:\"poll.css\";s:29:\"sites/all/themes/tao/poll.css\";s:11:\"profile.css\";s:32:\"sites/all/themes/tao/profile.css\";s:10:\"search.css\";s:31:\"sites/all/themes/tao/search.css\";s:10:\"system.css\";s:31:\"sites/all/themes/tao/system.css\";s:16:\"system-menus.css\";s:37:\"sites/all/themes/tao/system-menus.css\";s:12:\"taxonomy.css\";s:33:\"sites/all/themes/tao/taxonomy.css\";s:11:\"tracker.css\";s:32:\"sites/all/themes/tao/tracker.css\";s:10:\"update.css\";s:31:\"sites/all/themes/tao/update.css\";s:8:\"user.css\";s:29:\"sites/all/themes/tao/user.css\";}}s:8:\"features\";a:10:{i:0;s:20:\"comment_user_picture\";i:1;s:7:\"favicon\";i:2;s:7:\"mission\";i:3;s:4:\"logo\";i:4;s:4:\"name\";i:5;s:17:\"node_user_picture\";i:6;s:6:\"search\";i:7;s:6:\"slogan\";i:8;s:13:\"primary_links\";i:9;s:15:\"secondary_links\";}s:10:\"screenshot\";s:35:\"sites/all/themes/tao/screenshot.png\";s:3:\"php\";s:5:\"4.3.5\";}s:11:\"stylesheets\";a:3:{s:6:\"screen\";a:3:{s:9:\"reset.css\";s:30:\"sites/all/themes/tao/reset.css\";s:10:\"drupal.css\";s:31:\"sites/all/themes/tao/drupal.css\";s:8:\"base.css\";s:29:\"sites/all/themes/tao/base.css\";}s:5:\"print\";a:3:{s:9:\"reset.css\";s:30:\"sites/all/themes/tao/reset.css\";s:8:\"base.css\";s:29:\"sites/all/themes/tao/base.css\";s:9:\"print.css\";s:30:\"sites/all/themes/tao/print.css\";}s:3:\"all\";a:20:{s:9:\"admin.css\";s:30:\"sites/all/themes/tao/admin.css\";s:9:\"block.css\";s:30:\"sites/all/themes/tao/block.css\";s:8:\"book.css\";s:29:\"sites/all/themes/tao/book.css\";s:11:\"comment.css\";s:32:\"sites/all/themes/tao/comment.css\";s:9:\"dblog.css\";s:30:\"sites/all/themes/tao/dblog.css\";s:12:\"defaults.css\";s:33:\"sites/all/themes/tao/defaults.css\";s:9:\"forum.css\";s:30:\"sites/all/themes/tao/forum.css\";s:8:\"help.css\";s:29:\"sites/all/themes/tao/help.css\";s:15:\"maintenance.css\";s:36:\"sites/all/themes/tao/maintenance.css\";s:8:\"node.css\";s:29:\"sites/all/themes/tao/node.css\";s:10:\"openid.css\";s:31:\"sites/all/themes/tao/openid.css\";s:8:\"poll.css\";s:29:\"sites/all/themes/tao/poll.css\";s:11:\"profile.css\";s:32:\"sites/all/themes/tao/profile.css\";s:10:\"search.css\";s:31:\"sites/all/themes/tao/search.css\";s:10:\"system.css\";s:31:\"sites/all/themes/tao/system.css\";s:16:\"system-menus.css\";s:37:\"sites/all/themes/tao/system-menus.css\";s:12:\"taxonomy.css\";s:33:\"sites/all/themes/tao/taxonomy.css\";s:11:\"tracker.css\";s:32:\"sites/all/themes/tao/tracker.css\";s:10:\"update.css\";s:31:\"sites/all/themes/tao/update.css\";s:8:\"user.css\";s:29:\"sites/all/themes/tao/user.css\";}}s:7:\"scripts\";a:1:{s:9:\"js/tao.js\";s:30:\"sites/all/themes/tao/js/tao.js\";}s:6:\"engine\";s:11:\"phptemplate\";}}','drupal_get_form','a:2:{i:0;s:21:\"system_theme_settings\";i:1;s:3:\"tao\";}','31','5','admin/build/themes/settings','admin/build/themes','Tao','t','','128','','','','0','modules/system/system.admin.inc');
INSERT INTO `menu_router` VALUES ('ctools/context/ajax/access/add','','','user_access','a:1:{i:0;s:14:\"access content\";}','ctools_access_ajax_add','a:0:{}','31','5','','ctools/context/ajax/access/add','','t','','4','','','','0','sites/all/modules/ctools/includes/context-access-admin.inc'),('admin/build/themes/settings/sobg','','','_system_themes_access','a:1:{i:0;O:8:\"stdClass\":13:{s:8:\"filename\";s:31:\"sites/all/themes/sobg/sobg.info\";s:4:\"name\";s:4:\"sobg\";s:4:\"type\";s:5:\"theme\";s:5:\"owner\";s:45:\"themes/engines/phptemplate/phptemplate.engine\";s:6:\"status\";s:1:\"1\";s:8:\"throttle\";s:1:\"0\";s:9:\"bootstrap\";s:1:\"0\";s:14:\"schema_version\";s:2:\"-1\";s:6:\"weight\";s:1:\"0\";s:4:\"info\";a:11:{s:4:\"name\";s:22:\"The State of Bluegrass\";s:11:\"description\";s:26:\"State of Bluegrass\' theme.\";s:10:\"base theme\";s:7:\"new_ibd\";s:4:\"core\";s:3:\"6.x\";s:6:\"engine\";s:11:\"phptemplate\";s:7:\"regions\";a:7:{s:4:\"left\";s:12:\"Left sidebar\";s:5:\"right\";s:13:\"Right sidebar\";s:11:\"content_top\";s:11:\"Content Top\";s:7:\"content\";s:7:\"Content\";s:14:\"content_bottom\";s:14:\"Content Bottom\";s:6:\"header\";s:6:\"Header\";s:6:\"footer\";s:6:\"Footer\";}s:11:\"stylesheets\";a:1:{s:6:\"screen\";a:1:{s:9:\"style.css\";s:31:\"sites/all/themes/sobg/style.css\";}}s:7:\"scripts\";a:1:{s:13:\"js/scripts.js\";s:35:\"sites/all/themes/sobg/js/scripts.js\";}s:8:\"features\";a:10:{i:0;s:20:\"comment_user_picture\";i:1;s:7:\"favicon\";i:2;s:7:\"mission\";i:3;s:4:\"logo\";i:4;s:4:\"name\";i:5;s:17:\"node_user_picture\";i:6;s:6:\"search\";i:7;s:6:\"slogan\";i:8;s:13:\"primary_links\";i:9;s:15:\"secondary_links\";}s:10:\"screenshot\";s:36:\"sites/all/themes/sobg/screenshot.png\";s:3:\"php\";s:5:\"4.3.5\";}s:11:\"stylesheets\";a:1:{s:6:\"screen\";a:1:{s:9:\"style.css\";s:31:\"sites/all/themes/sobg/style.css\";}}s:6:\"engine\";s:11:\"phptemplate\";s:10:\"base_theme\";s:7:\"new_ibd\";}}','drupal_get_form','a:2:{i:0;s:21:\"system_theme_settings\";i:1;s:4:\"sobg\";}','31','5','admin/build/themes/settings','admin/build/themes','The State of Bluegrass','t','','128','','','','0','modules/system/system.admin.inc');
INSERT INTO `menu_router` VALUES ('ctools/context/ajax/access/delete','','','user_access','a:1:{i:0;s:14:\"access content\";}','ctools_access_ajax_delete','a:0:{}','31','5','','ctools/context/ajax/access/delete','','t','','4','','','','0','sites/all/modules/ctools/includes/context-access-admin.inc'),('admin/build/themes/settings/ibd','','','_system_themes_access','a:1:{i:0;O:8:\"stdClass\":14:{s:8:\"filename\";s:29:\"sites/all/themes/ibd/ibd.info\";s:4:\"name\";s:3:\"ibd\";s:4:\"type\";s:5:\"theme\";s:5:\"owner\";s:45:\"themes/engines/phptemplate/phptemplate.engine\";s:6:\"status\";s:1:\"1\";s:8:\"throttle\";s:1:\"0\";s:9:\"bootstrap\";s:1:\"0\";s:14:\"schema_version\";s:2:\"-1\";s:6:\"weight\";s:1:\"0\";s:4:\"info\";a:11:{s:4:\"name\";s:3:\"iBD\";s:11:\"description\";s:9:\"My theme.\";s:10:\"base theme\";s:3:\"tao\";s:4:\"core\";s:3:\"6.x\";s:6:\"engine\";s:11:\"phptemplate\";s:7:\"regions\";a:6:{s:4:\"left\";s:12:\"Left sidebar\";s:5:\"right\";s:13:\"Right sidebar\";s:11:\"content_top\";s:11:\"Content Top\";s:7:\"content\";s:7:\"Content\";s:6:\"header\";s:6:\"Header\";s:6:\"footer\";s:6:\"Footer\";}s:7:\"scripts\";a:1:{s:13:\"js/twitter.js\";s:34:\"sites/all/themes/ibd/js/twitter.js\";}s:11:\"stylesheets\";a:1:{s:3:\"all\";a:3:{s:9:\"reset.css\";s:30:\"sites/all/themes/ibd/reset.css\";s:7:\"960.css\";s:28:\"sites/all/themes/ibd/960.css\";s:9:\"style.css\";s:30:\"sites/all/themes/ibd/style.css\";}}s:8:\"features\";a:10:{i:0;s:20:\"comment_user_picture\";i:1;s:7:\"favicon\";i:2;s:7:\"mission\";i:3;s:4:\"logo\";i:4;s:4:\"name\";i:5;s:17:\"node_user_picture\";i:6;s:6:\"search\";i:7;s:6:\"slogan\";i:8;s:13:\"primary_links\";i:9;s:15:\"secondary_links\";}s:10:\"screenshot\";s:35:\"sites/all/themes/ibd/screenshot.png\";s:3:\"php\";s:5:\"4.3.5\";}s:11:\"stylesheets\";a:1:{s:3:\"all\";a:3:{s:9:\"reset.css\";s:30:\"sites/all/themes/ibd/reset.css\";s:7:\"960.css\";s:28:\"sites/all/themes/ibd/960.css\";s:9:\"style.css\";s:30:\"sites/all/themes/ibd/style.css\";}}s:7:\"scripts\";a:1:{s:13:\"js/twitter.js\";s:34:\"sites/all/themes/ibd/js/twitter.js\";}s:6:\"engine\";s:11:\"phptemplate\";s:10:\"base_theme\";s:3:\"tao\";}}','drupal_get_form','a:2:{i:0;s:21:\"system_theme_settings\";i:1;s:3:\"ibd\";}','31','5','admin/build/themes/settings','admin/build/themes','iBD','t','','128','','','','0','modules/system/system.admin.inc');
INSERT INTO `menu_router` VALUES ('ctools/context/ajax/access/configure','','','user_access','a:1:{i:0;s:14:\"access content\";}','ctools_access_ajax_edit','a:0:{}','31','5','','ctools/context/ajax/access/configure','','t','','4','','','','0','sites/all/modules/ctools/includes/context-access-admin.inc'),('admin/settings/imageapi/config/imageapi_gd','','','user_access','a:1:{i:0;s:19:\"administer imageapi\";}','drupal_get_form','a:1:{i:0;s:25:\"imageapi_gd_settings_form\";}','31','5','admin/settings/imageapi/config','admin/settings/imageapi','@name','t','a:1:{s:5:\"@name\";s:12:\"ImageAPI GD2\";}','136','','','','0',''),('admin/build/menu-customize/%/add','a:1:{i:3;s:9:\"menu_load\";}','','user_access','a:1:{i:0;s:15:\"administer menu\";}','drupal_get_form','a:4:{i:0;s:14:\"menu_edit_item\";i:1;s:3:\"add\";i:2;N;i:3;i:3;}','29','5','admin/build/menu-customize/%','admin/build/menu-customize/%','Add item','t','','128','','','','0','modules/menu/menu.admin.inc'),('admin/content/backup_migrate/export/advanced','','','user_access','a:1:{i:0;s:14:\"perform backup\";}','backup_migrate_menu_callback','a:3:{i:0;s:0:\"\";i:1;s:40:\"backup_migrate_ui_manual_backup_advanced\";i:2;b:1;}','31','5','admin/content/backup_migrate/export','admin/content/backup_migrate','Advanced Backup','t','','128','','Backup the database.','','1',''),('admin/build/block/list/bluemarine','','','_block_themes_access','a:1:{i:0;O:8:\"stdClass\":12:{s:8:\"filename\";s:33:\"themes/bluemarine/bluemarine.info\";s:4:\"name\";s:10:\"bluemarine\";s:4:\"type\";s:5:\"theme\";s:5:\"owner\";s:45:\"themes/engines/phptemplate/phptemplate.engine\";s:6:\"status\";s:1:\"0\";s:8:\"throttle\";s:1:\"0\";s:9:\"bootstrap\";s:1:\"0\";s:14:\"schema_version\";s:2:\"-1\";s:6:\"weight\";s:1:\"0\";s:4:\"info\";a:13:{s:4:\"name\";s:10:\"Bluemarine\";s:11:\"description\";s:66:\"Table-based multi-column theme with a marine and ash color scheme.\";s:7:\"version\";s:4:\"6.22\";s:4:\"core\";s:3:\"6.x\";s:6:\"engine\";s:11:\"phptemplate\";s:7:\"project\";s:6:\"drupal\";s:9:\"datestamp\";s:10:\"1306357015\";s:7:\"regions\";a:5:{s:4:\"left\";s:12:\"Left sidebar\";s:5:\"right\";s:13:\"Right sidebar\";s:7:\"content\";s:7:\"Content\";s:6:\"header\";s:6:\"Header\";s:6:\"footer\";s:6:\"Footer\";}s:8:\"features\";a:10:{i:0;s:20:\"comment_user_picture\";i:1;s:7:\"favicon\";i:2;s:7:\"mission\";i:3;s:4:\"logo\";i:4;s:4:\"name\";i:5;s:17:\"node_user_picture\";i:6;s:6:\"search\";i:7;s:6:\"slogan\";i:8;s:13:\"primary_links\";i:9;s:15:\"secondary_links\";}s:11:\"stylesheets\";a:1:{s:3:\"all\";a:1:{s:9:\"style.css\";s:27:\"themes/bluemarine/style.css\";}}s:7:\"scripts\";a:1:{s:9:\"script.js\";s:27:\"themes/bluemarine/script.js\";}s:10:\"screenshot\";s:32:\"themes/bluemarine/screenshot.png\";s:3:\"php\";s:5:\"4.3.5\";}s:11:\"stylesheets\";a:1:{s:3:\"all\";a:1:{s:9:\"style.css\";s:27:\"themes/bluemarine/style.css\";}}s:6:\"engine\";s:11:\"phptemplate\";}}','block_admin_display','a:1:{i:0;s:10:\"bluemarine\";}','31','5','admin/build/block/list','admin/build/block','Bluemarine','t','','128','','','','0','modules/block/block.admin.inc');
INSERT INTO `menu_router` VALUES ('admin/build/block/list/chameleon','','','_block_themes_access','a:1:{i:0;O:8:\"stdClass\":11:{s:8:\"filename\";s:31:\"themes/chameleon/chameleon.info\";s:4:\"name\";s:9:\"chameleon\";s:4:\"type\";s:5:\"theme\";s:5:\"owner\";s:32:\"themes/chameleon/chameleon.theme\";s:6:\"status\";s:1:\"0\";s:8:\"throttle\";s:1:\"0\";s:9:\"bootstrap\";s:1:\"0\";s:14:\"schema_version\";s:2:\"-1\";s:6:\"weight\";s:1:\"0\";s:4:\"info\";a:12:{s:4:\"name\";s:9:\"Chameleon\";s:11:\"description\";s:42:\"Minimalist tabled theme with light colors.\";s:7:\"regions\";a:2:{s:4:\"left\";s:12:\"Left sidebar\";s:5:\"right\";s:13:\"Right sidebar\";}s:8:\"features\";a:4:{i:0;s:4:\"logo\";i:1;s:7:\"favicon\";i:2;s:4:\"name\";i:3;s:6:\"slogan\";}s:11:\"stylesheets\";a:1:{s:3:\"all\";a:2:{s:9:\"style.css\";s:26:\"themes/chameleon/style.css\";s:10:\"common.css\";s:27:\"themes/chameleon/common.css\";}}s:7:\"version\";s:4:\"6.22\";s:4:\"core\";s:3:\"6.x\";s:7:\"project\";s:6:\"drupal\";s:9:\"datestamp\";s:10:\"1306357015\";s:7:\"scripts\";a:1:{s:9:\"script.js\";s:26:\"themes/chameleon/script.js\";}s:10:\"screenshot\";s:31:\"themes/chameleon/screenshot.png\";s:3:\"php\";s:5:\"4.3.5\";}s:11:\"stylesheets\";a:1:{s:3:\"all\";a:2:{s:9:\"style.css\";s:26:\"themes/chameleon/style.css\";s:10:\"common.css\";s:27:\"themes/chameleon/common.css\";}}}}','block_admin_display','a:1:{i:0;s:9:\"chameleon\";}','31','5','admin/build/block/list','admin/build/block','Chameleon','t','','128','','','','0','modules/block/block.admin.inc'),('admin/settings/filters/%/configure','a:1:{i:3;s:18:\"filter_format_load\";}','','user_access','a:1:{i:0;s:18:\"administer filters\";}','filter_admin_configure_page','a:1:{i:0;i:3;}','29','5','admin/settings/filters/%','admin/settings/filters/%','Configure','t','','128','','','','1','modules/filter/filter.admin.inc'),('admin/content/backup_migrate/destination/add','','','user_access','a:1:{i:0;s:29:\"administer backup and migrate\";}','backup_migrate_menu_callback','a:3:{i:0;s:4:\"crud\";i:1;s:29:\"backup_migrate_crud_ui_create\";i:2;b:1;}','31','5','admin/content/backup_migrate/destination','admin/content/backup_migrate','Create !type','t','a:1:{s:5:\"!type\";s:11:\"Destination\";}','128','','','','2','');
INSERT INTO `menu_router` VALUES ('admin/content/backup_migrate/profile/add','','','user_access','a:1:{i:0;s:29:\"administer backup and migrate\";}','backup_migrate_menu_callback','a:3:{i:0;s:4:\"crud\";i:1;s:29:\"backup_migrate_crud_ui_create\";i:2;b:1;}','31','5','admin/content/backup_migrate/profile','admin/content/backup_migrate','Create !type','t','a:1:{s:5:\"!type\";s:7:\"Profile\";}','128','','','','2',''),('admin/content/backup_migrate/schedule/add','','','user_access','a:1:{i:0;s:29:\"administer backup and migrate\";}','backup_migrate_menu_callback','a:3:{i:0;s:4:\"crud\";i:1;s:29:\"backup_migrate_crud_ui_create\";i:2;b:1;}','31','5','admin/content/backup_migrate/schedule','admin/content/backup_migrate','Create !type','t','a:1:{s:5:\"!type\";s:8:\"Schedule\";}','128','','','','2',''),('admin/build/block/list/cube','','','_block_themes_access','a:1:{i:0;O:8:\"stdClass\":13:{s:8:\"filename\";s:37:\"sites/all/themes/rubik/cube/cube.info\";s:4:\"name\";s:4:\"cube\";s:4:\"type\";s:5:\"theme\";s:5:\"owner\";s:45:\"themes/engines/phptemplate/phptemplate.engine\";s:6:\"status\";s:1:\"0\";s:8:\"throttle\";s:1:\"0\";s:9:\"bootstrap\";s:1:\"0\";s:14:\"schema_version\";s:2:\"-1\";s:6:\"weight\";s:1:\"0\";s:4:\"info\";a:13:{s:4:\"name\";s:4:\"Cube\";s:11:\"description\";s:44:\"Spaces-aware front-end theme based on Rubik.\";s:10:\"base theme\";s:5:\"rubik\";s:4:\"core\";s:3:\"6.x\";s:6:\"engine\";s:11:\"phptemplate\";s:11:\"stylesheets\";a:1:{s:6:\"screen\";a:1:{s:9:\"style.css\";s:37:\"sites/all/themes/rubik/cube/style.css\";}}s:7:\"regions\";a:4:{s:6:\"header\";s:6:\"Header\";s:7:\"content\";s:7:\"Content\";s:4:\"left\";s:4:\"Left\";s:5:\"right\";s:5:\"Right\";}s:9:\"designkit\";a:2:{s:5:\"color\";a:1:{s:10:\"background\";s:7:\"#0088cc\";}s:4:\"logo\";a:2:{s:4:\"logo\";s:23:\"imagecache_scale:200x50\";s:5:\"print\";s:24:\"imagecache_scale:600x150\";}}s:7:\"layouts\";a:5:{s:7:\"default\";a:3:{s:4:\"name\";s:7:\"Default\";s:11:\"description\";s:23:\"Simple one column page.\";s:8:\"template\";s:4:\"page\";}s:7:\"sidebar\";a:5:{s:4:\"name\";s:7:\"Sidebar\";s:11:\"description\";s:26:\"Main content with sidebar.\";s:10:\"stylesheet\";s:18:\"layout-sidebar.css\";s:8:\"template\";s:14:\"layout-sidebar\";s:7:\"regions\";a:2:{i:0;s:7:\"content\";i:1;s:5:\"right\";}}s:5:\"split\";a:5:{s:4:\"name\";s:5:\"Split\";s:11:\"description\";s:12:\"50/50 split.\";s:10:\"stylesheet\";s:16:\"layout-split.css\";s:8:\"template\";s:14:\"layout-sidebar\";s:7:\"regions\";a:2:{i:0;s:7:\"content\";i:1;s:5:\"right\";}}s:7:\"columns\";a:5:{s:4:\"name\";s:7:\"Columns\";s:11:\"description\";s:20:\"Three column layout.\";s:10:\"stylesheet\";s:18:\"layout-columns.css\";s:8:\"template\";s:14:\"layout-columns\";s:7:\"regions\";a:4:{i:0;s:6:\"header\";i:1;s:7:\"content\";i:2;s:4:\"left\";i:3;s:5:\"right\";}}s:6:\"offset\";a:5:{s:4:\"name\";s:15:\"Offset sidebars\";s:11:\"description\";s:38:\"Main content with two offset sidebars.\";s:10:\"stylesheet\";s:17:\"layout-offset.css\";s:8:\"template\";s:13:\"layout-offset\";s:7:\"regions\";a:4:{i:0;s:6:\"header\";i:1;s:7:\"content\";i:2;s:4:\"left\";i:3;s:5:\"right\";}}}s:8:\"features\";a:10:{i:0;s:20:\"comment_user_picture\";i:1;s:7:\"favicon\";i:2;s:7:\"mission\";i:3;s:4:\"logo\";i:4;s:4:\"name\";i:5;s:17:\"node_user_picture\";i:6;s:6:\"search\";i:7;s:6:\"slogan\";i:8;s:13:\"primary_links\";i:9;s:15:\"secondary_links\";}s:7:\"scripts\";a:1:{s:9:\"script.js\";s:37:\"sites/all/themes/rubik/cube/script.js\";}s:10:\"screenshot\";s:42:\"sites/all/themes/rubik/cube/screenshot.png\";s:3:\"php\";s:5:\"4.3.5\";}s:11:\"stylesheets\";a:1:{s:6:\"screen\";a:1:{s:9:\"style.css\";s:37:\"sites/all/themes/rubik/cube/style.css\";}}s:6:\"engine\";s:11:\"phptemplate\";s:10:\"base_theme\";s:5:\"rubik\";}}','block_admin_display','a:1:{i:0;s:4:\"cube\";}','31','5','admin/build/block/list','admin/build/block','Cube','t','','128','','','','0','modules/block/block.admin.inc');
INSERT INTO `menu_router` VALUES ('admin/settings/date-time/formats/custom','','','user_access','a:1:{i:0;s:29:\"administer site configuration\";}','date_api_configure_custom_date_formats','a:0:{}','31','5','admin/settings/date-time/formats','admin/settings/date-time','Custom formats','t','','128','','Allow users to configure custom date formats.','','2','sites/all/modules/date/date_api.admin.inc'),('admin/content/node-type/page/delete','','','user_access','a:1:{i:0;s:24:\"administer content types\";}','drupal_get_form','a:2:{i:0;s:24:\"node_type_delete_confirm\";i:1;O:8:\"stdClass\":14:{s:4:\"type\";s:4:\"page\";s:4:\"name\";s:4:\"Page\";s:6:\"module\";s:4:\"node\";s:11:\"description\";s:296:\"A <em>page</em>, similar in form to a <em>story</em>, is a simple method for creating and displaying information that rarely changes, such as an \"About us\" section of a website. By default, a <em>page</em> entry does not allow visitor comments and is not featured on the site\'s initial home page.\";s:4:\"help\";s:0:\"\";s:9:\"has_title\";s:1:\"1\";s:11:\"title_label\";s:5:\"Title\";s:8:\"has_body\";s:1:\"1\";s:10:\"body_label\";s:4:\"Body\";s:14:\"min_word_count\";s:1:\"0\";s:6:\"custom\";s:1:\"1\";s:8:\"modified\";s:1:\"1\";s:6:\"locked\";s:1:\"0\";s:9:\"orig_type\";s:4:\"page\";}}','31','5','','admin/content/node-type/page/delete','Delete','t','','4','','','','0','modules/node/content_types.inc'),('admin/content/node-type/story/delete','','','user_access','a:1:{i:0;s:24:\"administer content types\";}','drupal_get_form','a:2:{i:0;s:24:\"node_type_delete_confirm\";i:1;O:8:\"stdClass\":14:{s:4:\"type\";s:5:\"story\";s:4:\"name\";s:5:\"Story\";s:6:\"module\";s:4:\"node\";s:11:\"description\";s:392:\"A <em>story</em>, similar in form to a <em>page</em>, is ideal for creating and displaying content that informs or engages website visitors. Press releases, site announcements, and informal blog-like entries may all be created with a <em>story</em> entry. By default, a <em>story</em> entry is automatically featured on the site\'s initial home page, and provides the ability to post comments.\";s:4:\"help\";s:0:\"\";s:9:\"has_title\";s:1:\"1\";s:11:\"title_label\";s:5:\"Title\";s:8:\"has_body\";s:1:\"1\";s:10:\"body_label\";s:4:\"Body\";s:14:\"min_word_count\";s:1:\"0\";s:6:\"custom\";s:1:\"1\";s:8:\"modified\";s:1:\"1\";s:6:\"locked\";s:1:\"0\";s:9:\"orig_type\";s:5:\"story\";}}','31','5','','admin/content/node-type/story/delete','Delete','t','','4','','','','0','modules/node/content_types.inc');
INSERT INTO `menu_router` VALUES ('admin/content/node-type/page/display','','','user_access','a:1:{i:0;s:24:\"administer content types\";}','drupal_get_form','a:2:{i:0;s:29:\"content_display_overview_form\";i:1;s:4:\"page\";}','31','5','admin/content/node-type/page','admin/content/node-type/page','Display fields','t','','128','','','','2','sites/all/modules/cck/includes/content.admin.inc'),('admin/content/node-type/story/display','','','user_access','a:1:{i:0;s:24:\"administer content types\";}','drupal_get_form','a:2:{i:0;s:29:\"content_display_overview_form\";i:1;s:5:\"story\";}','31','5','admin/content/node-type/story','admin/content/node-type/story','Display fields','t','','128','','','','2','sites/all/modules/cck/includes/content.admin.inc'),('filefield/ahah/%/%/%','a:3:{i:2;N;i:3;N;i:4;N;}','','filefield_edit_access','a:2:{i:0;i:2;i:1;i:3;}','filefield_js','a:3:{i:0;i:2;i:1;i:3;i:2;i:4;}','24','5','','filefield/ahah/%/%/%','','t','','4','','','','0',''),('admin/build/menu-customize/%/edit','a:1:{i:3;s:9:\"menu_load\";}','','user_access','a:1:{i:0;s:15:\"administer menu\";}','drupal_get_form','a:3:{i:0;s:14:\"menu_edit_menu\";i:1;s:4:\"edit\";i:2;i:3;}','29','5','admin/build/menu-customize/%','admin/build/menu-customize/%','Edit menu','t','','128','','','','0','modules/menu/menu.admin.inc'),('admin/content/taxonomy/edit/term','','','user_access','a:1:{i:0;s:19:\"administer taxonomy\";}','taxonomy_admin_term_edit','a:0:{}','31','5','','admin/content/taxonomy/edit/term','Edit term','t','','4','','','','0','modules/taxonomy/taxonomy.admin.inc'),('admin/build/block/list/garland','','','_block_themes_access','a:1:{i:0;O:8:\"stdClass\":12:{s:8:\"filename\";s:27:\"themes/garland/garland.info\";s:4:\"name\";s:7:\"garland\";s:4:\"type\";s:5:\"theme\";s:5:\"owner\";s:45:\"themes/engines/phptemplate/phptemplate.engine\";s:6:\"status\";s:1:\"1\";s:8:\"throttle\";s:1:\"0\";s:9:\"bootstrap\";s:1:\"0\";s:14:\"schema_version\";s:2:\"-1\";s:6:\"weight\";s:1:\"0\";s:4:\"info\";a:13:{s:4:\"name\";s:7:\"Garland\";s:11:\"description\";s:66:\"Tableless, recolorable, multi-column, fluid width theme (default).\";s:7:\"version\";s:4:\"6.22\";s:4:\"core\";s:3:\"6.x\";s:6:\"engine\";s:11:\"phptemplate\";s:11:\"stylesheets\";a:2:{s:3:\"all\";a:1:{s:9:\"style.css\";s:24:\"themes/garland/style.css\";}s:5:\"print\";a:1:{s:9:\"print.css\";s:24:\"themes/garland/print.css\";}}s:7:\"project\";s:6:\"drupal\";s:9:\"datestamp\";s:10:\"1306357015\";s:7:\"regions\";a:5:{s:4:\"left\";s:12:\"Left sidebar\";s:5:\"right\";s:13:\"Right sidebar\";s:7:\"content\";s:7:\"Content\";s:6:\"header\";s:6:\"Header\";s:6:\"footer\";s:6:\"Footer\";}s:8:\"features\";a:10:{i:0;s:20:\"comment_user_picture\";i:1;s:7:\"favicon\";i:2;s:7:\"mission\";i:3;s:4:\"logo\";i:4;s:4:\"name\";i:5;s:17:\"node_user_picture\";i:6;s:6:\"search\";i:7;s:6:\"slogan\";i:8;s:13:\"primary_links\";i:9;s:15:\"secondary_links\";}s:7:\"scripts\";a:1:{s:9:\"script.js\";s:24:\"themes/garland/script.js\";}s:10:\"screenshot\";s:29:\"themes/garland/screenshot.png\";s:3:\"php\";s:5:\"4.3.5\";}s:11:\"stylesheets\";a:2:{s:3:\"all\";a:1:{s:9:\"style.css\";s:24:\"themes/garland/style.css\";}s:5:\"print\";a:1:{s:9:\"print.css\";s:24:\"themes/garland/print.css\";}}s:6:\"engine\";s:11:\"phptemplate\";}}','block_admin_display','a:1:{i:0;s:7:\"garland\";}','31','5','admin/build/block/list','admin/build/block','Garland','t','','128','','','','0','modules/block/block.admin.inc');
INSERT INTO `menu_router` VALUES ('admin/build/block/list/js','','','user_access','a:1:{i:0;s:17:\"administer blocks\";}','block_admin_display_js','a:0:{}','31','5','','admin/build/block/list/js','JavaScript List Form','t','','4','','','','0','modules/block/block.admin.inc'),('admin/content/node-type/page/fields','','','user_access','a:1:{i:0;s:24:\"administer content types\";}','drupal_get_form','a:2:{i:0;s:27:\"content_field_overview_form\";i:1;s:4:\"page\";}','31','5','admin/content/node-type/page','admin/content/node-type/page','Manage fields','t','','128','','','','1','sites/all/modules/cck/includes/content.admin.inc'),('admin/content/node-type/story/fields','','','user_access','a:1:{i:0;s:24:\"administer content types\";}','drupal_get_form','a:2:{i:0;s:27:\"content_field_overview_form\";i:1;s:5:\"story\";}','31','5','admin/content/node-type/story','admin/content/node-type/story','Manage fields','t','','128','','','','1','sites/all/modules/cck/includes/content.admin.inc'),('admin/build/block/list/marvin','','','_block_themes_access','a:1:{i:0;O:8:\"stdClass\":12:{s:8:\"filename\";s:35:\"themes/chameleon/marvin/marvin.info\";s:4:\"name\";s:6:\"marvin\";s:4:\"type\";s:5:\"theme\";s:5:\"owner\";s:0:\"\";s:6:\"status\";s:1:\"0\";s:8:\"throttle\";s:1:\"0\";s:9:\"bootstrap\";s:1:\"0\";s:14:\"schema_version\";s:2:\"-1\";s:6:\"weight\";s:1:\"0\";s:4:\"info\";a:13:{s:4:\"name\";s:6:\"Marvin\";s:11:\"description\";s:31:\"Boxy tabled theme in all grays.\";s:7:\"regions\";a:2:{s:4:\"left\";s:12:\"Left sidebar\";s:5:\"right\";s:13:\"Right sidebar\";}s:7:\"version\";s:4:\"6.22\";s:4:\"core\";s:3:\"6.x\";s:10:\"base theme\";s:9:\"chameleon\";s:7:\"project\";s:6:\"drupal\";s:9:\"datestamp\";s:10:\"1306357015\";s:8:\"features\";a:10:{i:0;s:20:\"comment_user_picture\";i:1;s:7:\"favicon\";i:2;s:7:\"mission\";i:3;s:4:\"logo\";i:4;s:4:\"name\";i:5;s:17:\"node_user_picture\";i:6;s:6:\"search\";i:7;s:6:\"slogan\";i:8;s:13:\"primary_links\";i:9;s:15:\"secondary_links\";}s:11:\"stylesheets\";a:1:{s:3:\"all\";a:1:{s:9:\"style.css\";s:33:\"themes/chameleon/marvin/style.css\";}}s:7:\"scripts\";a:1:{s:9:\"script.js\";s:33:\"themes/chameleon/marvin/script.js\";}s:10:\"screenshot\";s:38:\"themes/chameleon/marvin/screenshot.png\";s:3:\"php\";s:5:\"4.3.5\";}s:11:\"stylesheets\";a:1:{s:3:\"all\";a:1:{s:9:\"style.css\";s:33:\"themes/chameleon/marvin/style.css\";}}s:10:\"base_theme\";s:9:\"chameleon\";}}','block_admin_display','a:1:{i:0;s:6:\"marvin\";}','31','5','admin/build/block/list','admin/build/block','Marvin','t','','128','','','','0','modules/block/block.admin.inc');
INSERT INTO `menu_router` VALUES ('admin/build/block/list/minnelli','','','_block_themes_access','a:1:{i:0;O:8:\"stdClass\":13:{s:8:\"filename\";s:37:\"themes/garland/minnelli/minnelli.info\";s:4:\"name\";s:8:\"minnelli\";s:4:\"type\";s:5:\"theme\";s:5:\"owner\";s:45:\"themes/engines/phptemplate/phptemplate.engine\";s:6:\"status\";s:1:\"0\";s:8:\"throttle\";s:1:\"0\";s:9:\"bootstrap\";s:1:\"0\";s:14:\"schema_version\";s:2:\"-1\";s:6:\"weight\";s:1:\"0\";s:4:\"info\";a:14:{s:4:\"name\";s:8:\"Minnelli\";s:11:\"description\";s:56:\"Tableless, recolorable, multi-column, fixed width theme.\";s:7:\"version\";s:4:\"6.22\";s:4:\"core\";s:3:\"6.x\";s:10:\"base theme\";s:7:\"garland\";s:11:\"stylesheets\";a:1:{s:3:\"all\";a:1:{s:12:\"minnelli.css\";s:36:\"themes/garland/minnelli/minnelli.css\";}}s:7:\"project\";s:6:\"drupal\";s:9:\"datestamp\";s:10:\"1306357015\";s:7:\"regions\";a:5:{s:4:\"left\";s:12:\"Left sidebar\";s:5:\"right\";s:13:\"Right sidebar\";s:7:\"content\";s:7:\"Content\";s:6:\"header\";s:6:\"Header\";s:6:\"footer\";s:6:\"Footer\";}s:8:\"features\";a:10:{i:0;s:20:\"comment_user_picture\";i:1;s:7:\"favicon\";i:2;s:7:\"mission\";i:3;s:4:\"logo\";i:4;s:4:\"name\";i:5;s:17:\"node_user_picture\";i:6;s:6:\"search\";i:7;s:6:\"slogan\";i:8;s:13:\"primary_links\";i:9;s:15:\"secondary_links\";}s:7:\"scripts\";a:1:{s:9:\"script.js\";s:33:\"themes/garland/minnelli/script.js\";}s:10:\"screenshot\";s:38:\"themes/garland/minnelli/screenshot.png\";s:3:\"php\";s:5:\"4.3.5\";s:6:\"engine\";s:11:\"phptemplate\";}s:11:\"stylesheets\";a:1:{s:3:\"all\";a:1:{s:12:\"minnelli.css\";s:36:\"themes/garland/minnelli/minnelli.css\";}}s:6:\"engine\";s:11:\"phptemplate\";s:10:\"base_theme\";s:7:\"garland\";}}','block_admin_display','a:1:{i:0;s:8:\"minnelli\";}','31','5','admin/build/block/list','admin/build/block','Minnelli','t','','128','','','','0','modules/block/block.admin.inc'),('admin/build/block/list/new_ibd','','','_block_themes_access','a:1:{i:0;O:8:\"stdClass\":14:{s:8:\"filename\";s:37:\"sites/all/themes/new_ibd/new_ibd.info\";s:4:\"name\";s:7:\"new_ibd\";s:4:\"type\";s:5:\"theme\";s:5:\"owner\";s:45:\"themes/engines/phptemplate/phptemplate.engine\";s:6:\"status\";s:1:\"1\";s:8:\"throttle\";s:1:\"0\";s:9:\"bootstrap\";s:1:\"0\";s:14:\"schema_version\";s:2:\"-1\";s:6:\"weight\";s:1:\"0\";s:4:\"info\";a:11:{s:4:\"name\";s:7:\"New iBD\";s:11:\"description\";s:9:\"My theme.\";s:10:\"base theme\";s:3:\"tao\";s:4:\"core\";s:3:\"6.x\";s:6:\"engine\";s:11:\"phptemplate\";s:7:\"regions\";a:7:{s:4:\"left\";s:12:\"Left sidebar\";s:5:\"right\";s:13:\"Right sidebar\";s:11:\"content_top\";s:11:\"Content Top\";s:7:\"content\";s:7:\"Content\";s:14:\"content_bottom\";s:14:\"Content Bottom\";s:6:\"header\";s:6:\"Header\";s:6:\"footer\";s:6:\"Footer\";}s:11:\"stylesheets\";a:1:{s:6:\"screen\";a:1:{s:13:\"css/style.css\";s:38:\"sites/all/themes/new_ibd/css/style.css\";}}s:7:\"scripts\";a:1:{s:13:\"js/scripts.js\";s:38:\"sites/all/themes/new_ibd/js/scripts.js\";}s:8:\"features\";a:10:{i:0;s:20:\"comment_user_picture\";i:1;s:7:\"favicon\";i:2;s:7:\"mission\";i:3;s:4:\"logo\";i:4;s:4:\"name\";i:5;s:17:\"node_user_picture\";i:6;s:6:\"search\";i:7;s:6:\"slogan\";i:8;s:13:\"primary_links\";i:9;s:15:\"secondary_links\";}s:10:\"screenshot\";s:39:\"sites/all/themes/new_ibd/screenshot.png\";s:3:\"php\";s:5:\"4.3.5\";}s:11:\"stylesheets\";a:1:{s:6:\"screen\";a:1:{s:13:\"css/style.css\";s:38:\"sites/all/themes/new_ibd/css/style.css\";}}s:7:\"scripts\";a:1:{s:13:\"js/scripts.js\";s:38:\"sites/all/themes/new_ibd/js/scripts.js\";}s:6:\"engine\";s:11:\"phptemplate\";s:10:\"base_theme\";s:3:\"tao\";}}','block_admin_display','a:1:{i:0;s:7:\"new_ibd\";}','31','5','admin/build/block/list','admin/build/block','New iBD','t','','128','','','','0','modules/block/block.admin.inc');
INSERT INTO `menu_router` VALUES ('admin/build/block/list/pushbutton','','','_block_themes_access','a:1:{i:0;O:8:\"stdClass\":12:{s:8:\"filename\";s:33:\"themes/pushbutton/pushbutton.info\";s:4:\"name\";s:10:\"pushbutton\";s:4:\"type\";s:5:\"theme\";s:5:\"owner\";s:45:\"themes/engines/phptemplate/phptemplate.engine\";s:6:\"status\";s:1:\"0\";s:8:\"throttle\";s:1:\"0\";s:9:\"bootstrap\";s:1:\"0\";s:14:\"schema_version\";s:2:\"-1\";s:6:\"weight\";s:1:\"0\";s:4:\"info\";a:13:{s:4:\"name\";s:10:\"Pushbutton\";s:11:\"description\";s:52:\"Tabled, multi-column theme in blue and orange tones.\";s:7:\"version\";s:4:\"6.22\";s:4:\"core\";s:3:\"6.x\";s:6:\"engine\";s:11:\"phptemplate\";s:7:\"project\";s:6:\"drupal\";s:9:\"datestamp\";s:10:\"1306357015\";s:7:\"regions\";a:5:{s:4:\"left\";s:12:\"Left sidebar\";s:5:\"right\";s:13:\"Right sidebar\";s:7:\"content\";s:7:\"Content\";s:6:\"header\";s:6:\"Header\";s:6:\"footer\";s:6:\"Footer\";}s:8:\"features\";a:10:{i:0;s:20:\"comment_user_picture\";i:1;s:7:\"favicon\";i:2;s:7:\"mission\";i:3;s:4:\"logo\";i:4;s:4:\"name\";i:5;s:17:\"node_user_picture\";i:6;s:6:\"search\";i:7;s:6:\"slogan\";i:8;s:13:\"primary_links\";i:9;s:15:\"secondary_links\";}s:11:\"stylesheets\";a:1:{s:3:\"all\";a:1:{s:9:\"style.css\";s:27:\"themes/pushbutton/style.css\";}}s:7:\"scripts\";a:1:{s:9:\"script.js\";s:27:\"themes/pushbutton/script.js\";}s:10:\"screenshot\";s:32:\"themes/pushbutton/screenshot.png\";s:3:\"php\";s:5:\"4.3.5\";}s:11:\"stylesheets\";a:1:{s:3:\"all\";a:1:{s:9:\"style.css\";s:27:\"themes/pushbutton/style.css\";}}s:6:\"engine\";s:11:\"phptemplate\";}}','block_admin_display','a:1:{i:0;s:10:\"pushbutton\";}','31','5','admin/build/block/list','admin/build/block','Pushbutton','t','','128','','','','0','modules/block/block.admin.inc'),('admin/content/backup_migrate/export/quick','','','user_access','a:1:{i:0;s:25:\"access backup and migrate\";}','backup_migrate_menu_callback','a:3:{i:0;s:0:\"\";i:1;s:37:\"backup_migrate_ui_manual_backup_quick\";i:2;b:1;}','31','5','admin/content/backup_migrate/export','admin/content/backup_migrate','Quick Backup','t','','136','','Backup the database.','','0','');
INSERT INTO `menu_router` VALUES ('admin/settings/filters/%/order','a:1:{i:3;s:18:\"filter_format_load\";}','','user_access','a:1:{i:0;s:18:\"administer filters\";}','filter_admin_order_page','a:1:{i:0;i:3;}','29','5','admin/settings/filters/%','admin/settings/filters/%','Rearrange','t','','128','','','','2','modules/filter/filter.admin.inc'),('user/reset/%/%/%','a:3:{i:2;N;i:3;N;i:4;N;}','','1','a:0:{}','drupal_get_form','a:4:{i:0;s:15:\"user_pass_reset\";i:1;i:2;i:2;i:3;i:3;i:4;}','24','5','','user/reset/%/%/%','Reset password','t','','4','','','','0','modules/user/user.pages.inc'),('admin/build/block/list/rubik','','','_block_themes_access','a:1:{i:0;O:8:\"stdClass\":14:{s:8:\"filename\";s:33:\"sites/all/themes/rubik/rubik.info\";s:4:\"name\";s:5:\"rubik\";s:4:\"type\";s:5:\"theme\";s:5:\"owner\";s:45:\"themes/engines/phptemplate/phptemplate.engine\";s:6:\"status\";s:1:\"0\";s:8:\"throttle\";s:1:\"0\";s:9:\"bootstrap\";s:1:\"0\";s:14:\"schema_version\";s:2:\"-1\";s:6:\"weight\";s:1:\"0\";s:4:\"info\";a:11:{s:4:\"name\";s:5:\"Rubik\";s:11:\"description\";s:18:\"Clean admin theme.\";s:10:\"base theme\";s:3:\"tao\";s:4:\"core\";s:3:\"6.x\";s:6:\"engine\";s:11:\"phptemplate\";s:7:\"scripts\";a:1:{s:11:\"js/rubik.js\";s:34:\"sites/all/themes/rubik/js/rubik.js\";}s:11:\"stylesheets\";a:1:{s:6:\"screen\";a:3:{s:8:\"core.css\";s:31:\"sites/all/themes/rubik/core.css\";s:9:\"icons.css\";s:32:\"sites/all/themes/rubik/icons.css\";s:9:\"style.css\";s:32:\"sites/all/themes/rubik/style.css\";}}s:7:\"regions\";a:5:{s:4:\"left\";s:12:\"Left sidebar\";s:5:\"right\";s:13:\"Right sidebar\";s:7:\"content\";s:7:\"Content\";s:6:\"header\";s:6:\"Header\";s:6:\"footer\";s:6:\"Footer\";}s:8:\"features\";a:10:{i:0;s:20:\"comment_user_picture\";i:1;s:7:\"favicon\";i:2;s:7:\"mission\";i:3;s:4:\"logo\";i:4;s:4:\"name\";i:5;s:17:\"node_user_picture\";i:6;s:6:\"search\";i:7;s:6:\"slogan\";i:8;s:13:\"primary_links\";i:9;s:15:\"secondary_links\";}s:10:\"screenshot\";s:37:\"sites/all/themes/rubik/screenshot.png\";s:3:\"php\";s:5:\"4.3.5\";}s:11:\"stylesheets\";a:1:{s:6:\"screen\";a:3:{s:8:\"core.css\";s:31:\"sites/all/themes/rubik/core.css\";s:9:\"icons.css\";s:32:\"sites/all/themes/rubik/icons.css\";s:9:\"style.css\";s:32:\"sites/all/themes/rubik/style.css\";}}s:7:\"scripts\";a:1:{s:11:\"js/rubik.js\";s:34:\"sites/all/themes/rubik/js/rubik.js\";}s:6:\"engine\";s:11:\"phptemplate\";s:10:\"base_theme\";s:3:\"tao\";}}','block_admin_display','a:1:{i:0;s:5:\"rubik\";}','31','5','admin/build/block/list','admin/build/block','Rubik','t','','128','','','','0','modules/block/block.admin.inc');
INSERT INTO `menu_router` VALUES ('admin/build/block/list/tao','','','_block_themes_access','a:1:{i:0;O:8:\"stdClass\":13:{s:8:\"filename\";s:29:\"sites/all/themes/tao/tao.info\";s:4:\"name\";s:3:\"tao\";s:4:\"type\";s:5:\"theme\";s:5:\"owner\";s:45:\"themes/engines/phptemplate/phptemplate.engine\";s:6:\"status\";s:1:\"0\";s:8:\"throttle\";s:1:\"0\";s:9:\"bootstrap\";s:1:\"0\";s:14:\"schema_version\";s:2:\"-1\";s:6:\"weight\";s:1:\"0\";s:4:\"info\";a:10:{s:4:\"core\";s:3:\"6.x\";s:11:\"description\";s:149:\"Tao is a base theme that is all about going with the flow. It takes care of key reset and utility tasks so that sub-themes can get on with their job.\";s:6:\"engine\";s:11:\"phptemplate\";s:4:\"name\";s:3:\"Tao\";s:7:\"regions\";a:5:{s:4:\"left\";s:12:\"Left sidebar\";s:5:\"right\";s:13:\"Right sidebar\";s:7:\"content\";s:7:\"Content\";s:6:\"header\";s:6:\"Header\";s:6:\"footer\";s:6:\"Footer\";}s:7:\"scripts\";a:1:{s:9:\"js/tao.js\";s:30:\"sites/all/themes/tao/js/tao.js\";}s:11:\"stylesheets\";a:3:{s:6:\"screen\";a:3:{s:9:\"reset.css\";s:30:\"sites/all/themes/tao/reset.css\";s:10:\"drupal.css\";s:31:\"sites/all/themes/tao/drupal.css\";s:8:\"base.css\";s:29:\"sites/all/themes/tao/base.css\";}s:5:\"print\";a:3:{s:9:\"reset.css\";s:30:\"sites/all/themes/tao/reset.css\";s:8:\"base.css\";s:29:\"sites/all/themes/tao/base.css\";s:9:\"print.css\";s:30:\"sites/all/themes/tao/print.css\";}s:3:\"all\";a:20:{s:9:\"admin.css\";s:30:\"sites/all/themes/tao/admin.css\";s:9:\"block.css\";s:30:\"sites/all/themes/tao/block.css\";s:8:\"book.css\";s:29:\"sites/all/themes/tao/book.css\";s:11:\"comment.css\";s:32:\"sites/all/themes/tao/comment.css\";s:9:\"dblog.css\";s:30:\"sites/all/themes/tao/dblog.css\";s:12:\"defaults.css\";s:33:\"sites/all/themes/tao/defaults.css\";s:9:\"forum.css\";s:30:\"sites/all/themes/tao/forum.css\";s:8:\"help.css\";s:29:\"sites/all/themes/tao/help.css\";s:15:\"maintenance.css\";s:36:\"sites/all/themes/tao/maintenance.css\";s:8:\"node.css\";s:29:\"sites/all/themes/tao/node.css\";s:10:\"openid.css\";s:31:\"sites/all/themes/tao/openid.css\";s:8:\"poll.css\";s:29:\"sites/all/themes/tao/poll.css\";s:11:\"profile.css\";s:32:\"sites/all/themes/tao/profile.css\";s:10:\"search.css\";s:31:\"sites/all/themes/tao/search.css\";s:10:\"system.css\";s:31:\"sites/all/themes/tao/system.css\";s:16:\"system-menus.css\";s:37:\"sites/all/themes/tao/system-menus.css\";s:12:\"taxonomy.css\";s:33:\"sites/all/themes/tao/taxonomy.css\";s:11:\"tracker.css\";s:32:\"sites/all/themes/tao/tracker.css\";s:10:\"update.css\";s:31:\"sites/all/themes/tao/update.css\";s:8:\"user.css\";s:29:\"sites/all/themes/tao/user.css\";}}s:8:\"features\";a:10:{i:0;s:20:\"comment_user_picture\";i:1;s:7:\"favicon\";i:2;s:7:\"mission\";i:3;s:4:\"logo\";i:4;s:4:\"name\";i:5;s:17:\"node_user_picture\";i:6;s:6:\"search\";i:7;s:6:\"slogan\";i:8;s:13:\"primary_links\";i:9;s:15:\"secondary_links\";}s:10:\"screenshot\";s:35:\"sites/all/themes/tao/screenshot.png\";s:3:\"php\";s:5:\"4.3.5\";}s:11:\"stylesheets\";a:3:{s:6:\"screen\";a:3:{s:9:\"reset.css\";s:30:\"sites/all/themes/tao/reset.css\";s:10:\"drupal.css\";s:31:\"sites/all/themes/tao/drupal.css\";s:8:\"base.css\";s:29:\"sites/all/themes/tao/base.css\";}s:5:\"print\";a:3:{s:9:\"reset.css\";s:30:\"sites/all/themes/tao/reset.css\";s:8:\"base.css\";s:29:\"sites/all/themes/tao/base.css\";s:9:\"print.css\";s:30:\"sites/all/themes/tao/print.css\";}s:3:\"all\";a:20:{s:9:\"admin.css\";s:30:\"sites/all/themes/tao/admin.css\";s:9:\"block.css\";s:30:\"sites/all/themes/tao/block.css\";s:8:\"book.css\";s:29:\"sites/all/themes/tao/book.css\";s:11:\"comment.css\";s:32:\"sites/all/themes/tao/comment.css\";s:9:\"dblog.css\";s:30:\"sites/all/themes/tao/dblog.css\";s:12:\"defaults.css\";s:33:\"sites/all/themes/tao/defaults.css\";s:9:\"forum.css\";s:30:\"sites/all/themes/tao/forum.css\";s:8:\"help.css\";s:29:\"sites/all/themes/tao/help.css\";s:15:\"maintenance.css\";s:36:\"sites/all/themes/tao/maintenance.css\";s:8:\"node.css\";s:29:\"sites/all/themes/tao/node.css\";s:10:\"openid.css\";s:31:\"sites/all/themes/tao/openid.css\";s:8:\"poll.css\";s:29:\"sites/all/themes/tao/poll.css\";s:11:\"profile.css\";s:32:\"sites/all/themes/tao/profile.css\";s:10:\"search.css\";s:31:\"sites/all/themes/tao/search.css\";s:10:\"system.css\";s:31:\"sites/all/themes/tao/system.css\";s:16:\"system-menus.css\";s:37:\"sites/all/themes/tao/system-menus.css\";s:12:\"taxonomy.css\";s:33:\"sites/all/themes/tao/taxonomy.css\";s:11:\"tracker.css\";s:32:\"sites/all/themes/tao/tracker.css\";s:10:\"update.css\";s:31:\"sites/all/themes/tao/update.css\";s:8:\"user.css\";s:29:\"sites/all/themes/tao/user.css\";}}s:7:\"scripts\";a:1:{s:9:\"js/tao.js\";s:30:\"sites/all/themes/tao/js/tao.js\";}s:6:\"engine\";s:11:\"phptemplate\";}}','block_admin_display','a:1:{i:0;s:3:\"tao\";}','31','5','admin/build/block/list','admin/build/block','Tao','t','','128','','','','0','modules/block/block.admin.inc');
INSERT INTO `menu_router` VALUES ('admin/build/block/list/sobg','','','_block_themes_access','a:1:{i:0;O:8:\"stdClass\":13:{s:8:\"filename\";s:31:\"sites/all/themes/sobg/sobg.info\";s:4:\"name\";s:4:\"sobg\";s:4:\"type\";s:5:\"theme\";s:5:\"owner\";s:45:\"themes/engines/phptemplate/phptemplate.engine\";s:6:\"status\";s:1:\"1\";s:8:\"throttle\";s:1:\"0\";s:9:\"bootstrap\";s:1:\"0\";s:14:\"schema_version\";s:2:\"-1\";s:6:\"weight\";s:1:\"0\";s:4:\"info\";a:11:{s:4:\"name\";s:22:\"The State of Bluegrass\";s:11:\"description\";s:26:\"State of Bluegrass\' theme.\";s:10:\"base theme\";s:7:\"new_ibd\";s:4:\"core\";s:3:\"6.x\";s:6:\"engine\";s:11:\"phptemplate\";s:7:\"regions\";a:7:{s:4:\"left\";s:12:\"Left sidebar\";s:5:\"right\";s:13:\"Right sidebar\";s:11:\"content_top\";s:11:\"Content Top\";s:7:\"content\";s:7:\"Content\";s:14:\"content_bottom\";s:14:\"Content Bottom\";s:6:\"header\";s:6:\"Header\";s:6:\"footer\";s:6:\"Footer\";}s:11:\"stylesheets\";a:1:{s:6:\"screen\";a:1:{s:9:\"style.css\";s:31:\"sites/all/themes/sobg/style.css\";}}s:7:\"scripts\";a:1:{s:13:\"js/scripts.js\";s:35:\"sites/all/themes/sobg/js/scripts.js\";}s:8:\"features\";a:10:{i:0;s:20:\"comment_user_picture\";i:1;s:7:\"favicon\";i:2;s:7:\"mission\";i:3;s:4:\"logo\";i:4;s:4:\"name\";i:5;s:17:\"node_user_picture\";i:6;s:6:\"search\";i:7;s:6:\"slogan\";i:8;s:13:\"primary_links\";i:9;s:15:\"secondary_links\";}s:10:\"screenshot\";s:36:\"sites/all/themes/sobg/screenshot.png\";s:3:\"php\";s:5:\"4.3.5\";}s:11:\"stylesheets\";a:1:{s:6:\"screen\";a:1:{s:9:\"style.css\";s:31:\"sites/all/themes/sobg/style.css\";}}s:6:\"engine\";s:11:\"phptemplate\";s:10:\"base_theme\";s:7:\"new_ibd\";}}','block_admin_display','a:1:{i:0;s:4:\"sobg\";}','31','5','admin/build/block/list','admin/build/block','The State of Bluegrass','t','','136','','','','-10','modules/block/block.admin.inc'),('admin/build/block/list/ibd','','','_block_themes_access','a:1:{i:0;O:8:\"stdClass\":14:{s:8:\"filename\";s:29:\"sites/all/themes/ibd/ibd.info\";s:4:\"name\";s:3:\"ibd\";s:4:\"type\";s:5:\"theme\";s:5:\"owner\";s:45:\"themes/engines/phptemplate/phptemplate.engine\";s:6:\"status\";s:1:\"1\";s:8:\"throttle\";s:1:\"0\";s:9:\"bootstrap\";s:1:\"0\";s:14:\"schema_version\";s:2:\"-1\";s:6:\"weight\";s:1:\"0\";s:4:\"info\";a:11:{s:4:\"name\";s:3:\"iBD\";s:11:\"description\";s:9:\"My theme.\";s:10:\"base theme\";s:3:\"tao\";s:4:\"core\";s:3:\"6.x\";s:6:\"engine\";s:11:\"phptemplate\";s:7:\"regions\";a:6:{s:4:\"left\";s:12:\"Left sidebar\";s:5:\"right\";s:13:\"Right sidebar\";s:11:\"content_top\";s:11:\"Content Top\";s:7:\"content\";s:7:\"Content\";s:6:\"header\";s:6:\"Header\";s:6:\"footer\";s:6:\"Footer\";}s:7:\"scripts\";a:1:{s:13:\"js/twitter.js\";s:34:\"sites/all/themes/ibd/js/twitter.js\";}s:11:\"stylesheets\";a:1:{s:3:\"all\";a:3:{s:9:\"reset.css\";s:30:\"sites/all/themes/ibd/reset.css\";s:7:\"960.css\";s:28:\"sites/all/themes/ibd/960.css\";s:9:\"style.css\";s:30:\"sites/all/themes/ibd/style.css\";}}s:8:\"features\";a:10:{i:0;s:20:\"comment_user_picture\";i:1;s:7:\"favicon\";i:2;s:7:\"mission\";i:3;s:4:\"logo\";i:4;s:4:\"name\";i:5;s:17:\"node_user_picture\";i:6;s:6:\"search\";i:7;s:6:\"slogan\";i:8;s:13:\"primary_links\";i:9;s:15:\"secondary_links\";}s:10:\"screenshot\";s:35:\"sites/all/themes/ibd/screenshot.png\";s:3:\"php\";s:5:\"4.3.5\";}s:11:\"stylesheets\";a:1:{s:3:\"all\";a:3:{s:9:\"reset.css\";s:30:\"sites/all/themes/ibd/reset.css\";s:7:\"960.css\";s:28:\"sites/all/themes/ibd/960.css\";s:9:\"style.css\";s:30:\"sites/all/themes/ibd/style.css\";}}s:7:\"scripts\";a:1:{s:13:\"js/twitter.js\";s:34:\"sites/all/themes/ibd/js/twitter.js\";}s:6:\"engine\";s:11:\"phptemplate\";s:10:\"base_theme\";s:3:\"tao\";}}','block_admin_display','a:1:{i:0;s:3:\"ibd\";}','31','5','admin/build/block/list','admin/build/block','iBD','t','','128','','','','0','modules/block/block.admin.inc');
INSERT INTO `menu_router` VALUES ('admin/settings/date-time/formats/add','','','user_access','a:1:{i:0;s:29:\"administer site configuration\";}','drupal_get_form','a:1:{i:0;s:30:\"date_api_add_date_formats_form\";}','31','5','admin/settings/date-time/formats','admin/settings/date-time','Add format','t','','128','','Allow users to add additional date formats.','','3','sites/all/modules/date/date_api.admin.inc'),('admin/content/taxonomy/add/vocabulary','','','user_access','a:1:{i:0;s:19:\"administer taxonomy\";}','drupal_get_form','a:1:{i:0;s:24:\"taxonomy_form_vocabulary\";}','31','5','admin/content/taxonomy','admin/content/taxonomy','Add vocabulary','t','','128','','','','0','modules/taxonomy/taxonomy.admin.inc'),('admin/settings/date-time/formats/configure','','','user_access','a:1:{i:0;s:29:\"administer site configuration\";}','drupal_get_form','a:1:{i:0;s:26:\"date_api_date_formats_form\";}','31','5','admin/settings/date-time/formats','admin/settings/date-time','Configure','t','','136','','Allow users to configure date formats','','1','sites/all/modules/date/date_api.admin.inc'),('admin/settings/actions/delete/%','a:1:{i:4;s:12:\"actions_load\";}','','user_access','a:1:{i:0;s:18:\"administer actions\";}','drupal_get_form','a:2:{i:0;s:26:\"system_actions_delete_form\";i:1;i:4;}','30','5','','admin/settings/actions/delete/%','Delete action','t','','4','','Delete an action.','','0',''),('admin/build/contact/delete/%','a:1:{i:4;s:12:\"contact_load\";}','','user_access','a:1:{i:0;s:33:\"administer site-wide contact form\";}','drupal_get_form','a:2:{i:0;s:20:\"contact_admin_delete\";i:1;i:4;}','30','5','','admin/build/contact/delete/%','Delete contact','t','','4','','','','0','modules/contact/contact.admin.inc'),('admin/build/menu-customize/%/delete','a:1:{i:3;s:9:\"menu_load\";}','','user_access','a:1:{i:0;s:15:\"administer menu\";}','menu_delete_menu_page','a:1:{i:0;i:3;}','29','5','','admin/build/menu-customize/%/delete','Delete menu','t','','4','','','','0','modules/menu/menu.admin.inc'),('admin/content/backup_migrate/destination/downloadfile','','','user_access','a:1:{i:0;s:19:\"access backup files\";}','backup_migrate_menu_callback','a:3:{i:0;s:12:\"destinations\";i:1;s:43:\"backup_migrate_ui_destination_download_file\";i:2;b:1;}','31','5','','admin/content/backup_migrate/destination/downloadfile','Download File','t','','4','','Download a backup file','','0','');
INSERT INTO `menu_router` VALUES ('admin/build/contact/edit/%','a:1:{i:4;s:12:\"contact_load\";}','','user_access','a:1:{i:0;s:33:\"administer site-wide contact form\";}','drupal_get_form','a:3:{i:0;s:18:\"contact_admin_edit\";i:1;i:3;i:2;i:4;}','30','5','','admin/build/contact/edit/%','Edit contact category','t','','4','','','','0','modules/contact/contact.admin.inc'),('node/%/revisions/%/view','a:2:{i:1;a:1:{s:9:\"node_load\";a:1:{i:0;i:3;}}i:3;N;}','','_node_revision_access','a:1:{i:0;i:1;}','node_show','a:3:{i:0;i:1;i:1;N;i:2;b:1;}','21','5','','node/%/revisions/%/view','Revisions','t','','4','','','','0',''),('admin/views/ajax/autocomplete/user','','','user_access','a:1:{i:0;s:14:\"access content\";}','views_ajax_autocomplete_user','a:0:{}','31','5','','admin/views/ajax/autocomplete/user','','t','','4','','','','0','sites/all/modules/views/includes/ajax.inc'),('admin/views/ajax/autocomplete/tag','','','user_access','a:1:{i:0;s:16:\"administer views\";}','views_ui_autocomplete_tag','a:0:{}','31','5','','admin/views/ajax/autocomplete/tag','','t','','4','','','','0','sites/all/modules/views/includes/admin.inc'),('admin/build/views/tools/basic','','','user_access','a:1:{i:0;s:16:\"administer views\";}','drupal_get_form','a:1:{i:0;s:20:\"views_ui_admin_tools\";}','31','5','admin/build/views/tools','admin/build/views','Basic','t','','136','','','','-10','sites/all/modules/views/includes/admin.inc'),('admin/build/views/edit/%','a:1:{i:4;s:19:\"views_ui_cache_load\";}','','user_access','a:1:{i:0;s:16:\"administer views\";}','views_ui_edit_page','a:1:{i:0;i:4;}','30','5','admin/build/views','admin/build/views','Edit','t','','128','','','','0','sites/all/modules/views/includes/admin.inc'),('admin/build/views/tools/convert','','','user_access','a:1:{i:0;s:16:\"administer views\";}','views_ui_admin_convert','a:0:{}','31','5','admin/build/views/tools','admin/build/views','Convert','t','','128','','Convert stored Views 1 views.','','1','sites/all/modules/views/includes/convert.inc'),('admin/build/views/export/%','a:1:{i:4;s:19:\"views_ui_cache_load\";}','','user_access','a:1:{i:0;s:16:\"administer views\";}','drupal_get_form','a:2:{i:0;s:20:\"views_ui_export_page\";i:1;i:4;}','30','5','','admin/build/views/export/%','','t','','4','','','','0','sites/all/modules/views/includes/admin.inc');
INSERT INTO `menu_router` VALUES ('admin/build/views/clone/%','a:1:{i:4;s:19:\"views_ui_cache_load\";}','','user_access','a:1:{i:0;s:16:\"administer views\";}','views_ui_clone_page','a:1:{i:0;i:4;}','30','5','','admin/build/views/clone/%','','t','','4','','','','0','sites/all/modules/views/includes/admin.inc'),('node/%/revisions/%/delete','a:2:{i:1;a:1:{s:9:\"node_load\";a:1:{i:0;i:3;}}i:3;N;}','','_node_revision_access','a:2:{i:0;i:1;i:1;s:6:\"delete\";}','drupal_get_form','a:2:{i:0;s:28:\"node_revision_delete_confirm\";i:1;i:1;}','21','5','','node/%/revisions/%/delete','Delete earlier revision','t','','4','','','','0','modules/node/node.pages.inc'),('admin/build/views/break-lock/%','a:1:{i:4;s:19:\"views_ui_cache_load\";}','','user_access','a:1:{i:0;s:16:\"administer views\";}','drupal_get_form','a:2:{i:0;s:27:\"views_ui_break_lock_confirm\";i:1;i:4;}','30','5','','admin/build/views/break-lock/%','Delete view','t','','4','','','','0','sites/all/modules/views/includes/admin.inc'),('node/%/revisions/%/revert','a:2:{i:1;a:1:{s:9:\"node_load\";a:1:{i:0;i:3;}}i:3;N;}','','_node_revision_access','a:2:{i:0;i:1;i:1;s:6:\"update\";}','drupal_get_form','a:2:{i:0;s:28:\"node_revision_revert_confirm\";i:1;i:1;}','21','5','','node/%/revisions/%/revert','Revert to earlier revision','t','','4','','','','0','modules/node/node.pages.inc'),('admin/build/views/delete/%','a:1:{i:4;s:19:\"views_ui_cache_load\";}','','user_access','a:1:{i:0;s:16:\"administer views\";}','drupal_get_form','a:2:{i:0;s:23:\"views_ui_delete_confirm\";i:1;i:4;}','30','5','','admin/build/views/delete/%','Delete view','t','','4','','','','0','sites/all/modules/views/includes/admin.inc'),('admin/settings/xmlsitemap/delete/%','a:1:{i:4;s:23:\"xmlsitemap_sitemap_load\";}','','user_access','a:1:{i:0;s:21:\"administer xmlsitemap\";}','drupal_get_form','a:2:{i:0;s:30:\"xmlsitemap_sitemap_delete_form\";i:1;i:4;}','30','5','','admin/settings/xmlsitemap/delete/%','','t','','4','','','','0','sites/all/modules/xmlsitemap/xmlsitemap.admin.inc'),('admin/build/views/disable/%','a:1:{i:4;s:21:\"views_ui_default_load\";}','','user_access','a:1:{i:0;s:16:\"administer views\";}','views_ui_disable_page','a:1:{i:0;i:4;}','30','5','','admin/build/views/disable/%','','t','','4','','','','0','sites/all/modules/views/includes/admin.inc');
INSERT INTO `menu_router` VALUES ('admin/settings/date-time/delete/%','a:1:{i:4;N;}','','user_access','a:1:{i:0;s:29:\"administer site configuration\";}','drupal_get_form','a:2:{i:0;s:32:\"date_api_delete_format_type_form\";i:1;i:4;}','30','5','','admin/settings/date-time/delete/%','Delete date format type','t','','4','','Allow users to delete a configured date format type.','','0','sites/all/modules/date/date_api.admin.inc'),('admin/build/views/enable/%','a:1:{i:4;s:21:\"views_ui_default_load\";}','','user_access','a:1:{i:0;s:16:\"administer views\";}','views_ui_enable_page','a:1:{i:0;i:4;}','30','5','','admin/build/views/enable/%','','t','','4','','','','0','sites/all/modules/views/includes/admin.inc'),('admin/settings/xmlsitemap/edit/%','a:1:{i:4;s:23:\"xmlsitemap_sitemap_load\";}','','user_access','a:1:{i:0;s:21:\"administer xmlsitemap\";}','drupal_get_form','a:2:{i:0;s:28:\"xmlsitemap_sitemap_edit_form\";i:1;i:4;}','30','5','','admin/settings/xmlsitemap/edit/%','Edit XML sitemap','t','','4','','','','0','sites/all/modules/xmlsitemap/xmlsitemap.admin.inc'),('admin/build/imagecache/%/delete','a:1:{i:3;s:25:\"imagecache_ui_preset_load\";}','','user_access','a:1:{i:0;s:21:\"administer imagecache\";}','drupal_get_form','a:2:{i:0;s:32:\"imagecache_ui_preset_delete_form\";i:1;i:3;}','29','5','','admin/build/imagecache/%/delete','','imagecache_preset_title_callback','a:2:{i:0;s:26:\"Delete preset: !presetname\";i:1;i:3;}','4','','','','0','sites/all/modules/imagecache/imagecache_ui.pages.inc'),('admin/build/imagecache/%/export','a:1:{i:3;s:25:\"imagecache_ui_preset_load\";}','','user_access','a:1:{i:0;s:21:\"administer imagecache\";}','drupal_get_form','a:2:{i:0;s:32:\"imagecache_ui_preset_export_form\";i:1;i:3;}','29','5','','admin/build/imagecache/%/export','','imagecache_preset_title_callback','a:2:{i:0;s:26:\"Export preset: !presetname\";i:1;i:3;}','4','','','','0','sites/all/modules/imagecache/imagecache_ui.pages.inc'),('admin/build/imagecache/%/flush','a:1:{i:3;s:25:\"imagecache_ui_preset_load\";}','','user_access','a:1:{i:0;s:16:\"flush imagecache\";}','drupal_get_form','a:2:{i:0;s:31:\"imagecache_ui_preset_flush_form\";i:1;i:3;}','29','5','','admin/build/imagecache/%/flush','','imagecache_preset_title_callback','a:2:{i:0;s:25:\"Flush preset: !presetname\";i:1;i:3;}','4','','','','0','sites/all/modules/imagecache/imagecache_ui.pages.inc');
INSERT INTO `menu_router` VALUES ('admin/build/imagecache/%/override','a:1:{i:3;s:25:\"imagecache_ui_preset_load\";}','','user_access','a:1:{i:0;s:21:\"administer imagecache\";}','drupal_get_form','a:3:{i:0;s:25:\"imagecache_ui_preset_form\";i:1;i:3;i:2;b:1;}','29','5','','admin/build/imagecache/%/override','','imagecache_preset_title_callback','a:2:{i:0;s:28:\"Override preset: !presetname\";i:1;i:3;}','4','','','','0','sites/all/modules/imagecache/imagecache_ui.pages.inc'),('admin/build/imagecache/%/%','a:2:{i:3;s:25:\"imagecache_ui_preset_load\";i:4;s:22:\"imagecache_action_load\";}','','user_access','a:1:{i:0;s:21:\"administer imagecache\";}','drupal_get_form','a:3:{i:0;s:25:\"imagecache_ui_action_form\";i:1;i:3;i:2;i:4;}','28','5','','admin/build/imagecache/%/%','','imagecache_preset_title_callback','a:3:{i:0;s:30:\"!action for preset !presetname\";i:1;i:3;i:2;i:4;}','4','','','','0','sites/all/modules/imagecache/imagecache_ui.pages.inc'),('admin/build/context/list/%','a:1:{i:4;a:1:{s:21:\"ctools_export_ui_load\";a:1:{i:0;s:7:\"context\";}}}','','ctools_export_ui_task_access','a:3:{i:0;s:7:\"context\";i:1;s:4:\"edit\";i:2;i:4;}','ctools_export_ui_switcher_page','a:3:{i:0;s:7:\"context\";i:1;s:4:\"edit\";i:2;i:4;}','30','5','','admin/build/context/list/%','','t','','4','','','','0','sites/all/modules/ctools/includes/export-ui.inc'),('admin/content/node-type/page/display/basic','','','user_access','a:1:{i:0;s:24:\"administer content types\";}','drupal_get_form','a:3:{i:0;s:29:\"content_display_overview_form\";i:1;s:4:\"page\";i:2;s:5:\"basic\";}','63','6','admin/content/node-type/page/display','admin/content/node-type/page','Basic','t','','136','','','','0','sites/all/modules/cck/includes/content.admin.inc'),('admin/content/node-type/story/display/basic','','','user_access','a:1:{i:0;s:24:\"administer content types\";}','drupal_get_form','a:3:{i:0;s:29:\"content_display_overview_form\";i:1;s:5:\"story\";i:2;s:5:\"basic\";}','63','6','admin/content/node-type/story/display','admin/content/node-type/story','Basic','t','','136','','','','0','sites/all/modules/cck/includes/content.admin.inc');
INSERT INTO `menu_router` VALUES ('admin/content/node-type/page/display/rss','','','user_access','a:1:{i:0;s:24:\"administer content types\";}','drupal_get_form','a:3:{i:0;s:29:\"content_display_overview_form\";i:1;s:4:\"page\";i:2;s:3:\"rss\";}','63','6','admin/content/node-type/page/display','admin/content/node-type/page','RSS','t','','128','','','','1','sites/all/modules/cck/includes/content.admin.inc'),('admin/content/node-type/story/display/rss','','','user_access','a:1:{i:0;s:24:\"administer content types\";}','drupal_get_form','a:3:{i:0;s:29:\"content_display_overview_form\";i:1;s:5:\"story\";i:2;s:3:\"rss\";}','63','6','admin/content/node-type/story/display','admin/content/node-type/story','RSS','t','','128','','','','1','sites/all/modules/cck/includes/content.admin.inc'),('admin/content/node-type/page/display/search','','','user_access','a:1:{i:0;s:24:\"administer content types\";}','drupal_get_form','a:3:{i:0;s:29:\"content_display_overview_form\";i:1;s:4:\"page\";i:2;s:6:\"search\";}','63','6','admin/content/node-type/page/display','admin/content/node-type/page','Search','t','','128','','','','1','sites/all/modules/cck/includes/content.admin.inc'),('admin/content/node-type/story/display/search','','','user_access','a:1:{i:0;s:24:\"administer content types\";}','drupal_get_form','a:3:{i:0;s:29:\"content_display_overview_form\";i:1;s:5:\"story\";i:2;s:6:\"search\";}','63','6','admin/content/node-type/story/display','admin/content/node-type/story','Search','t','','128','','','','1','sites/all/modules/cck/includes/content.admin.inc'),('admin/content/node-type/page/display/token','','','user_access','a:1:{i:0;s:24:\"administer content types\";}','drupal_get_form','a:3:{i:0;s:29:\"content_display_overview_form\";i:1;s:4:\"page\";i:2;s:5:\"token\";}','63','6','admin/content/node-type/page/display','admin/content/node-type/page','Token','t','','128','','','','1','sites/all/modules/cck/includes/content.admin.inc'),('admin/content/node-type/story/display/token','','','user_access','a:1:{i:0;s:24:\"administer content types\";}','drupal_get_form','a:3:{i:0;s:29:\"content_display_overview_form\";i:1;s:5:\"story\";i:2;s:5:\"token\";}','63','6','admin/content/node-type/story/display','admin/content/node-type/story','Token','t','','128','','','','1','sites/all/modules/cck/includes/content.admin.inc');
INSERT INTO `menu_router` VALUES ('admin/build/views/tools/export/results','','','user_access','a:1:{i:0;s:18:\"use views exporter\";}','views_export_export','a:0:{}','63','6','','admin/build/views/tools/export/results','','t','','4','','','','0',''),('admin/content/backup_migrate/destination/list/files','','','user_access','a:1:{i:0;s:19:\"access backup files\";}','backup_migrate_menu_callback','a:3:{i:0;s:12:\"destinations\";i:1;s:43:\"backup_migrate_ui_destination_display_files\";i:2;b:1;}','63','6','admin/content/backup_migrate/destination/list','admin/content/backup_migrate','Destination Files','t','','128','','','','0',''),('admin/content/backup_migrate/destination/list/delete','','','user_access','a:1:{i:0;s:29:\"administer backup and migrate\";}','backup_migrate_menu_callback','a:3:{i:0;s:4:\"crud\";i:1;s:29:\"backup_migrate_crud_ui_delete\";i:2;b:1;}','63','6','admin/content/backup_migrate/destination/list','admin/content/backup_migrate','Delete !type','t','a:1:{s:5:\"!type\";s:11:\"Destination\";}','128','','','','0',''),('admin/content/backup_migrate/profile/list/delete','','','user_access','a:1:{i:0;s:29:\"administer backup and migrate\";}','backup_migrate_menu_callback','a:3:{i:0;s:4:\"crud\";i:1;s:29:\"backup_migrate_crud_ui_delete\";i:2;b:1;}','63','6','admin/content/backup_migrate/profile/list','admin/content/backup_migrate','Delete !type','t','a:1:{s:5:\"!type\";s:7:\"Profile\";}','128','','','','0',''),('admin/content/backup_migrate/schedule/list/delete','','','user_access','a:1:{i:0;s:29:\"administer backup and migrate\";}','backup_migrate_menu_callback','a:3:{i:0;s:4:\"crud\";i:1;s:29:\"backup_migrate_crud_ui_delete\";i:2;b:1;}','63','6','admin/content/backup_migrate/schedule/list','admin/content/backup_migrate','Delete !type','t','a:1:{s:5:\"!type\";s:8:\"Schedule\";}','128','','','','0',''),('admin/content/backup_migrate/destination/list/deletefile','','','user_access','a:1:{i:0;s:19:\"delete backup files\";}','backup_migrate_menu_callback','a:3:{i:0;s:12:\"destinations\";i:1;s:41:\"backup_migrate_ui_destination_delete_file\";i:2;b:1;}','63','6','admin/content/backup_migrate/destination/list','admin/content/backup_migrate','Delete File','t','','128','','Delete a backup file','','0','');
INSERT INTO `menu_router` VALUES ('admin/content/backup_migrate/destination/list/edit','','','user_access','a:1:{i:0;s:29:\"administer backup and migrate\";}','backup_migrate_menu_callback','a:3:{i:0;s:4:\"crud\";i:1;s:27:\"backup_migrate_crud_ui_edit\";i:2;b:1;}','63','6','admin/content/backup_migrate/destination/list','admin/content/backup_migrate','Edit !type','t','a:1:{s:5:\"!type\";s:11:\"Destination\";}','128','','','','0',''),('admin/content/backup_migrate/profile/list/edit','','','user_access','a:1:{i:0;s:29:\"administer backup and migrate\";}','backup_migrate_menu_callback','a:3:{i:0;s:4:\"crud\";i:1;s:27:\"backup_migrate_crud_ui_edit\";i:2;b:1;}','63','6','admin/content/backup_migrate/profile/list','admin/content/backup_migrate','Edit !type','t','a:1:{s:5:\"!type\";s:7:\"Profile\";}','128','','','','0',''),('admin/content/backup_migrate/schedule/list/edit','','','user_access','a:1:{i:0;s:29:\"administer backup and migrate\";}','backup_migrate_menu_callback','a:3:{i:0;s:4:\"crud\";i:1;s:27:\"backup_migrate_crud_ui_edit\";i:2;b:1;}','63','6','admin/content/backup_migrate/schedule/list','admin/content/backup_migrate','Edit !type','t','a:1:{s:5:\"!type\";s:8:\"Schedule\";}','128','','','','0',''),('admin/content/backup_migrate/destination/list/export','','','user_access','a:1:{i:0;s:29:\"administer backup and migrate\";}','backup_migrate_menu_callback','a:3:{i:0;s:4:\"crud\";i:1;s:29:\"backup_migrate_crud_ui_export\";i:2;b:1;}','63','6','admin/content/backup_migrate/destination/list','admin/content/backup_migrate','Export !type','t','a:1:{s:5:\"!type\";s:11:\"Destination\";}','128','','','','0',''),('admin/content/backup_migrate/profile/list/export','','','user_access','a:1:{i:0;s:29:\"administer backup and migrate\";}','backup_migrate_menu_callback','a:3:{i:0;s:4:\"crud\";i:1;s:29:\"backup_migrate_crud_ui_export\";i:2;b:1;}','63','6','admin/content/backup_migrate/profile/list','admin/content/backup_migrate','Export !type','t','a:1:{s:5:\"!type\";s:7:\"Profile\";}','128','','','','0',''),('admin/content/backup_migrate/schedule/list/export','','','user_access','a:1:{i:0;s:29:\"administer backup and migrate\";}','backup_migrate_menu_callback','a:3:{i:0;s:4:\"crud\";i:1;s:29:\"backup_migrate_crud_ui_export\";i:2;b:1;}','63','6','admin/content/backup_migrate/schedule/list','admin/content/backup_migrate','Export !type','t','a:1:{s:5:\"!type\";s:8:\"Schedule\";}','128','','','','0','');
INSERT INTO `menu_router` VALUES ('admin/content/backup_migrate/destination/list/restorefile','','','user_access','a:1:{i:0;s:19:\"restore from backup\";}','backup_migrate_menu_callback','a:3:{i:0;s:12:\"destinations\";i:1;s:42:\"backup_migrate_ui_destination_restore_file\";i:2;b:1;}','63','6','admin/content/backup_migrate/destination/list','admin/content/backup_migrate','Restore from backup','t','','128','','Restore database from a backup file on the server','','0',''),('admin/content/taxonomy/%/add/term','a:1:{i:3;s:24:\"taxonomy_vocabulary_load\";}','','user_access','a:1:{i:0;s:19:\"administer taxonomy\";}','taxonomy_add_term_page','a:1:{i:0;i:3;}','59','6','admin/content/taxonomy/%','admin/content/taxonomy/%','Add term','t','','128','','','','0','modules/taxonomy/taxonomy.admin.inc'),('admin/build/menu/item/%/delete','a:1:{i:4;s:14:\"menu_link_load\";}','','user_access','a:1:{i:0;s:15:\"administer menu\";}','menu_item_delete_page','a:1:{i:0;i:4;}','61','6','','admin/build/menu/item/%/delete','Delete menu item','t','','4','','','','0','modules/menu/menu.admin.inc'),('admin/build/menu/item/%/edit','a:1:{i:4;s:14:\"menu_link_load\";}','','user_access','a:1:{i:0;s:15:\"administer menu\";}','drupal_get_form','a:4:{i:0;s:14:\"menu_edit_item\";i:1;s:4:\"edit\";i:2;i:4;i:3;N;}','61','6','','admin/build/menu/item/%/edit','Edit menu item','t','','4','','','','0','modules/menu/menu.admin.inc'),('admin/content/taxonomy/edit/vocabulary/%','a:1:{i:5;s:24:\"taxonomy_vocabulary_load\";}','','user_access','a:1:{i:0;s:19:\"administer taxonomy\";}','taxonomy_admin_vocabulary_edit','a:1:{i:0;i:5;}','62','6','','admin/content/taxonomy/edit/vocabulary/%','Edit vocabulary','t','','4','','','','0','modules/taxonomy/taxonomy.admin.inc'),('admin/build/menu/item/%/reset','a:1:{i:4;s:14:\"menu_link_load\";}','','user_access','a:1:{i:0;s:15:\"administer menu\";}','drupal_get_form','a:2:{i:0;s:23:\"menu_reset_item_confirm\";i:1;i:4;}','61','6','','admin/build/menu/item/%/reset','Reset menu item','t','','4','','','','0','modules/menu/menu.admin.inc');
INSERT INTO `menu_router` VALUES ('admin/build/views/%/add-display/%','a:2:{i:3;s:16:\"views_ui_js_load\";i:5;s:19:\"views_ui_cache_load\";}','','user_access','a:1:{i:0;s:16:\"administer views\";}','views_ui_add_display','a:2:{i:0;i:3;i:1;i:5;}','58','6','','admin/build/views/%/add-display/%','','t','','4','','','','0','sites/all/modules/views/includes/admin.inc'),('admin/build/views/%/%/%','a:3:{i:3;s:16:\"views_ui_js_load\";i:4;N;i:5;s:19:\"views_ui_cache_load\";}','','user_access','a:1:{i:0;s:16:\"administer views\";}','views_ui_ajax_form','a:3:{i:0;i:3;i:1;i:4;i:2;i:5;}','56','6','','admin/build/views/%/%/%','','t','','4','','','','0','sites/all/modules/views/includes/admin.inc'),('admin/build/views/%/analyze/%','a:2:{i:3;s:16:\"views_ui_js_load\";i:5;s:19:\"views_ui_cache_load\";}','','user_access','a:1:{i:0;s:16:\"administer views\";}','views_ui_analyze_view','a:2:{i:0;i:3;i:1;i:5;}','58','6','','admin/build/views/%/analyze/%','','t','','4','','','','0','sites/all/modules/views/includes/admin.inc'),('admin/build/views/%/details/%','a:2:{i:3;s:16:\"views_ui_js_load\";i:5;s:19:\"views_ui_cache_load\";}','','user_access','a:1:{i:0;s:16:\"administer views\";}','views_ui_edit_details','a:2:{i:0;i:3;i:1;i:5;}','58','6','','admin/build/views/%/details/%','','t','','4','','','','0','sites/all/modules/views/includes/admin.inc'),('admin/build/views/%/preview/%','a:2:{i:3;s:16:\"views_ui_js_load\";i:5;s:19:\"views_ui_cache_load\";}','','user_access','a:1:{i:0;s:16:\"administer views\";}','views_ui_preview','a:2:{i:0;i:3;i:1;i:5;}','58','6','','admin/build/views/%/preview/%','','t','','4','','','','0','sites/all/modules/views/includes/admin.inc'),('admin/settings/date-time/formats/delete/%','a:1:{i:5;N;}','','user_access','a:1:{i:0;s:29:\"administer site configuration\";}','drupal_get_form','a:2:{i:0;s:27:\"date_api_delete_format_form\";i:1;i:5;}','62','6','','admin/settings/date-time/formats/delete/%','Delete date format','t','','4','','Allow users to delete a configured date format.','','0','sites/all/modules/date/date_api.admin.inc');
INSERT INTO `menu_router` VALUES ('admin/build/imagecache/%/add/%','a:2:{i:3;s:25:\"imagecache_ui_preset_load\";i:5;N;}','','user_access','a:1:{i:0;s:21:\"administer imagecache\";}','imagecache_ui_action_add_page','a:2:{i:0;i:3;i:1;i:5;}','58','6','','admin/build/imagecache/%/add/%','','imagecache_preset_title_callback','a:3:{i:0;s:30:\"Add !actionname to !presetname\";i:1;i:3;i:2;i:5;}','4','','','','0','sites/all/modules/imagecache/imagecache_ui.pages.inc'),('admin/build/imagecache/%/%/delete','a:2:{i:3;s:25:\"imagecache_ui_preset_load\";i:4;s:22:\"imagecache_action_load\";}','','user_access','a:1:{i:0;s:21:\"administer imagecache\";}','drupal_get_form','a:3:{i:0;s:32:\"imagecache_ui_action_delete_form\";i:1;i:3;i:2;i:4;}','57','6','','admin/build/imagecache/%/%/delete','','imagecache_preset_title_callback','a:3:{i:0;s:37:\"Delete !action for preset !presetname\";i:1;i:3;i:2;i:4;}','4','','','','0','sites/all/modules/imagecache/imagecache_ui.pages.inc'),('admin/build/context/list/%/edit','a:1:{i:4;a:1:{s:21:\"ctools_export_ui_load\";a:1:{i:0;s:7:\"context\";}}}','','ctools_export_ui_task_access','a:3:{i:0;s:7:\"context\";i:1;s:4:\"edit\";i:2;i:4;}','ctools_export_ui_switcher_page','a:3:{i:0;s:7:\"context\";i:1;s:4:\"edit\";i:2;i:4;}','61','6','admin/build/context/list/%','admin/build/context/list/%','Edit','t','','136','','','','0','sites/all/modules/ctools/includes/export-ui.inc'),('admin/build/context/list/%/export','a:1:{i:4;a:1:{s:21:\"ctools_export_ui_load\";a:1:{i:0;s:7:\"context\";}}}','','ctools_export_ui_task_access','a:3:{i:0;s:7:\"context\";i:1;s:6:\"export\";i:2;i:4;}','ctools_export_ui_switcher_page','a:3:{i:0;s:7:\"context\";i:1;s:6:\"export\";i:2;i:4;}','61','6','admin/build/context/list/%','admin/build/context/list/%','Export','t','','128','','','','0','sites/all/modules/ctools/includes/export-ui.inc'),('admin/settings/xmlsitemap/settings/%/%','a:2:{i:4;a:1:{s:27:\"xmlsitemap_link_bundle_load\";a:1:{i:0;i:5;}}i:5;N;}','','xmlsitemap_link_bundle_access','a:1:{i:0;i:4;}','drupal_get_form','a:2:{i:0;s:36:\"xmlsitemap_link_bundle_settings_form\";i:1;i:4;}','60','6','','admin/settings/xmlsitemap/settings/%/%','','t','','6','','','','0','sites/all/modules/xmlsitemap/xmlsitemap.admin.inc');
INSERT INTO `menu_router` VALUES ('admin/build/context/list/%/clone','a:1:{i:4;a:1:{s:21:\"ctools_export_ui_load\";a:1:{i:0;s:7:\"context\";}}}','','ctools_export_ui_task_access','a:3:{i:0;s:7:\"context\";i:1;s:5:\"clone\";i:2;i:4;}','ctools_export_ui_switcher_page','a:3:{i:0;s:7:\"context\";i:1;s:5:\"clone\";i:2;i:4;}','61','6','','admin/build/context/list/%/clone','Clone','t','','4','','','','0','sites/all/modules/ctools/includes/export-ui.inc'),('admin/build/context/list/%/delete','a:1:{i:4;a:1:{s:21:\"ctools_export_ui_load\";a:1:{i:0;s:7:\"context\";}}}','','ctools_export_ui_task_access','a:3:{i:0;s:7:\"context\";i:1;s:6:\"delete\";i:2;i:4;}','ctools_export_ui_switcher_page','a:3:{i:0;s:7:\"context\";i:1;s:6:\"delete\";i:2;i:4;}','61','6','','admin/build/context/list/%/delete','Delete','t','','4','','','','0','sites/all/modules/ctools/includes/export-ui.inc'),('admin/build/context/list/%/disable','a:1:{i:4;a:1:{s:21:\"ctools_export_ui_load\";a:1:{i:0;s:7:\"context\";}}}','','ctools_export_ui_task_access','a:3:{i:0;s:7:\"context\";i:1;s:7:\"disable\";i:2;i:4;}','ctools_export_ui_switcher_page','a:3:{i:0;s:7:\"context\";i:1;s:7:\"disable\";i:2;i:4;}','61','6','','admin/build/context/list/%/disable','Disable','t','','4','','','','0','sites/all/modules/ctools/includes/export-ui.inc'),('admin/build/context/list/%/enable','a:1:{i:4;a:1:{s:21:\"ctools_export_ui_load\";a:1:{i:0;s:7:\"context\";}}}','','ctools_export_ui_task_access','a:3:{i:0;s:7:\"context\";i:1;s:6:\"enable\";i:2;i:4;}','ctools_export_ui_switcher_page','a:3:{i:0;s:7:\"context\";i:1;s:6:\"enable\";i:2;i:4;}','61','6','','admin/build/context/list/%/enable','Enable','t','','4','','','','0','sites/all/modules/ctools/includes/export-ui.inc'),('admin/build/context/list/%/revert','a:1:{i:4;a:1:{s:21:\"ctools_export_ui_load\";a:1:{i:0;s:7:\"context\";}}}','','ctools_export_ui_task_access','a:3:{i:0;s:7:\"context\";i:1;s:6:\"revert\";i:2;i:4;}','ctools_export_ui_switcher_page','a:3:{i:0;s:7:\"context\";i:1;s:6:\"delete\";i:2;i:4;}','61','6','','admin/build/context/list/%/revert','Revert','t','','4','','','','0','sites/all/modules/ctools/includes/export-ui.inc');
DROP TABLE IF EXISTS `node`;
CREATE TABLE `node` (   `nid` int(10) unsigned NOT NULL AUTO_INCREMENT,   `vid` int(10) unsigned NOT NULL DEFAULT '0',   `type` varchar(32) NOT NULL DEFAULT '',   `language` varchar(12) NOT NULL DEFAULT '',   `title` varchar(255) NOT NULL DEFAULT '',   `uid` int(11) NOT NULL DEFAULT '0',   `status` int(11) NOT NULL DEFAULT '1',   `created` int(11) NOT NULL DEFAULT '0',   `changed` int(11) NOT NULL DEFAULT '0',   `comment` int(11) NOT NULL DEFAULT '0',   `promote` int(11) NOT NULL DEFAULT '0',   `moderate` int(11) NOT NULL DEFAULT '0',   `sticky` int(11) NOT NULL DEFAULT '0',   `tnid` int(10) unsigned NOT NULL DEFAULT '0',   `translate` int(11) NOT NULL DEFAULT '0',   PRIMARY KEY (`nid`),   UNIQUE KEY `vid` (`vid`),   KEY `node_changed` (`changed`),   KEY `node_created` (`created`),   KEY `node_moderate` (`moderate`),   KEY `node_promote_status` (`promote`,`status`),   KEY `node_status_type` (`status`,`type`,`nid`),   KEY `node_title_type` (`title`,`type`(4)),   KEY `node_type` (`type`(4)),   KEY `uid` (`uid`),   KEY `tnid` (`tnid`),   KEY `translate` (`translate`) ) ENGINE=MyISAM DEFAULT CHARSET=utf8 AUTO_INCREMENT=1;
DROP TABLE IF EXISTS `node_access`;
CREATE TABLE `node_access` (   `nid` int(10) unsigned NOT NULL DEFAULT '0',   `gid` int(10) unsigned NOT NULL DEFAULT '0',   `realm` varchar(255) NOT NULL DEFAULT '',   `grant_view` tinyint(3) unsigned NOT NULL DEFAULT '0',   `grant_update` tinyint(3) unsigned NOT NULL DEFAULT '0',   `grant_delete` tinyint(3) unsigned NOT NULL DEFAULT '0',   PRIMARY KEY (`nid`,`gid`,`realm`) ) ENGINE=MyISAM DEFAULT CHARSET=utf8;
INSERT INTO `node_access` VALUES ('0','0','all','1','0','0');
DROP TABLE IF EXISTS `node_comment_statistics`;
CREATE TABLE `node_comment_statistics` (   `nid` int(10) unsigned NOT NULL DEFAULT '0',   `last_comment_timestamp` int(11) NOT NULL DEFAULT '0',   `last_comment_name` varchar(60) DEFAULT NULL,   `last_comment_uid` int(11) NOT NULL DEFAULT '0',   `comment_count` int(10) unsigned NOT NULL DEFAULT '0',   PRIMARY KEY (`nid`),   KEY `node_comment_timestamp` (`last_comment_timestamp`) ) ENGINE=MyISAM DEFAULT CHARSET=utf8;
DROP TABLE IF EXISTS `node_counter`;
CREATE TABLE `node_counter` (   `nid` int(11) NOT NULL DEFAULT '0',   `totalcount` bigint(20) unsigned NOT NULL DEFAULT '0',   `daycount` mediumint(8) unsigned NOT NULL DEFAULT '0',   `timestamp` int(10) unsigned NOT NULL DEFAULT '0',   PRIMARY KEY (`nid`) ) ENGINE=MyISAM DEFAULT CHARSET=utf8;
DROP TABLE IF EXISTS `node_revisions`;
CREATE TABLE `node_revisions` (   `nid` int(10) unsigned NOT NULL DEFAULT '0',   `vid` int(10) unsigned NOT NULL AUTO_INCREMENT,   `uid` int(11) NOT NULL DEFAULT '0',   `title` varchar(255) NOT NULL DEFAULT '',   `body` longtext NOT NULL,   `teaser` longtext NOT NULL,   `log` longtext NOT NULL,   `timestamp` int(11) NOT NULL DEFAULT '0',   `format` int(11) NOT NULL DEFAULT '0',   PRIMARY KEY (`vid`),   KEY `nid` (`nid`),   KEY `uid` (`uid`) ) ENGINE=MyISAM DEFAULT CHARSET=utf8 AUTO_INCREMENT=1;
DROP TABLE IF EXISTS `node_type`;
CREATE TABLE `node_type` (   `type` varchar(32) NOT NULL,   `name` varchar(255) NOT NULL DEFAULT '',   `module` varchar(255) NOT NULL,   `description` mediumtext NOT NULL,   `help` mediumtext NOT NULL,   `has_title` tinyint(3) unsigned NOT NULL,   `title_label` varchar(255) NOT NULL DEFAULT '',   `has_body` tinyint(3) unsigned NOT NULL,   `body_label` varchar(255) NOT NULL DEFAULT '',   `min_word_count` smallint(5) unsigned NOT NULL,   `custom` tinyint(4) NOT NULL DEFAULT '0',   `modified` tinyint(4) NOT NULL DEFAULT '0',   `locked` tinyint(4) NOT NULL DEFAULT '0',   `orig_type` varchar(255) NOT NULL DEFAULT '',   PRIMARY KEY (`type`) ) ENGINE=MyISAM DEFAULT CHARSET=utf8;
INSERT INTO `node_type` VALUES ('page','Page','node','A <em>page</em>, similar in form to a <em>story</em>, is a simple method for creating and displaying information that rarely changes, such as an \"About us\" section of a website. By default, a <em>page</em> entry does not allow visitor comments and is not featured on the site\'s initial home page.','','1','Title','1','Body','0','1','1','0','page'),('story','Story','node','A <em>story</em>, similar in form to a <em>page</em>, is ideal for creating and displaying content that informs or engages website visitors. Press releases, site announcements, and informal blog-like entries may all be created with a <em>story</em> entry. By default, a <em>story</em> entry is automatically featured on the site\'s initial home page, and provides the ability to post comments.','','1','Title','1','Body','0','1','1','0','story');
DROP TABLE IF EXISTS `permission`;
CREATE TABLE `permission` (   `pid` int(11) NOT NULL AUTO_INCREMENT,   `rid` int(10) unsigned NOT NULL DEFAULT '0',   `perm` longtext,   `tid` int(10) unsigned NOT NULL DEFAULT '0',   PRIMARY KEY (`pid`),   KEY `rid` (`rid`) ) ENGINE=MyISAM AUTO_INCREMENT=3 DEFAULT CHARSET=utf8 AUTO_INCREMENT=3;
INSERT INTO `permission` VALUES ('1','1','access content','0'),('2','2','access comments, access content, post comments, post comments without approval','0');
DROP TABLE IF EXISTS `role`;
CREATE TABLE `role` (   `rid` int(10) unsigned NOT NULL AUTO_INCREMENT,   `name` varchar(64) NOT NULL DEFAULT '',   PRIMARY KEY (`rid`),   UNIQUE KEY `name` (`name`) ) ENGINE=MyISAM AUTO_INCREMENT=3 DEFAULT CHARSET=utf8 AUTO_INCREMENT=3;
INSERT INTO `role` VALUES ('1','anonymous user'),('2','authenticated user');
DROP TABLE IF EXISTS `search_dataset`;
CREATE TABLE `search_dataset` (   `sid` int(10) unsigned NOT NULL DEFAULT '0',   `type` varchar(16) DEFAULT NULL,   `data` longtext NOT NULL,   `reindex` int(10) unsigned NOT NULL DEFAULT '0',   UNIQUE KEY `sid_type` (`sid`,`type`) ) ENGINE=MyISAM DEFAULT CHARSET=utf8;
DROP TABLE IF EXISTS `search_index`;
CREATE TABLE `search_index` (   `word` varchar(50) NOT NULL DEFAULT '',   `sid` int(10) unsigned NOT NULL DEFAULT '0',   `type` varchar(16) DEFAULT NULL,   `score` float DEFAULT NULL,   UNIQUE KEY `word_sid_type` (`word`,`sid`,`type`),   KEY `sid_type` (`sid`,`type`),   KEY `word` (`word`) ) ENGINE=MyISAM DEFAULT CHARSET=utf8;
DROP TABLE IF EXISTS `search_node_links`;
CREATE TABLE `search_node_links` (   `sid` int(10) unsigned NOT NULL DEFAULT '0',   `type` varchar(16) NOT NULL DEFAULT '',   `nid` int(10) unsigned NOT NULL DEFAULT '0',   `caption` longtext,   PRIMARY KEY (`sid`,`type`,`nid`),   KEY `nid` (`nid`) ) ENGINE=MyISAM DEFAULT CHARSET=utf8;
DROP TABLE IF EXISTS `search_total`;
CREATE TABLE `search_total` (   `word` varchar(50) NOT NULL DEFAULT '',   `count` float DEFAULT NULL,   PRIMARY KEY (`word`) ) ENGINE=MyISAM DEFAULT CHARSET=utf8;
DROP TABLE IF EXISTS `semaphore`;
CREATE TABLE `semaphore` (   `name` varchar(255) NOT NULL DEFAULT '',   `value` varchar(255) NOT NULL DEFAULT '',   `expire` double NOT NULL,   PRIMARY KEY (`name`),   KEY `expire` (`expire`) ) ENGINE=MyISAM DEFAULT CHARSET=utf8;
DROP TABLE IF EXISTS `sessions`;
CREATE TABLE `sessions` (   `uid` int(10) unsigned NOT NULL,   `sid` varchar(64) NOT NULL DEFAULT '',   `hostname` varchar(128) NOT NULL DEFAULT '',   `timestamp` int(11) NOT NULL DEFAULT '0',   `cache` int(11) NOT NULL DEFAULT '0',   `session` longtext,   PRIMARY KEY (`sid`),   KEY `timestamp` (`timestamp`),   KEY `uid` (`uid`) ) ENGINE=MyISAM DEFAULT CHARSET=utf8;
DROP TABLE IF EXISTS `system`;
CREATE TABLE `system` (   `filename` varchar(255) NOT NULL DEFAULT '',   `name` varchar(255) NOT NULL DEFAULT '',   `type` varchar(255) NOT NULL DEFAULT '',   `owner` varchar(255) NOT NULL DEFAULT '',   `status` int(11) NOT NULL DEFAULT '0',   `throttle` tinyint(4) NOT NULL DEFAULT '0',   `bootstrap` int(11) NOT NULL DEFAULT '0',   `schema_version` smallint(6) NOT NULL DEFAULT '-1',   `weight` int(11) NOT NULL DEFAULT '0',   `info` text,   PRIMARY KEY (`filename`),   KEY `modules` (`type`(12),`status`,`weight`,`filename`),   KEY `bootstrap` (`type`(12),`status`,`bootstrap`,`weight`,`filename`),   KEY `type_name` (`type`(12),`name`) ) ENGINE=MyISAM DEFAULT CHARSET=utf8;
INSERT INTO `system` VALUES ('sites/all/themes/sobg/sobg.info','sobg','theme','themes/engines/phptemplate/phptemplate.engine','1','0','0','-1','0','a:11:{s:4:\"name\";s:22:\"The State of Bluegrass\";s:11:\"description\";s:26:\"State of Bluegrass\' theme.\";s:10:\"base theme\";s:7:\"new_ibd\";s:4:\"core\";s:3:\"6.x\";s:6:\"engine\";s:11:\"phptemplate\";s:7:\"regions\";a:7:{s:4:\"left\";s:12:\"Left sidebar\";s:5:\"right\";s:13:\"Right sidebar\";s:11:\"content_top\";s:11:\"Content Top\";s:7:\"content\";s:7:\"Content\";s:14:\"content_bottom\";s:14:\"Content Bottom\";s:6:\"header\";s:6:\"Header\";s:6:\"footer\";s:6:\"Footer\";}s:11:\"stylesheets\";a:1:{s:6:\"screen\";a:1:{s:9:\"style.css\";s:31:\"sites/all/themes/sobg/style.css\";}}s:7:\"scripts\";a:1:{s:13:\"js/scripts.js\";s:35:\"sites/all/themes/sobg/js/scripts.js\";}s:8:\"features\";a:10:{i:0;s:20:\"comment_user_picture\";i:1;s:7:\"favicon\";i:2;s:7:\"mission\";i:3;s:4:\"logo\";i:4;s:4:\"name\";i:5;s:17:\"node_user_picture\";i:6;s:6:\"search\";i:7;s:6:\"slogan\";i:8;s:13:\"primary_links\";i:9;s:15:\"secondary_links\";}s:10:\"screenshot\";s:36:\"sites/all/themes/sobg/screenshot.png\";s:3:\"php\";s:5:\"4.3.5\";}'),('sites/all/themes/rubik/cube/cube.info','cube','theme','themes/engines/phptemplate/phptemplate.engine','0','0','0','-1','0','a:13:{s:4:\"name\";s:4:\"Cube\";s:11:\"description\";s:44:\"Spaces-aware front-end theme based on Rubik.\";s:10:\"base theme\";s:5:\"rubik\";s:4:\"core\";s:3:\"6.x\";s:6:\"engine\";s:11:\"phptemplate\";s:11:\"stylesheets\";a:1:{s:6:\"screen\";a:1:{s:9:\"style.css\";s:37:\"sites/all/themes/rubik/cube/style.css\";}}s:7:\"regions\";a:4:{s:6:\"header\";s:6:\"Header\";s:7:\"content\";s:7:\"Content\";s:4:\"left\";s:4:\"Left\";s:5:\"right\";s:5:\"Right\";}s:9:\"designkit\";a:2:{s:5:\"color\";a:1:{s:10:\"background\";s:7:\"#0088cc\";}s:4:\"logo\";a:2:{s:4:\"logo\";s:23:\"imagecache_scale:200x50\";s:5:\"print\";s:24:\"imagecache_scale:600x150\";}}s:7:\"layouts\";a:5:{s:7:\"default\";a:3:{s:4:\"name\";s:7:\"Default\";s:11:\"description\";s:23:\"Simple one column page.\";s:8:\"template\";s:4:\"page\";}s:7:\"sidebar\";a:5:{s:4:\"name\";s:7:\"Sidebar\";s:11:\"description\";s:26:\"Main content with sidebar.\";s:10:\"stylesheet\";s:18:\"layout-sidebar.css\";s:8:\"template\";s:14:\"layout-sidebar\";s:7:\"regions\";a:2:{i:0;s:7:\"content\";i:1;s:5:\"right\";}}s:5:\"split\";a:5:{s:4:\"name\";s:5:\"Split\";s:11:\"description\";s:12:\"50/50 split.\";s:10:\"stylesheet\";s:16:\"layout-split.css\";s:8:\"template\";s:14:\"layout-sidebar\";s:7:\"regions\";a:2:{i:0;s:7:\"content\";i:1;s:5:\"right\";}}s:7:\"columns\";a:5:{s:4:\"name\";s:7:\"Columns\";s:11:\"description\";s:20:\"Three column layout.\";s:10:\"stylesheet\";s:18:\"layout-columns.css\";s:8:\"template\";s:14:\"layout-columns\";s:7:\"regions\";a:4:{i:0;s:6:\"header\";i:1;s:7:\"content\";i:2;s:4:\"left\";i:3;s:5:\"right\";}}s:6:\"offset\";a:5:{s:4:\"name\";s:15:\"Offset sidebars\";s:11:\"description\";s:38:\"Main content with two offset sidebars.\";s:10:\"stylesheet\";s:17:\"layout-offset.css\";s:8:\"template\";s:13:\"layout-offset\";s:7:\"regions\";a:4:{i:0;s:6:\"header\";i:1;s:7:\"content\";i:2;s:4:\"left\";i:3;s:5:\"right\";}}}s:8:\"features\";a:10:{i:0;s:20:\"comment_user_picture\";i:1;s:7:\"favicon\";i:2;s:7:\"mission\";i:3;s:4:\"logo\";i:4;s:4:\"name\";i:5;s:17:\"node_user_picture\";i:6;s:6:\"search\";i:7;s:6:\"slogan\";i:8;s:13:\"primary_links\";i:9;s:15:\"secondary_links\";}s:7:\"scripts\";a:1:{s:9:\"script.js\";s:37:\"sites/all/themes/rubik/cube/script.js\";}s:10:\"screenshot\";s:42:\"sites/all/themes/rubik/cube/screenshot.png\";s:3:\"php\";s:5:\"4.3.5\";}');
INSERT INTO `system` VALUES ('sites/all/themes/rubik/rubik.info','rubik','theme','themes/engines/phptemplate/phptemplate.engine','0','0','0','-1','0','a:11:{s:4:\"name\";s:5:\"Rubik\";s:11:\"description\";s:18:\"Clean admin theme.\";s:10:\"base theme\";s:3:\"tao\";s:4:\"core\";s:3:\"6.x\";s:6:\"engine\";s:11:\"phptemplate\";s:7:\"scripts\";a:1:{s:11:\"js/rubik.js\";s:34:\"sites/all/themes/rubik/js/rubik.js\";}s:11:\"stylesheets\";a:1:{s:6:\"screen\";a:3:{s:8:\"core.css\";s:31:\"sites/all/themes/rubik/core.css\";s:9:\"icons.css\";s:32:\"sites/all/themes/rubik/icons.css\";s:9:\"style.css\";s:32:\"sites/all/themes/rubik/style.css\";}}s:7:\"regions\";a:5:{s:4:\"left\";s:12:\"Left sidebar\";s:5:\"right\";s:13:\"Right sidebar\";s:7:\"content\";s:7:\"Content\";s:6:\"header\";s:6:\"Header\";s:6:\"footer\";s:6:\"Footer\";}s:8:\"features\";a:10:{i:0;s:20:\"comment_user_picture\";i:1;s:7:\"favicon\";i:2;s:7:\"mission\";i:3;s:4:\"logo\";i:4;s:4:\"name\";i:5;s:17:\"node_user_picture\";i:6;s:6:\"search\";i:7;s:6:\"slogan\";i:8;s:13:\"primary_links\";i:9;s:15:\"secondary_links\";}s:10:\"screenshot\";s:37:\"sites/all/themes/rubik/screenshot.png\";s:3:\"php\";s:5:\"4.3.5\";}'),('sites/all/themes/new_ibd/new_ibd.info','new_ibd','theme','themes/engines/phptemplate/phptemplate.engine','1','0','0','-1','0','a:11:{s:4:\"name\";s:7:\"New iBD\";s:11:\"description\";s:9:\"My theme.\";s:10:\"base theme\";s:3:\"tao\";s:4:\"core\";s:3:\"6.x\";s:6:\"engine\";s:11:\"phptemplate\";s:7:\"regions\";a:7:{s:4:\"left\";s:12:\"Left sidebar\";s:5:\"right\";s:13:\"Right sidebar\";s:11:\"content_top\";s:11:\"Content Top\";s:7:\"content\";s:7:\"Content\";s:14:\"content_bottom\";s:14:\"Content Bottom\";s:6:\"header\";s:6:\"Header\";s:6:\"footer\";s:6:\"Footer\";}s:11:\"stylesheets\";a:1:{s:6:\"screen\";a:1:{s:13:\"css/style.css\";s:38:\"sites/all/themes/new_ibd/css/style.css\";}}s:7:\"scripts\";a:1:{s:13:\"js/scripts.js\";s:38:\"sites/all/themes/new_ibd/js/scripts.js\";}s:8:\"features\";a:10:{i:0;s:20:\"comment_user_picture\";i:1;s:7:\"favicon\";i:2;s:7:\"mission\";i:3;s:4:\"logo\";i:4;s:4:\"name\";i:5;s:17:\"node_user_picture\";i:6;s:6:\"search\";i:7;s:6:\"slogan\";i:8;s:13:\"primary_links\";i:9;s:15:\"secondary_links\";}s:10:\"screenshot\";s:39:\"sites/all/themes/new_ibd/screenshot.png\";s:3:\"php\";s:5:\"4.3.5\";}');
INSERT INTO `system` VALUES ('sites/all/themes/ibd/ibd.info','ibd','theme','themes/engines/phptemplate/phptemplate.engine','1','0','0','-1','0','a:11:{s:4:\"name\";s:3:\"iBD\";s:11:\"description\";s:9:\"My theme.\";s:10:\"base theme\";s:3:\"tao\";s:4:\"core\";s:3:\"6.x\";s:6:\"engine\";s:11:\"phptemplate\";s:7:\"regions\";a:6:{s:4:\"left\";s:12:\"Left sidebar\";s:5:\"right\";s:13:\"Right sidebar\";s:11:\"content_top\";s:11:\"Content Top\";s:7:\"content\";s:7:\"Content\";s:6:\"header\";s:6:\"Header\";s:6:\"footer\";s:6:\"Footer\";}s:7:\"scripts\";a:1:{s:13:\"js/twitter.js\";s:34:\"sites/all/themes/ibd/js/twitter.js\";}s:11:\"stylesheets\";a:1:{s:3:\"all\";a:3:{s:9:\"reset.css\";s:30:\"sites/all/themes/ibd/reset.css\";s:7:\"960.css\";s:28:\"sites/all/themes/ibd/960.css\";s:9:\"style.css\";s:30:\"sites/all/themes/ibd/style.css\";}}s:8:\"features\";a:10:{i:0;s:20:\"comment_user_picture\";i:1;s:7:\"favicon\";i:2;s:7:\"mission\";i:3;s:4:\"logo\";i:4;s:4:\"name\";i:5;s:17:\"node_user_picture\";i:6;s:6:\"search\";i:7;s:6:\"slogan\";i:8;s:13:\"primary_links\";i:9;s:15:\"secondary_links\";}s:10:\"screenshot\";s:35:\"sites/all/themes/ibd/screenshot.png\";s:3:\"php\";s:5:\"4.3.5\";}'),('themes/pushbutton/pushbutton.info','pushbutton','theme','themes/engines/phptemplate/phptemplate.engine','0','0','0','-1','0','a:13:{s:4:\"name\";s:10:\"Pushbutton\";s:11:\"description\";s:52:\"Tabled, multi-column theme in blue and orange tones.\";s:7:\"version\";s:4:\"6.22\";s:4:\"core\";s:3:\"6.x\";s:6:\"engine\";s:11:\"phptemplate\";s:7:\"project\";s:6:\"drupal\";s:9:\"datestamp\";s:10:\"1306357015\";s:7:\"regions\";a:5:{s:4:\"left\";s:12:\"Left sidebar\";s:5:\"right\";s:13:\"Right sidebar\";s:7:\"content\";s:7:\"Content\";s:6:\"header\";s:6:\"Header\";s:6:\"footer\";s:6:\"Footer\";}s:8:\"features\";a:10:{i:0;s:20:\"comment_user_picture\";i:1;s:7:\"favicon\";i:2;s:7:\"mission\";i:3;s:4:\"logo\";i:4;s:4:\"name\";i:5;s:17:\"node_user_picture\";i:6;s:6:\"search\";i:7;s:6:\"slogan\";i:8;s:13:\"primary_links\";i:9;s:15:\"secondary_links\";}s:11:\"stylesheets\";a:1:{s:3:\"all\";a:1:{s:9:\"style.css\";s:27:\"themes/pushbutton/style.css\";}}s:7:\"scripts\";a:1:{s:9:\"script.js\";s:27:\"themes/pushbutton/script.js\";}s:10:\"screenshot\";s:32:\"themes/pushbutton/screenshot.png\";s:3:\"php\";s:5:\"4.3.5\";}');
INSERT INTO `system` VALUES ('themes/garland/minnelli/minnelli.info','minnelli','theme','themes/engines/phptemplate/phptemplate.engine','0','0','0','-1','0','a:14:{s:4:\"name\";s:8:\"Minnelli\";s:11:\"description\";s:56:\"Tableless, recolorable, multi-column, fixed width theme.\";s:7:\"version\";s:4:\"6.22\";s:4:\"core\";s:3:\"6.x\";s:10:\"base theme\";s:7:\"garland\";s:11:\"stylesheets\";a:1:{s:3:\"all\";a:1:{s:12:\"minnelli.css\";s:36:\"themes/garland/minnelli/minnelli.css\";}}s:7:\"project\";s:6:\"drupal\";s:9:\"datestamp\";s:10:\"1306357015\";s:7:\"regions\";a:5:{s:4:\"left\";s:12:\"Left sidebar\";s:5:\"right\";s:13:\"Right sidebar\";s:7:\"content\";s:7:\"Content\";s:6:\"header\";s:6:\"Header\";s:6:\"footer\";s:6:\"Footer\";}s:8:\"features\";a:10:{i:0;s:20:\"comment_user_picture\";i:1;s:7:\"favicon\";i:2;s:7:\"mission\";i:3;s:4:\"logo\";i:4;s:4:\"name\";i:5;s:17:\"node_user_picture\";i:6;s:6:\"search\";i:7;s:6:\"slogan\";i:8;s:13:\"primary_links\";i:9;s:15:\"secondary_links\";}s:7:\"scripts\";a:1:{s:9:\"script.js\";s:33:\"themes/garland/minnelli/script.js\";}s:10:\"screenshot\";s:38:\"themes/garland/minnelli/screenshot.png\";s:3:\"php\";s:5:\"4.3.5\";s:6:\"engine\";s:11:\"phptemplate\";}'),('themes/garland/garland.info','garland','theme','themes/engines/phptemplate/phptemplate.engine','1','0','0','-1','0','a:13:{s:4:\"name\";s:7:\"Garland\";s:11:\"description\";s:66:\"Tableless, recolorable, multi-column, fluid width theme (default).\";s:7:\"version\";s:4:\"6.22\";s:4:\"core\";s:3:\"6.x\";s:6:\"engine\";s:11:\"phptemplate\";s:11:\"stylesheets\";a:2:{s:3:\"all\";a:1:{s:9:\"style.css\";s:24:\"themes/garland/style.css\";}s:5:\"print\";a:1:{s:9:\"print.css\";s:24:\"themes/garland/print.css\";}}s:7:\"project\";s:6:\"drupal\";s:9:\"datestamp\";s:10:\"1306357015\";s:7:\"regions\";a:5:{s:4:\"left\";s:12:\"Left sidebar\";s:5:\"right\";s:13:\"Right sidebar\";s:7:\"content\";s:7:\"Content\";s:6:\"header\";s:6:\"Header\";s:6:\"footer\";s:6:\"Footer\";}s:8:\"features\";a:10:{i:0;s:20:\"comment_user_picture\";i:1;s:7:\"favicon\";i:2;s:7:\"mission\";i:3;s:4:\"logo\";i:4;s:4:\"name\";i:5;s:17:\"node_user_picture\";i:6;s:6:\"search\";i:7;s:6:\"slogan\";i:8;s:13:\"primary_links\";i:9;s:15:\"secondary_links\";}s:7:\"scripts\";a:1:{s:9:\"script.js\";s:24:\"themes/garland/script.js\";}s:10:\"screenshot\";s:29:\"themes/garland/screenshot.png\";s:3:\"php\";s:5:\"4.3.5\";}');
INSERT INTO `system` VALUES ('themes/chameleon/marvin/marvin.info','marvin','theme','','0','0','0','-1','0','a:13:{s:4:\"name\";s:6:\"Marvin\";s:11:\"description\";s:31:\"Boxy tabled theme in all grays.\";s:7:\"regions\";a:2:{s:4:\"left\";s:12:\"Left sidebar\";s:5:\"right\";s:13:\"Right sidebar\";}s:7:\"version\";s:4:\"6.22\";s:4:\"core\";s:3:\"6.x\";s:10:\"base theme\";s:9:\"chameleon\";s:7:\"project\";s:6:\"drupal\";s:9:\"datestamp\";s:10:\"1306357015\";s:8:\"features\";a:10:{i:0;s:20:\"comment_user_picture\";i:1;s:7:\"favicon\";i:2;s:7:\"mission\";i:3;s:4:\"logo\";i:4;s:4:\"name\";i:5;s:17:\"node_user_picture\";i:6;s:6:\"search\";i:7;s:6:\"slogan\";i:8;s:13:\"primary_links\";i:9;s:15:\"secondary_links\";}s:11:\"stylesheets\";a:1:{s:3:\"all\";a:1:{s:9:\"style.css\";s:33:\"themes/chameleon/marvin/style.css\";}}s:7:\"scripts\";a:1:{s:9:\"script.js\";s:33:\"themes/chameleon/marvin/script.js\";}s:10:\"screenshot\";s:38:\"themes/chameleon/marvin/screenshot.png\";s:3:\"php\";s:5:\"4.3.5\";}'),('themes/chameleon/chameleon.info','chameleon','theme','themes/chameleon/chameleon.theme','0','0','0','-1','0','a:12:{s:4:\"name\";s:9:\"Chameleon\";s:11:\"description\";s:42:\"Minimalist tabled theme with light colors.\";s:7:\"regions\";a:2:{s:4:\"left\";s:12:\"Left sidebar\";s:5:\"right\";s:13:\"Right sidebar\";}s:8:\"features\";a:4:{i:0;s:4:\"logo\";i:1;s:7:\"favicon\";i:2;s:4:\"name\";i:3;s:6:\"slogan\";}s:11:\"stylesheets\";a:1:{s:3:\"all\";a:2:{s:9:\"style.css\";s:26:\"themes/chameleon/style.css\";s:10:\"common.css\";s:27:\"themes/chameleon/common.css\";}}s:7:\"version\";s:4:\"6.22\";s:4:\"core\";s:3:\"6.x\";s:7:\"project\";s:6:\"drupal\";s:9:\"datestamp\";s:10:\"1306357015\";s:7:\"scripts\";a:1:{s:9:\"script.js\";s:26:\"themes/chameleon/script.js\";}s:10:\"screenshot\";s:31:\"themes/chameleon/screenshot.png\";s:3:\"php\";s:5:\"4.3.5\";}'),('themes/bluemarine/bluemarine.info','bluemarine','theme','themes/engines/phptemplate/phptemplate.engine','0','0','0','-1','0','a:13:{s:4:\"name\";s:10:\"Bluemarine\";s:11:\"description\";s:66:\"Table-based multi-column theme with a marine and ash color scheme.\";s:7:\"version\";s:4:\"6.22\";s:4:\"core\";s:3:\"6.x\";s:6:\"engine\";s:11:\"phptemplate\";s:7:\"project\";s:6:\"drupal\";s:9:\"datestamp\";s:10:\"1306357015\";s:7:\"regions\";a:5:{s:4:\"left\";s:12:\"Left sidebar\";s:5:\"right\";s:13:\"Right sidebar\";s:7:\"content\";s:7:\"Content\";s:6:\"header\";s:6:\"Header\";s:6:\"footer\";s:6:\"Footer\";}s:8:\"features\";a:10:{i:0;s:20:\"comment_user_picture\";i:1;s:7:\"favicon\";i:2;s:7:\"mission\";i:3;s:4:\"logo\";i:4;s:4:\"name\";i:5;s:17:\"node_user_picture\";i:6;s:6:\"search\";i:7;s:6:\"slogan\";i:8;s:13:\"primary_links\";i:9;s:15:\"secondary_links\";}s:11:\"stylesheets\";a:1:{s:3:\"all\";a:1:{s:9:\"style.css\";s:27:\"themes/bluemarine/style.css\";}}s:7:\"scripts\";a:1:{s:9:\"script.js\";s:27:\"themes/bluemarine/script.js\";}s:10:\"screenshot\";s:32:\"themes/bluemarine/screenshot.png\";s:3:\"php\";s:5:\"4.3.5\";}');
INSERT INTO `system` VALUES ('sites/all/themes/tao/tao.info','tao','theme','themes/engines/phptemplate/phptemplate.engine','0','0','0','-1','0','a:10:{s:4:\"core\";s:3:\"6.x\";s:11:\"description\";s:149:\"Tao is a base theme that is all about going with the flow. It takes care of key reset and utility tasks so that sub-themes can get on with their job.\";s:6:\"engine\";s:11:\"phptemplate\";s:4:\"name\";s:3:\"Tao\";s:7:\"regions\";a:5:{s:4:\"left\";s:12:\"Left sidebar\";s:5:\"right\";s:13:\"Right sidebar\";s:7:\"content\";s:7:\"Content\";s:6:\"header\";s:6:\"Header\";s:6:\"footer\";s:6:\"Footer\";}s:7:\"scripts\";a:1:{s:9:\"js/tao.js\";s:30:\"sites/all/themes/tao/js/tao.js\";}s:11:\"stylesheets\";a:3:{s:6:\"screen\";a:3:{s:9:\"reset.css\";s:30:\"sites/all/themes/tao/reset.css\";s:10:\"drupal.css\";s:31:\"sites/all/themes/tao/drupal.css\";s:8:\"base.css\";s:29:\"sites/all/themes/tao/base.css\";}s:5:\"print\";a:3:{s:9:\"reset.css\";s:30:\"sites/all/themes/tao/reset.css\";s:8:\"base.css\";s:29:\"sites/all/themes/tao/base.css\";s:9:\"print.css\";s:30:\"sites/all/themes/tao/print.css\";}s:3:\"all\";a:20:{s:9:\"admin.css\";s:30:\"sites/all/themes/tao/admin.css\";s:9:\"block.css\";s:30:\"sites/all/themes/tao/block.css\";s:8:\"book.css\";s:29:\"sites/all/themes/tao/book.css\";s:11:\"comment.css\";s:32:\"sites/all/themes/tao/comment.css\";s:9:\"dblog.css\";s:30:\"sites/all/themes/tao/dblog.css\";s:12:\"defaults.css\";s:33:\"sites/all/themes/tao/defaults.css\";s:9:\"forum.css\";s:30:\"sites/all/themes/tao/forum.css\";s:8:\"help.css\";s:29:\"sites/all/themes/tao/help.css\";s:15:\"maintenance.css\";s:36:\"sites/all/themes/tao/maintenance.css\";s:8:\"node.css\";s:29:\"sites/all/themes/tao/node.css\";s:10:\"openid.css\";s:31:\"sites/all/themes/tao/openid.css\";s:8:\"poll.css\";s:29:\"sites/all/themes/tao/poll.css\";s:11:\"profile.css\";s:32:\"sites/all/themes/tao/profile.css\";s:10:\"search.css\";s:31:\"sites/all/themes/tao/search.css\";s:10:\"system.css\";s:31:\"sites/all/themes/tao/system.css\";s:16:\"system-menus.css\";s:37:\"sites/all/themes/tao/system-menus.css\";s:12:\"taxonomy.css\";s:33:\"sites/all/themes/tao/taxonomy.css\";s:11:\"tracker.css\";s:32:\"sites/all/themes/tao/tracker.css\";s:10:\"update.css\";s:31:\"sites/all/themes/tao/update.css\";s:8:\"user.css\";s:29:\"sites/all/themes/tao/user.css\";}}s:8:\"features\";a:10:{i:0;s:20:\"comment_user_picture\";i:1;s:7:\"favicon\";i:2;s:7:\"mission\";i:3;s:4:\"logo\";i:4;s:4:\"name\";i:5;s:17:\"node_user_picture\";i:6;s:6:\"search\";i:7;s:6:\"slogan\";i:8;s:13:\"primary_links\";i:9;s:15:\"secondary_links\";}s:10:\"screenshot\";s:35:\"sites/all/themes/tao/screenshot.png\";s:3:\"php\";s:5:\"4.3.5\";}');
INSERT INTO `system` VALUES ('modules/system/system.module','system','module','','1','0','0','6055','0','a:10:{s:4:\"name\";s:6:\"System\";s:11:\"description\";s:54:\"Handles general site configuration for administrators.\";s:7:\"package\";s:15:\"Core - required\";s:7:\"version\";s:4:\"6.22\";s:4:\"core\";s:3:\"6.x\";s:7:\"project\";s:6:\"drupal\";s:9:\"datestamp\";s:10:\"1306357015\";s:12:\"dependencies\";a:0:{}s:10:\"dependents\";a:0:{}s:3:\"php\";s:5:\"4.3.5\";}'),('sites/all/modules/admin/admin.module','admin','module','','1','0','0','6202','1','a:10:{s:4:\"name\";s:5:\"Admin\";s:11:\"description\";s:42:\"UI helpers for Drupal admins and managers.\";s:7:\"package\";s:14:\"Administration\";s:4:\"core\";s:3:\"6.x\";s:7:\"version\";s:7:\"6.x-2.0\";s:7:\"project\";s:5:\"admin\";s:9:\"datestamp\";s:10:\"1282226188\";s:12:\"dependencies\";a:0:{}s:10:\"dependents\";a:0:{}s:3:\"php\";s:5:\"4.3.5\";}'),('sites/all/modules/advanced_help/advanced_help.module','advanced_help','module','','1','0','0','0','0','a:9:{s:4:\"name\";s:13:\"Advanced help\";s:11:\"description\";s:38:\"Allow advanced help and documentation.\";s:4:\"core\";s:3:\"6.x\";s:7:\"version\";s:7:\"6.x-1.2\";s:7:\"project\";s:13:\"advanced_help\";s:9:\"datestamp\";s:10:\"1238954409\";s:12:\"dependencies\";a:0:{}s:10:\"dependents\";a:0:{}s:3:\"php\";s:5:\"4.3.5\";}'),('modules/aggregator/aggregator.module','aggregator','module','','0','0','0','-1','0','a:10:{s:4:\"name\";s:10:\"Aggregator\";s:11:\"description\";s:57:\"Aggregates syndicated content (RSS, RDF, and Atom feeds).\";s:7:\"package\";s:15:\"Core - optional\";s:7:\"version\";s:4:\"6.22\";s:4:\"core\";s:3:\"6.x\";s:7:\"project\";s:6:\"drupal\";s:9:\"datestamp\";s:10:\"1306357015\";s:12:\"dependencies\";a:0:{}s:10:\"dependents\";a:0:{}s:3:\"php\";s:5:\"4.3.5\";}'),('sites/all/modules/backup_migrate/backup_migrate.module','backup_migrate','module','','1','0','0','2005','0','a:9:{s:4:\"name\";s:18:\"Backup and Migrate\";s:11:\"description\";s:75:\"Backup or migrate the Drupal Database quickly and without unnecessary data.\";s:4:\"core\";s:3:\"6.x\";s:7:\"version\";s:7:\"6.x-2.4\";s:7:\"project\";s:14:\"backup_migrate\";s:9:\"datestamp\";s:10:\"1289012136\";s:12:\"dependencies\";a:0:{}s:10:\"dependents\";a:0:{}s:3:\"php\";s:5:\"4.3.5\";}');
INSERT INTO `system` VALUES ('modules/block/block.module','block','module','','1','0','0','0','0','a:10:{s:4:\"name\";s:5:\"Block\";s:11:\"description\";s:62:\"Controls the boxes that are displayed around the main content.\";s:7:\"package\";s:15:\"Core - required\";s:7:\"version\";s:4:\"6.22\";s:4:\"core\";s:3:\"6.x\";s:7:\"project\";s:6:\"drupal\";s:9:\"datestamp\";s:10:\"1306357015\";s:12:\"dependencies\";a:0:{}s:10:\"dependents\";a:0:{}s:3:\"php\";s:5:\"4.3.5\";}'),('modules/blog/blog.module','blog','module','','0','0','0','-1','0','a:10:{s:4:\"name\";s:4:\"Blog\";s:11:\"description\";s:69:\"Enables keeping easily and regularly updated user web pages or blogs.\";s:7:\"package\";s:15:\"Core - optional\";s:7:\"version\";s:4:\"6.22\";s:4:\"core\";s:3:\"6.x\";s:7:\"project\";s:6:\"drupal\";s:9:\"datestamp\";s:10:\"1306357015\";s:12:\"dependencies\";a:0:{}s:10:\"dependents\";a:0:{}s:3:\"php\";s:5:\"4.3.5\";}'),('modules/blogapi/blogapi.module','blogapi','module','','0','0','0','-1','0','a:10:{s:4:\"name\";s:8:\"Blog API\";s:11:\"description\";s:79:\"Allows users to post content using applications that support XML-RPC blog APIs.\";s:7:\"package\";s:15:\"Core - optional\";s:7:\"version\";s:4:\"6.22\";s:4:\"core\";s:3:\"6.x\";s:7:\"project\";s:6:\"drupal\";s:9:\"datestamp\";s:10:\"1306357015\";s:12:\"dependencies\";a:0:{}s:10:\"dependents\";a:0:{}s:3:\"php\";s:5:\"4.3.5\";}'),('modules/book/book.module','book','module','','0','0','0','-1','0','a:10:{s:4:\"name\";s:4:\"Book\";s:11:\"description\";s:63:\"Allows users to structure site pages in a hierarchy or outline.\";s:7:\"package\";s:15:\"Core - optional\";s:7:\"version\";s:4:\"6.22\";s:4:\"core\";s:3:\"6.x\";s:7:\"project\";s:6:\"drupal\";s:9:\"datestamp\";s:10:\"1306357015\";s:12:\"dependencies\";a:0:{}s:10:\"dependents\";a:0:{}s:3:\"php\";s:5:\"4.3.5\";}'),('sites/all/modules/boost/boost.module','boost','module','','0','0','0','-1','0','a:11:{s:4:\"name\";s:5:\"Boost\";s:11:\"description\";s:107:\"Caches text (html, ajax, xml) outputted by Drupal as static files for performance and scalability purposes.\";s:10:\"recommends\";a:1:{i:0;s:12:\"nodereferrer\";}s:7:\"package\";s:7:\"Caching\";s:4:\"core\";s:3:\"6.x\";s:7:\"version\";s:8:\"6.x-1.18\";s:7:\"project\";s:5:\"boost\";s:9:\"datestamp\";s:10:\"1264382702\";s:12:\"dependencies\";a:0:{}s:10:\"dependents\";a:0:{}s:3:\"php\";s:5:\"4.3.5\";}');
INSERT INTO `system` VALUES ('sites/all/modules/ctools/bulk_export/bulk_export.module','bulk_export','module','','0','0','0','-1','0','a:10:{s:4:\"name\";s:11:\"Bulk Export\";s:11:\"description\";s:67:\"Performs bulk exporting of data objects known about by Chaos tools.\";s:4:\"core\";s:3:\"6.x\";s:12:\"dependencies\";a:1:{i:0;s:6:\"ctools\";}s:7:\"package\";s:16:\"Chaos tool suite\";s:7:\"version\";s:7:\"6.x-1.7\";s:7:\"project\";s:6:\"ctools\";s:9:\"datestamp\";s:10:\"1280189115\";s:10:\"dependents\";a:0:{}s:3:\"php\";s:5:\"4.3.5\";}'),('modules/color/color.module','color','module','','0','0','0','6001','0','a:10:{s:4:\"name\";s:5:\"Color\";s:11:\"description\";s:61:\"Allows the user to change the color scheme of certain themes.\";s:7:\"package\";s:15:\"Core - optional\";s:7:\"version\";s:4:\"6.22\";s:4:\"core\";s:3:\"6.x\";s:7:\"project\";s:6:\"drupal\";s:9:\"datestamp\";s:10:\"1306357015\";s:12:\"dependencies\";a:0:{}s:10:\"dependents\";a:0:{}s:3:\"php\";s:5:\"4.3.5\";}'),('modules/comment/comment.module','comment','module','','1','0','0','6003','0','a:10:{s:4:\"name\";s:7:\"Comment\";s:11:\"description\";s:57:\"Allows users to comment on and discuss published content.\";s:7:\"package\";s:15:\"Core - optional\";s:7:\"version\";s:4:\"6.22\";s:4:\"core\";s:3:\"6.x\";s:7:\"project\";s:6:\"drupal\";s:9:\"datestamp\";s:10:\"1306357015\";s:12:\"dependencies\";a:0:{}s:10:\"dependents\";a:0:{}s:3:\"php\";s:5:\"4.3.5\";}'),('modules/contact/contact.module','contact','module','','1','0','0','0','0','a:10:{s:4:\"name\";s:7:\"Contact\";s:11:\"description\";s:61:\"Enables the use of both personal and site-wide contact forms.\";s:7:\"package\";s:15:\"Core - optional\";s:7:\"version\";s:4:\"6.22\";s:4:\"core\";s:3:\"6.x\";s:7:\"project\";s:6:\"drupal\";s:9:\"datestamp\";s:10:\"1306357015\";s:12:\"dependencies\";a:0:{}s:10:\"dependents\";a:0:{}s:3:\"php\";s:5:\"4.3.5\";}'),('sites/all/modules/cck/content.module','content','module','','1','0','0','6010','0','a:10:{s:4:\"name\";s:7:\"Content\";s:11:\"description\";s:50:\"Allows administrators to define new content types.\";s:7:\"package\";s:3:\"CCK\";s:4:\"core\";s:3:\"6.x\";s:7:\"version\";s:7:\"6.x-2.9\";s:7:\"project\";s:3:\"cck\";s:9:\"datestamp\";s:10:\"1294407979\";s:12:\"dependencies\";a:0:{}s:10:\"dependents\";a:0:{}s:3:\"php\";s:5:\"4.3.5\";}');
INSERT INTO `system` VALUES ('sites/all/modules/cck/modules/content_copy/content_copy.module','content_copy','module','','0','0','0','-1','0','a:10:{s:4:\"name\";s:12:\"Content Copy\";s:11:\"description\";s:51:\"Enables ability to import/export field definitions.\";s:12:\"dependencies\";a:1:{i:0;s:7:\"content\";}s:7:\"package\";s:3:\"CCK\";s:4:\"core\";s:3:\"6.x\";s:7:\"version\";s:7:\"6.x-2.9\";s:7:\"project\";s:3:\"cck\";s:9:\"datestamp\";s:10:\"1294407979\";s:10:\"dependents\";a:0:{}s:3:\"php\";s:5:\"4.3.5\";}'),('sites/all/modules/cck/modules/content_permissions/content_permissions.module','content_permissions','module','','0','0','0','-1','0','a:10:{s:4:\"name\";s:19:\"Content Permissions\";s:11:\"description\";s:43:\"Set field-level permissions for CCK fields.\";s:7:\"package\";s:3:\"CCK\";s:4:\"core\";s:3:\"6.x\";s:12:\"dependencies\";a:1:{i:0;s:7:\"content\";}s:7:\"version\";s:7:\"6.x-2.9\";s:7:\"project\";s:3:\"cck\";s:9:\"datestamp\";s:10:\"1294407979\";s:10:\"dependents\";a:0:{}s:3:\"php\";s:5:\"4.3.5\";}'),('sites/all/modules/context/context.module','context','module','','1','0','0','6304','0','a:10:{s:4:\"name\";s:7:\"Context\";s:12:\"dependencies\";a:1:{i:0;s:6:\"ctools\";}s:11:\"description\";s:66:\"Provide modules with a cache that lasts for a single page request.\";s:7:\"package\";s:7:\"Context\";s:4:\"core\";s:3:\"6.x\";s:7:\"version\";s:7:\"6.x-3.0\";s:7:\"project\";s:7:\"context\";s:9:\"datestamp\";s:10:\"1282588006\";s:10:\"dependents\";a:0:{}s:3:\"php\";s:5:\"4.3.5\";}'),('sites/all/modules/context/context_layouts/context_layouts.module','context_layouts','module','','0','0','0','-1','0','a:10:{s:4:\"name\";s:15:\"Context layouts\";s:11:\"description\";s:80:\"Allow theme layer to provide multiple region layouts and integrate with context.\";s:12:\"dependencies\";a:1:{i:0;s:7:\"context\";}s:7:\"package\";s:7:\"Context\";s:4:\"core\";s:3:\"6.x\";s:7:\"version\";s:7:\"6.x-3.0\";s:7:\"project\";s:7:\"context\";s:9:\"datestamp\";s:10:\"1282588006\";s:10:\"dependents\";a:0:{}s:3:\"php\";s:5:\"4.3.5\";}');
INSERT INTO `system` VALUES ('sites/all/modules/context/context_ui/context_ui.module','context_ui','module','','1','0','0','6004','0','a:10:{s:4:\"name\";s:10:\"Context UI\";s:11:\"description\";s:68:\"Provides a simple UI for settings up a site structure using Context.\";s:12:\"dependencies\";a:1:{i:0;s:7:\"context\";}s:7:\"package\";s:7:\"Context\";s:4:\"core\";s:3:\"6.x\";s:7:\"version\";s:7:\"6.x-3.0\";s:7:\"project\";s:7:\"context\";s:9:\"datestamp\";s:10:\"1282588006\";s:10:\"dependents\";a:0:{}s:3:\"php\";s:5:\"4.3.5\";}'),('sites/all/modules/ctools/ctools.module','ctools','module','','1','0','0','6007','0','a:10:{s:4:\"name\";s:11:\"Chaos tools\";s:11:\"description\";s:46:\"A library of helpful tools by Merlin of Chaos.\";s:4:\"core\";s:3:\"6.x\";s:7:\"package\";s:16:\"Chaos tool suite\";s:7:\"version\";s:7:\"6.x-1.7\";s:7:\"project\";s:6:\"ctools\";s:9:\"datestamp\";s:10:\"1280189115\";s:12:\"dependencies\";a:0:{}s:10:\"dependents\";a:0:{}s:3:\"php\";s:5:\"4.3.5\";}'),('sites/all/modules/ctools/ctools_access_ruleset/ctools_access_ruleset.module','ctools_access_ruleset','module','','0','0','0','-1','0','a:10:{s:4:\"name\";s:15:\"Custom rulesets\";s:11:\"description\";s:81:\"Create custom, exportable, reusable access rulesets for applications like Panels.\";s:4:\"core\";s:3:\"6.x\";s:7:\"package\";s:16:\"Chaos tool suite\";s:12:\"dependencies\";a:1:{i:0;s:6:\"ctools\";}s:7:\"version\";s:7:\"6.x-1.7\";s:7:\"project\";s:6:\"ctools\";s:9:\"datestamp\";s:10:\"1280189115\";s:10:\"dependents\";a:0:{}s:3:\"php\";s:5:\"4.3.5\";}'),('sites/all/modules/ctools/ctools_custom_content/ctools_custom_content.module','ctools_custom_content','module','','0','0','0','-1','0','a:10:{s:4:\"name\";s:20:\"Custom content panes\";s:11:\"description\";s:79:\"Create custom, exportable, reusable content panes for applications like Panels.\";s:4:\"core\";s:3:\"6.x\";s:7:\"package\";s:16:\"Chaos tool suite\";s:12:\"dependencies\";a:1:{i:0;s:6:\"ctools\";}s:7:\"version\";s:7:\"6.x-1.7\";s:7:\"project\";s:6:\"ctools\";s:9:\"datestamp\";s:10:\"1280189115\";s:10:\"dependents\";a:0:{}s:3:\"php\";s:5:\"4.3.5\";}');
INSERT INTO `system` VALUES ('sites/all/modules/ctools/ctools_plugin_example/ctools_plugin_example.module','ctools_plugin_example','module','','0','0','0','-1','0','a:10:{s:4:\"name\";s:35:\"Chaos Tools (CTools) Plugin Example\";s:11:\"description\";s:75:\"Shows how an external module can provide ctools plugins (for Panels, etc.).\";s:7:\"package\";s:16:\"Chaos tool suite\";s:12:\"dependencies\";a:4:{i:0;s:6:\"ctools\";i:1;s:6:\"panels\";i:2;s:12:\"page_manager\";i:3;s:13:\"advanced_help\";}s:4:\"core\";s:3:\"6.x\";s:7:\"version\";s:7:\"6.x-1.7\";s:7:\"project\";s:6:\"ctools\";s:9:\"datestamp\";s:10:\"1280189115\";s:10:\"dependents\";a:0:{}s:3:\"php\";s:5:\"4.3.5\";}'),('sites/all/modules/date/date/date.module','date','module','','1','0','0','6005','0','a:10:{s:4:\"name\";s:4:\"Date\";s:11:\"description\";s:41:\"Defines CCK date/time fields and widgets.\";s:12:\"dependencies\";a:3:{i:0;s:7:\"content\";i:1;s:8:\"date_api\";i:2;s:13:\"date_timezone\";}s:7:\"package\";s:9:\"Date/Time\";s:4:\"core\";s:3:\"6.x\";s:7:\"version\";s:7:\"6.x-2.7\";s:7:\"project\";s:4:\"date\";s:9:\"datestamp\";s:10:\"1294059080\";s:10:\"dependents\";a:0:{}s:3:\"php\";s:5:\"4.3.5\";}'),('sites/all/modules/date/date_api.module','date_api','module','','1','0','0','6006','0','a:10:{s:4:\"name\";s:8:\"Date API\";s:11:\"description\";s:45:\"A Date API that can be used by other modules.\";s:7:\"package\";s:9:\"Date/Time\";s:4:\"core\";s:3:\"6.x\";s:7:\"version\";s:7:\"6.x-2.7\";s:7:\"project\";s:4:\"date\";s:9:\"datestamp\";s:10:\"1294059080\";s:12:\"dependencies\";a:0:{}s:10:\"dependents\";a:0:{}s:3:\"php\";s:5:\"4.3.5\";}'),('sites/all/modules/date/date_locale/date_locale.module','date_locale','module','','0','0','0','-1','0','a:10:{s:4:\"name\";s:11:\"Date Locale\";s:11:\"description\";s:124:\"Allows the site admin to configure multiple formats for date/time display to tailor dates for a specific locale or audience.\";s:7:\"package\";s:9:\"Date/Time\";s:12:\"dependencies\";a:2:{i:0;s:8:\"date_api\";i:1;s:6:\"locale\";}s:4:\"core\";s:3:\"6.x\";s:7:\"version\";s:7:\"6.x-2.7\";s:7:\"project\";s:4:\"date\";s:9:\"datestamp\";s:10:\"1294059080\";s:10:\"dependents\";a:0:{}s:3:\"php\";s:5:\"4.3.5\";}');
INSERT INTO `system` VALUES ('sites/all/modules/date/date_php4/date_php4.module','date_php4','module','','0','0','0','-1','0','a:10:{s:4:\"name\";s:9:\"Date PHP4\";s:11:\"description\";s:134:\"Emulate PHP 5.2 date functions in PHP 4.x, PHP 5.0, and PHP 5.1. Required when using the Date API with PHP versions less than PHP 5.2.\";s:7:\"package\";s:9:\"Date/Time\";s:12:\"dependencies\";a:1:{i:0;s:8:\"date_api\";}s:4:\"core\";s:3:\"6.x\";s:7:\"version\";s:7:\"6.x-2.7\";s:7:\"project\";s:4:\"date\";s:9:\"datestamp\";s:10:\"1294059080\";s:10:\"dependents\";a:0:{}s:3:\"php\";s:5:\"4.3.5\";}'),('sites/all/modules/date/date_popup/date_popup.module','date_popup','module','','0','0','0','-1','0','a:10:{s:4:\"name\";s:10:\"Date Popup\";s:11:\"description\";s:84:\"Enables jquery popup calendars and time entry widgets for selecting dates and times.\";s:12:\"dependencies\";a:2:{i:0;s:8:\"date_api\";i:1;s:13:\"date_timezone\";}s:7:\"package\";s:9:\"Date/Time\";s:4:\"core\";s:3:\"6.x\";s:7:\"version\";s:7:\"6.x-2.7\";s:7:\"project\";s:4:\"date\";s:9:\"datestamp\";s:10:\"1294059080\";s:10:\"dependents\";a:0:{}s:3:\"php\";s:5:\"4.3.5\";}'),('sites/all/modules/date/date_repeat/date_repeat.module','date_repeat','module','','0','0','0','-1','0','a:10:{s:4:\"name\";s:15:\"Date Repeat API\";s:11:\"description\";s:73:\"A Date Repeat API to calculate repeating dates and times from iCal rules.\";s:12:\"dependencies\";a:1:{i:0;s:8:\"date_api\";}s:7:\"package\";s:9:\"Date/Time\";s:4:\"core\";s:3:\"6.x\";s:7:\"version\";s:7:\"6.x-2.7\";s:7:\"project\";s:4:\"date\";s:9:\"datestamp\";s:10:\"1294059080\";s:10:\"dependents\";a:0:{}s:3:\"php\";s:5:\"4.3.5\";}'),('sites/all/modules/date/date_timezone/date_timezone.module','date_timezone','module','','1','0','0','5200','0','a:10:{s:4:\"name\";s:13:\"Date Timezone\";s:11:\"description\";s:111:\"Needed when using Date API. Overrides site and user timezone handling to set timezone names instead of offsets.\";s:7:\"package\";s:9:\"Date/Time\";s:12:\"dependencies\";a:1:{i:0;s:8:\"date_api\";}s:4:\"core\";s:3:\"6.x\";s:7:\"version\";s:7:\"6.x-2.7\";s:7:\"project\";s:4:\"date\";s:9:\"datestamp\";s:10:\"1294059080\";s:10:\"dependents\";a:0:{}s:3:\"php\";s:5:\"4.3.5\";}');
INSERT INTO `system` VALUES ('sites/all/modules/date/date_tools/date_tools.module','date_tools','module','','0','0','0','-1','0','a:10:{s:4:\"name\";s:10:\"Date Tools\";s:11:\"description\";s:52:\"Tools to import and auto-create dates and calendars.\";s:12:\"dependencies\";a:2:{i:0;s:7:\"content\";i:1;s:4:\"date\";}s:7:\"package\";s:9:\"Date/Time\";s:4:\"core\";s:3:\"6.x\";s:7:\"version\";s:7:\"6.x-2.7\";s:7:\"project\";s:4:\"date\";s:9:\"datestamp\";s:10:\"1294059080\";s:10:\"dependents\";a:0:{}s:3:\"php\";s:5:\"4.3.5\";}'),('modules/dblog/dblog.module','dblog','module','','1','0','0','6000','0','a:10:{s:4:\"name\";s:16:\"Database logging\";s:11:\"description\";s:47:\"Logs and records system events to the database.\";s:7:\"package\";s:15:\"Core - optional\";s:7:\"version\";s:4:\"6.22\";s:4:\"core\";s:3:\"6.x\";s:7:\"project\";s:6:\"drupal\";s:9:\"datestamp\";s:10:\"1306357015\";s:12:\"dependencies\";a:0:{}s:10:\"dependents\";a:0:{}s:3:\"php\";s:5:\"4.3.5\";}'),('sites/all/modules/devel/devel.module','devel','module','','0','0','0','-1','0','a:10:{s:4:\"name\";s:5:\"Devel\";s:11:\"description\";s:52:\"Various blocks, pages, and functions for developers.\";s:7:\"package\";s:11:\"Development\";s:12:\"dependencies\";a:1:{i:0;s:4:\"menu\";}s:4:\"core\";s:3:\"6.x\";s:7:\"version\";s:8:\"6.x-1.20\";s:7:\"project\";s:5:\"devel\";s:9:\"datestamp\";s:10:\"1271886306\";s:10:\"dependents\";a:0:{}s:3:\"php\";s:5:\"4.3.5\";}'),('sites/all/modules/devel/devel_generate.module','devel_generate','module','','0','0','0','-1','0','a:10:{s:4:\"name\";s:14:\"Devel generate\";s:11:\"description\";s:48:\"Generate dummy users, nodes, and taxonomy terms.\";s:7:\"package\";s:11:\"Development\";s:4:\"core\";s:3:\"6.x\";s:7:\"version\";s:8:\"6.x-1.20\";s:7:\"project\";s:5:\"devel\";s:9:\"datestamp\";s:10:\"1271886306\";s:12:\"dependencies\";a:0:{}s:10:\"dependents\";a:0:{}s:3:\"php\";s:5:\"4.3.5\";}'),('sites/all/modules/devel/devel_node_access.module','devel_node_access','module','','0','0','0','-1','0','a:10:{s:4:\"name\";s:17:\"Devel node access\";s:11:\"description\";s:67:\"Developer block and page illustrating relevant node_access records.\";s:7:\"package\";s:11:\"Development\";s:4:\"core\";s:3:\"6.x\";s:7:\"version\";s:8:\"6.x-1.20\";s:7:\"project\";s:5:\"devel\";s:9:\"datestamp\";s:10:\"1271886306\";s:12:\"dependencies\";a:0:{}s:10:\"dependents\";a:0:{}s:3:\"php\";s:5:\"4.3.5\";}');
INSERT INTO `system` VALUES ('sites/all/modules/devel_themer/devel_themer.module','devel_themer','module','','0','0','0','-1','0','a:10:{s:4:\"name\";s:15:\"Theme developer\";s:11:\"description\";s:52:\"Essential theme API information for theme developers\";s:7:\"package\";s:11:\"Development\";s:12:\"dependencies\";a:1:{i:0;s:5:\"devel\";}s:4:\"core\";s:3:\"6.x\";s:7:\"version\";s:11:\"6.x-1.x-dev\";s:7:\"project\";s:12:\"devel_themer\";s:9:\"datestamp\";s:10:\"1278833941\";s:10:\"dependents\";a:0:{}s:3:\"php\";s:5:\"4.3.5\";}'),('sites/all/modules/disqus/disqus.module','disqus','module','','0','0','0','-1','0','a:9:{s:4:\"name\";s:6:\"Disqus\";s:11:\"description\";s:48:\"Uses the Disqus web service to enhance comments.\";s:4:\"core\";s:3:\"6.x\";s:7:\"version\";s:7:\"6.x-1.8\";s:7:\"project\";s:6:\"disqus\";s:9:\"datestamp\";s:10:\"1302217015\";s:12:\"dependencies\";a:0:{}s:10:\"dependents\";a:0:{}s:3:\"php\";s:5:\"4.3.5\";}'),('sites/all/modules/disqus/disqus_migrate.module','disqus_migrate','module','','0','0','0','-1','0','a:9:{s:4:\"name\";s:14:\"Disqus Migrate\";s:11:\"description\";s:90:\"Provides migration tools for moving comments between Disqus and the Drupal comment system.\";s:4:\"core\";s:3:\"6.x\";s:12:\"dependencies\";a:2:{i:0;s:6:\"disqus\";i:1;s:7:\"comment\";}s:3:\"php\";s:1:\"5\";s:7:\"version\";s:7:\"6.x-1.8\";s:7:\"project\";s:6:\"disqus\";s:9:\"datestamp\";s:10:\"1302217015\";s:10:\"dependents\";a:0:{}}'),('sites/all/modules/cck/modules/fieldgroup/fieldgroup.module','fieldgroup','module','','0','0','0','-1','0','a:10:{s:4:\"name\";s:10:\"Fieldgroup\";s:11:\"description\";s:37:\"Create display groups for CCK fields.\";s:12:\"dependencies\";a:1:{i:0;s:7:\"content\";}s:7:\"package\";s:3:\"CCK\";s:4:\"core\";s:3:\"6.x\";s:7:\"version\";s:7:\"6.x-2.9\";s:7:\"project\";s:3:\"cck\";s:9:\"datestamp\";s:10:\"1294407979\";s:10:\"dependents\";a:0:{}s:3:\"php\";s:5:\"4.3.5\";}'),('sites/all/modules/filefield/filefield.module','filefield','module','','1','0','0','6104','0','a:10:{s:4:\"name\";s:9:\"FileField\";s:11:\"description\";s:26:\"Defines a file field type.\";s:12:\"dependencies\";a:1:{i:0;s:7:\"content\";}s:7:\"package\";s:3:\"CCK\";s:4:\"core\";s:3:\"6.x\";s:3:\"php\";s:3:\"5.0\";s:7:\"version\";s:8:\"6.x-3.10\";s:7:\"project\";s:9:\"filefield\";s:9:\"datestamp\";s:10:\"1303970816\";s:10:\"dependents\";a:0:{}}');
INSERT INTO `system` VALUES ('sites/all/modules/filefield/filefield_meta/filefield_meta.module','filefield_meta','module','','0','0','0','-1','0','a:10:{s:4:\"name\";s:14:\"FileField Meta\";s:11:\"description\";s:48:\"Add metadata gathering and storage to FileField.\";s:12:\"dependencies\";a:2:{i:0;s:9:\"filefield\";i:1;s:6:\"getid3\";}s:7:\"package\";s:3:\"CCK\";s:4:\"core\";s:3:\"6.x\";s:3:\"php\";s:3:\"5.0\";s:7:\"version\";s:8:\"6.x-3.10\";s:7:\"project\";s:9:\"filefield\";s:9:\"datestamp\";s:10:\"1303970816\";s:10:\"dependents\";a:0:{}}'),('modules/filter/filter.module','filter','module','','1','0','0','0','0','a:10:{s:4:\"name\";s:6:\"Filter\";s:11:\"description\";s:60:\"Handles the filtering of content in preparation for display.\";s:7:\"package\";s:15:\"Core - required\";s:7:\"version\";s:4:\"6.22\";s:4:\"core\";s:3:\"6.x\";s:7:\"project\";s:6:\"drupal\";s:9:\"datestamp\";s:10:\"1306357015\";s:12:\"dependencies\";a:0:{}s:10:\"dependents\";a:0:{}s:3:\"php\";s:5:\"4.3.5\";}'),('modules/forum/forum.module','forum','module','','0','0','0','-1','0','a:10:{s:4:\"name\";s:5:\"Forum\";s:11:\"description\";s:50:\"Enables threaded discussions about general topics.\";s:12:\"dependencies\";a:2:{i:0;s:8:\"taxonomy\";i:1;s:7:\"comment\";}s:7:\"package\";s:15:\"Core - optional\";s:7:\"version\";s:4:\"6.22\";s:4:\"core\";s:3:\"6.x\";s:7:\"project\";s:6:\"drupal\";s:9:\"datestamp\";s:10:\"1306357015\";s:10:\"dependents\";a:0:{}s:3:\"php\";s:5:\"4.3.5\";}'),('sites/all/modules/globalredirect/globalredirect.module','globalredirect','module','','0','0','0','-1','0','a:9:{s:4:\"name\";s:15:\"Global Redirect\";s:11:\"description\";s:129:\"Searches for an alias of the current URL and 301 redirects if found. Stops duplicate content arising when path module is enabled.\";s:12:\"dependencies\";a:1:{i:0;s:4:\"path\";}s:4:\"core\";s:3:\"6.x\";s:7:\"version\";s:7:\"6.x-1.2\";s:7:\"project\";s:14:\"globalredirect\";s:9:\"datestamp\";s:10:\"1229943020\";s:10:\"dependents\";a:0:{}s:3:\"php\";s:5:\"4.3.5\";}'),('sites/all/modules/google_analytics/googleanalytics.module','googleanalytics','module','','0','0','0','-1','0','a:10:{s:4:\"name\";s:16:\"Google Analytics\";s:11:\"description\";s:72:\"Adds Google Analytics javascript tracking code to all your site\'s pages.\";s:4:\"core\";s:3:\"6.x\";s:7:\"package\";s:10:\"Statistics\";s:7:\"version\";s:7:\"6.x-3.3\";s:7:\"project\";s:16:\"google_analytics\";s:9:\"datestamp\";s:10:\"1301340368\";s:12:\"dependencies\";a:0:{}s:10:\"dependents\";a:0:{}s:3:\"php\";s:5:\"4.3.5\";}');
INSERT INTO `system` VALUES ('modules/help/help.module','help','module','','1','0','0','0','0','a:10:{s:4:\"name\";s:4:\"Help\";s:11:\"description\";s:35:\"Manages the display of online help.\";s:7:\"package\";s:15:\"Core - optional\";s:7:\"version\";s:4:\"6.22\";s:4:\"core\";s:3:\"6.x\";s:7:\"project\";s:6:\"drupal\";s:9:\"datestamp\";s:10:\"1306357015\";s:12:\"dependencies\";a:0:{}s:10:\"dependents\";a:0:{}s:3:\"php\";s:5:\"4.3.5\";}'),('sites/all/modules/advanced_help/help_example/help_example.module','help_example','module','','0','0','0','-1','0','a:9:{s:4:\"name\";s:21:\"Advanced help example\";s:11:\"description\";s:62:\"A example help module to demonstrate the advanced help module.\";s:4:\"core\";s:3:\"6.x\";s:12:\"dependencies\";a:1:{i:0;s:13:\"advanced_help\";}s:7:\"version\";s:7:\"6.x-1.2\";s:7:\"project\";s:13:\"advanced_help\";s:9:\"datestamp\";s:10:\"1238954409\";s:10:\"dependents\";a:0:{}s:3:\"php\";s:5:\"4.3.5\";}'),('sites/all/modules/imageapi/imageapi.module','imageapi','module','','1','0','0','0','0','a:10:{s:4:\"name\";s:8:\"ImageAPI\";s:11:\"description\";s:38:\"ImageAPI supporting multiple toolkits.\";s:7:\"package\";s:10:\"ImageCache\";s:4:\"core\";s:3:\"6.x\";s:3:\"php\";s:3:\"5.1\";s:7:\"version\";s:8:\"6.x-1.10\";s:7:\"project\";s:8:\"imageapi\";s:9:\"datestamp\";s:10:\"1305563215\";s:12:\"dependencies\";a:0:{}s:10:\"dependents\";a:0:{}}'),('sites/all/modules/imageapi/imageapi_gd.module','imageapi_gd','module','','1','0','0','0','0','a:10:{s:4:\"name\";s:12:\"ImageAPI GD2\";s:11:\"description\";s:49:\"Uses PHP\'s built-in GD2 image processing support.\";s:7:\"package\";s:10:\"ImageCache\";s:4:\"core\";s:3:\"6.x\";s:7:\"version\";s:8:\"6.x-1.10\";s:7:\"project\";s:8:\"imageapi\";s:9:\"datestamp\";s:10:\"1305563215\";s:12:\"dependencies\";a:0:{}s:10:\"dependents\";a:0:{}s:3:\"php\";s:5:\"4.3.5\";}'),('sites/all/modules/imageapi/imageapi_imagemagick.module','imageapi_imagemagick','module','','0','0','0','-1','0','a:10:{s:4:\"name\";s:20:\"ImageAPI ImageMagick\";s:11:\"description\";s:33:\"Command Line ImageMagick support.\";s:7:\"package\";s:10:\"ImageCache\";s:4:\"core\";s:3:\"6.x\";s:7:\"version\";s:8:\"6.x-1.10\";s:7:\"project\";s:8:\"imageapi\";s:9:\"datestamp\";s:10:\"1305563215\";s:12:\"dependencies\";a:0:{}s:10:\"dependents\";a:0:{}s:3:\"php\";s:5:\"4.3.5\";}');
INSERT INTO `system` VALUES ('sites/all/modules/imagecache/imagecache.module','imagecache','module','','1','0','0','6001','0','a:10:{s:4:\"name\";s:10:\"ImageCache\";s:11:\"description\";s:36:\"Dynamic image manipulator and cache.\";s:7:\"package\";s:10:\"ImageCache\";s:12:\"dependencies\";a:1:{i:0;s:8:\"imageapi\";}s:4:\"core\";s:3:\"6.x\";s:7:\"version\";s:14:\"6.x-2.0-beta12\";s:7:\"project\";s:10:\"imagecache\";s:9:\"datestamp\";s:10:\"1305566515\";s:10:\"dependents\";a:0:{}s:3:\"php\";s:5:\"4.3.5\";}'),('sites/all/modules/imagecache/imagecache_ui.module','imagecache_ui','module','','1','0','0','0','0','a:10:{s:4:\"name\";s:13:\"ImageCache UI\";s:11:\"description\";s:26:\"ImageCache User Interface.\";s:12:\"dependencies\";a:2:{i:0;s:10:\"imagecache\";i:1;s:8:\"imageapi\";}s:7:\"package\";s:10:\"ImageCache\";s:4:\"core\";s:3:\"6.x\";s:7:\"version\";s:14:\"6.x-2.0-beta12\";s:7:\"project\";s:10:\"imagecache\";s:9:\"datestamp\";s:10:\"1305566515\";s:10:\"dependents\";a:0:{}s:3:\"php\";s:5:\"4.3.5\";}'),('sites/all/modules/imagefield/imagefield.module','imagefield','module','','1','0','0','6006','0','a:10:{s:4:\"name\";s:10:\"ImageField\";s:11:\"description\";s:28:\"Defines an image field type.\";s:4:\"core\";s:3:\"6.x\";s:12:\"dependencies\";a:2:{i:0;s:7:\"content\";i:1;s:9:\"filefield\";}s:7:\"package\";s:3:\"CCK\";s:7:\"version\";s:8:\"6.x-3.10\";s:7:\"project\";s:10:\"imagefield\";s:9:\"datestamp\";s:10:\"1303971115\";s:10:\"dependents\";a:0:{}s:3:\"php\";s:5:\"4.3.5\";}'),('sites/all/modules/insert/insert.module','insert','module','','0','0','0','-1','0','a:9:{s:4:\"name\";s:6:\"Insert\";s:11:\"description\";s:91:\"Assists in inserting files, images, or other media into the body field or other text areas.\";s:4:\"core\";s:3:\"6.x\";s:7:\"version\";s:7:\"6.x-1.1\";s:7:\"project\";s:6:\"insert\";s:9:\"datestamp\";s:10:\"1304092615\";s:12:\"dependencies\";a:0:{}s:10:\"dependents\";a:0:{}s:3:\"php\";s:5:\"4.3.5\";}'),('sites/all/modules/jquery_ui/jquery_ui.module','jquery_ui','module','','0','0','0','-1','0','a:10:{s:4:\"name\";s:9:\"jQuery UI\";s:11:\"description\";s:55:\"Provides the jQuery UI plug-in to other Drupal modules.\";s:7:\"package\";s:14:\"User interface\";s:4:\"core\";s:3:\"6.x\";s:7:\"version\";s:7:\"6.x-1.3\";s:7:\"project\";s:9:\"jquery_ui\";s:9:\"datestamp\";s:10:\"1245556234\";s:12:\"dependencies\";a:0:{}s:10:\"dependents\";a:0:{}s:3:\"php\";s:5:\"4.3.5\";}');
INSERT INTO `system` VALUES ('sites/all/modules/jquery_update/jquery_update.module','jquery_update','module','','1','0','0','6200','99','a:10:{s:4:\"name\";s:13:\"jQuery Update\";s:11:\"description\";s:51:\"Updates Drupal to use the latest version of jQuery.\";s:7:\"package\";s:14:\"User interface\";s:4:\"core\";s:3:\"6.x\";s:7:\"version\";s:14:\"6.x-2.0-alpha1\";s:7:\"project\";s:13:\"jquery_update\";s:9:\"datestamp\";s:10:\"1272041110\";s:12:\"dependencies\";a:0:{}s:10:\"dependents\";a:0:{}s:3:\"php\";s:5:\"4.3.5\";}'),('sites/all/modules/lightbox2/lightbox2.module','lightbox2','module','','0','0','0','-1','0','a:9:{s:4:\"name\";s:9:\"Lightbox2\";s:11:\"description\";s:28:\"Enables Lightbox2 for Drupal\";s:4:\"core\";s:3:\"6.x\";s:7:\"version\";s:8:\"6.x-1.11\";s:7:\"project\";s:9:\"lightbox2\";s:9:\"datestamp\";s:10:\"1285342563\";s:12:\"dependencies\";a:0:{}s:10:\"dependents\";a:0:{}s:3:\"php\";s:5:\"4.3.5\";}'),('modules/locale/locale.module','locale','module','','0','0','0','-1','0','a:10:{s:4:\"name\";s:6:\"Locale\";s:11:\"description\";s:119:\"Adds language handling functionality and enables the translation of the user interface to languages other than English.\";s:7:\"package\";s:15:\"Core - optional\";s:7:\"version\";s:4:\"6.22\";s:4:\"core\";s:3:\"6.x\";s:7:\"project\";s:6:\"drupal\";s:9:\"datestamp\";s:10:\"1306357015\";s:12:\"dependencies\";a:0:{}s:10:\"dependents\";a:0:{}s:3:\"php\";s:5:\"4.3.5\";}'),('sites/all/modules/markdown/markdown.module','markdown','module','','0','0','0','-1','0','a:10:{s:4:\"name\";s:15:\"Markdown filter\";s:11:\"description\";s:111:\"Allows content to be submitted using Markdown, a simple plain-text syntax that is transformed into valid XHTML.\";s:7:\"package\";s:13:\"Input filters\";s:12:\"dependencies\";a:1:{i:0;s:6:\"filter\";}s:4:\"core\";s:3:\"6.x\";s:7:\"version\";s:7:\"6.x-1.2\";s:7:\"project\";s:8:\"markdown\";s:9:\"datestamp\";s:10:\"1272513007\";s:10:\"dependents\";a:0:{}s:3:\"php\";s:5:\"4.3.5\";}'),('modules/menu/menu.module','menu','module','','1','0','0','0','0','a:10:{s:4:\"name\";s:4:\"Menu\";s:11:\"description\";s:60:\"Allows administrators to customize the site navigation menu.\";s:7:\"package\";s:15:\"Core - optional\";s:7:\"version\";s:4:\"6.22\";s:4:\"core\";s:3:\"6.x\";s:7:\"project\";s:6:\"drupal\";s:9:\"datestamp\";s:10:\"1306357015\";s:12:\"dependencies\";a:0:{}s:10:\"dependents\";a:0:{}s:3:\"php\";s:5:\"4.3.5\";}');
INSERT INTO `system` VALUES ('modules/node/node.module','node','module','','1','0','0','0','0','a:10:{s:4:\"name\";s:4:\"Node\";s:11:\"description\";s:66:\"Allows content to be submitted to the site and displayed on pages.\";s:7:\"package\";s:15:\"Core - required\";s:7:\"version\";s:4:\"6.22\";s:4:\"core\";s:3:\"6.x\";s:7:\"project\";s:6:\"drupal\";s:9:\"datestamp\";s:10:\"1306357015\";s:12:\"dependencies\";a:0:{}s:10:\"dependents\";a:0:{}s:3:\"php\";s:5:\"4.3.5\";}'),('sites/all/modules/cck/modules/nodereference/nodereference.module','nodereference','module','','1','0','0','6001','0','a:10:{s:4:\"name\";s:14:\"Node Reference\";s:11:\"description\";s:59:\"Defines a field type for referencing one node from another.\";s:12:\"dependencies\";a:3:{i:0;s:7:\"content\";i:1;s:4:\"text\";i:2;s:13:\"optionwidgets\";}s:7:\"package\";s:3:\"CCK\";s:4:\"core\";s:3:\"6.x\";s:7:\"version\";s:7:\"6.x-2.9\";s:7:\"project\";s:3:\"cck\";s:9:\"datestamp\";s:10:\"1294407979\";s:10:\"dependents\";a:0:{}s:3:\"php\";s:5:\"4.3.5\";}'),('sites/all/modules/nodewords/nodewords.module','nodewords','module','','0','0','0','-1','0','a:11:{s:4:\"name\";s:9:\"Nodewords\";s:11:\"description\";s:61:\"Implement an API that other modules can use to add meta tags.\";s:7:\"package\";s:9:\"Meta tags\";s:10:\"recommends\";a:2:{i:0;s:8:\"checkall\";i:1;s:13:\"vertical_tabs\";}s:4:\"core\";s:3:\"6.x\";s:7:\"version\";s:12:\"6.x-1.12-rc1\";s:7:\"project\";s:9:\"nodewords\";s:9:\"datestamp\";s:10:\"1302748016\";s:12:\"dependencies\";a:0:{}s:10:\"dependents\";a:0:{}s:3:\"php\";s:5:\"4.3.5\";}'),('sites/all/modules/nodewords/nodewords_admin/nodewords_admin.module','nodewords_admin','module','','0','0','0','-1','0','a:10:{s:4:\"name\";s:38:\"Administration interface for Nodewords\";s:11:\"description\";s:39:\"Administration interface for Nodewords.\";s:7:\"package\";s:9:\"Meta tags\";s:12:\"dependencies\";a:1:{i:0;s:9:\"nodewords\";}s:4:\"core\";s:3:\"6.x\";s:7:\"version\";s:12:\"6.x-1.12-rc1\";s:7:\"project\";s:9:\"nodewords\";s:9:\"datestamp\";s:10:\"1302748016\";s:10:\"dependents\";a:0:{}s:3:\"php\";s:5:\"4.3.5\";}');
INSERT INTO `system` VALUES ('sites/all/modules/nodewords/nodewords_basic/nodewords_basic.module','nodewords_basic','module','','0','0','0','-1','0','a:10:{s:4:\"name\";s:15:\"Basic meta tags\";s:11:\"description\";s:40:\"Define basic meta tags for Drupal pages.\";s:7:\"package\";s:9:\"Meta tags\";s:12:\"dependencies\";a:1:{i:0;s:9:\"nodewords\";}s:4:\"core\";s:3:\"6.x\";s:7:\"version\";s:12:\"6.x-1.12-rc1\";s:7:\"project\";s:9:\"nodewords\";s:9:\"datestamp\";s:10:\"1302748016\";s:10:\"dependents\";a:0:{}s:3:\"php\";s:5:\"4.3.5\";}'),('sites/all/modules/nodewords/nodewords_custom_pages/nodewords_custom_pages.module','nodewords_custom_pages','module','','0','0','0','-1','0','a:10:{s:4:\"name\";s:26:\"Meta tags for custom pages\";s:11:\"description\";s:64:\"Allow to set meta tags for any pages for which is known the URL.\";s:7:\"package\";s:9:\"Meta tags\";s:12:\"dependencies\";a:1:{i:0;s:9:\"nodewords\";}s:4:\"core\";s:3:\"6.x\";s:7:\"version\";s:12:\"6.x-1.12-rc1\";s:7:\"project\";s:9:\"nodewords\";s:9:\"datestamp\";s:10:\"1302748016\";s:10:\"dependents\";a:0:{}s:3:\"php\";s:5:\"4.3.5\";}'),('sites/all/modules/nodewords/nodewords_extra/nodewords_extra.module','nodewords_extra','module','','0','0','0','-1','0','a:10:{s:4:\"name\";s:15:\"Extra meta tags\";s:11:\"description\";s:40:\"Define extra meta tags for Drupal pages.\";s:7:\"package\";s:9:\"Meta tags\";s:4:\"core\";s:3:\"6.x\";s:12:\"dependencies\";a:1:{i:0;s:9:\"nodewords\";}s:7:\"version\";s:12:\"6.x-1.12-rc1\";s:7:\"project\";s:9:\"nodewords\";s:9:\"datestamp\";s:10:\"1302748016\";s:10:\"dependents\";a:0:{}s:3:\"php\";s:5:\"4.3.5\";}'),('sites/all/modules/nodewords/nodewords_tokens/nodewords_tokens.module','nodewords_tokens','module','','0','0','0','-1','0','a:10:{s:4:\"name\";s:20:\"Tokens for meta tags\";s:11:\"description\";s:66:\"Implement tokens that can be used to set the content of meta tags.\";s:7:\"package\";s:9:\"Meta tags\";s:12:\"dependencies\";a:2:{i:0;s:9:\"nodewords\";i:1;s:5:\"token\";}s:4:\"core\";s:3:\"6.x\";s:7:\"version\";s:12:\"6.x-1.12-rc1\";s:7:\"project\";s:9:\"nodewords\";s:9:\"datestamp\";s:10:\"1302748016\";s:10:\"dependents\";a:0:{}s:3:\"php\";s:5:\"4.3.5\";}');
INSERT INTO `system` VALUES ('sites/all/modules/nodewords/nodewords_ui/nodewords_ui.module','nodewords_ui','module','','0','0','0','-1','0','a:10:{s:4:\"name\";s:28:\"User interface for Nodewords\";s:11:\"description\";s:60:\"Implement the user interface visible to authenticated users.\";s:7:\"package\";s:9:\"Meta tags\";s:12:\"dependencies\";a:1:{i:0;s:9:\"nodewords\";}s:4:\"core\";s:3:\"6.x\";s:7:\"version\";s:12:\"6.x-1.12-rc1\";s:7:\"project\";s:9:\"nodewords\";s:9:\"datestamp\";s:10:\"1302748016\";s:10:\"dependents\";a:0:{}s:3:\"php\";s:5:\"4.3.5\";}'),('sites/all/modules/nodewords/nodewords_verification_tags/nodewords_verification_tags.module','nodewords_verification_tags','module','','0','0','0','-1','0','a:10:{s:4:\"name\";s:27:\"Site verification meta tags\";s:11:\"description\";s:112:\"Define site verification meta tags required by some web sites (mainly from search engines) to verify a web site.\";s:7:\"package\";s:9:\"Meta tags\";s:4:\"core\";s:3:\"6.x\";s:12:\"dependencies\";a:1:{i:0;s:9:\"nodewords\";}s:7:\"version\";s:12:\"6.x-1.12-rc1\";s:7:\"project\";s:9:\"nodewords\";s:9:\"datestamp\";s:10:\"1302748016\";s:10:\"dependents\";a:0:{}s:3:\"php\";s:5:\"4.3.5\";}'),('sites/all/modules/cck/modules/number/number.module','number','module','','0','0','0','-1','0','a:10:{s:4:\"name\";s:6:\"Number\";s:11:\"description\";s:28:\"Defines numeric field types.\";s:12:\"dependencies\";a:1:{i:0;s:7:\"content\";}s:7:\"package\";s:3:\"CCK\";s:4:\"core\";s:3:\"6.x\";s:7:\"version\";s:7:\"6.x-2.9\";s:7:\"project\";s:3:\"cck\";s:9:\"datestamp\";s:10:\"1294407979\";s:10:\"dependents\";a:0:{}s:3:\"php\";s:5:\"4.3.5\";}'),('modules/openid/openid.module','openid','module','','0','0','0','-1','0','a:10:{s:4:\"name\";s:6:\"OpenID\";s:11:\"description\";s:48:\"Allows users to log into your site using OpenID.\";s:7:\"version\";s:4:\"6.22\";s:7:\"package\";s:15:\"Core - optional\";s:4:\"core\";s:3:\"6.x\";s:7:\"project\";s:6:\"drupal\";s:9:\"datestamp\";s:10:\"1306357015\";s:12:\"dependencies\";a:0:{}s:10:\"dependents\";a:0:{}s:3:\"php\";s:5:\"4.3.5\";}');
INSERT INTO `system` VALUES ('sites/all/modules/cck/modules/optionwidgets/optionwidgets.module','optionwidgets','module','','1','0','0','6001','0','a:10:{s:4:\"name\";s:14:\"Option Widgets\";s:11:\"description\";s:82:\"Defines selection, check box and radio button widgets for text and numeric fields.\";s:12:\"dependencies\";a:1:{i:0;s:7:\"content\";}s:7:\"package\";s:3:\"CCK\";s:4:\"core\";s:3:\"6.x\";s:7:\"version\";s:7:\"6.x-2.9\";s:7:\"project\";s:3:\"cck\";s:9:\"datestamp\";s:10:\"1294407979\";s:10:\"dependents\";a:0:{}s:3:\"php\";s:5:\"4.3.5\";}'),('sites/all/modules/ctools/page_manager/page_manager.module','page_manager','module','','0','0','0','-1','0','a:10:{s:4:\"name\";s:12:\"Page manager\";s:11:\"description\";s:54:\"Provides a UI and API to manage pages within the site.\";s:4:\"core\";s:3:\"6.x\";s:12:\"dependencies\";a:1:{i:0;s:6:\"ctools\";}s:7:\"package\";s:16:\"Chaos tool suite\";s:7:\"version\";s:7:\"6.x-1.7\";s:7:\"project\";s:6:\"ctools\";s:9:\"datestamp\";s:10:\"1280189115\";s:10:\"dependents\";a:0:{}s:3:\"php\";s:5:\"4.3.5\";}'),('sites/all/modules/page_title/page_title.module','page_title','module','','0','0','0','-1','0','a:9:{s:4:\"name\";s:10:\"Page Title\";s:11:\"description\";s:60:\"Enhanced control over the page title (in the &lt;head> tag).\";s:12:\"dependencies\";a:1:{i:0;s:5:\"token\";}s:4:\"core\";s:3:\"6.x\";s:7:\"version\";s:7:\"6.x-2.3\";s:7:\"project\";s:10:\"page_title\";s:9:\"datestamp\";s:10:\"1259017563\";s:10:\"dependents\";a:0:{}s:3:\"php\";s:5:\"4.3.5\";}'),('modules/path/path.module','path','module','','1','0','0','0','0','a:10:{s:4:\"name\";s:4:\"Path\";s:11:\"description\";s:28:\"Allows users to rename URLs.\";s:7:\"package\";s:15:\"Core - optional\";s:7:\"version\";s:4:\"6.22\";s:4:\"core\";s:3:\"6.x\";s:7:\"project\";s:6:\"drupal\";s:9:\"datestamp\";s:10:\"1306357015\";s:12:\"dependencies\";a:0:{}s:10:\"dependents\";a:0:{}s:3:\"php\";s:5:\"4.3.5\";}'),('sites/all/modules/path_redirect/path_redirect.module','path_redirect','module','','0','0','0','-1','0','a:12:{s:4:\"name\";s:13:\"Path redirect\";s:11:\"description\";s:39:\"Redirect users from one URL to another.\";s:4:\"core\";s:3:\"6.x\";s:8:\"enhances\";a:1:{i:0;s:8:\"pathauto\";}s:8:\"suggests\";a:1:{i:0;s:15:\"global_redirect\";}s:10:\"recommends\";a:1:{i:0;s:8:\"elements\";}s:7:\"version\";s:11:\"6.x-1.0-rc2\";s:7:\"project\";s:13:\"path_redirect\";s:9:\"datestamp\";s:10:\"1291583783\";s:12:\"dependencies\";a:0:{}s:10:\"dependents\";a:0:{}s:3:\"php\";s:5:\"4.3.5\";}');
INSERT INTO `system` VALUES ('sites/all/modules/path_redirect/generate/path_redirect_generate.module','path_redirect_generate','module','','0','0','0','-1','0','a:11:{s:4:\"name\";s:22:\"Path redirect generate\";s:11:\"description\";s:34:\"Bulk create redirects for testing.\";s:7:\"package\";s:11:\"Development\";s:4:\"core\";s:3:\"6.x\";s:12:\"dependencies\";a:2:{i:0;s:13:\"path_redirect\";i:1;s:14:\"devel_generate\";}s:4:\"tags\";a:1:{i:0;s:9:\"developer\";}s:7:\"version\";s:11:\"6.x-1.0-rc2\";s:7:\"project\";s:13:\"path_redirect\";s:9:\"datestamp\";s:10:\"1291583783\";s:10:\"dependents\";a:0:{}s:3:\"php\";s:5:\"4.3.5\";}'),('sites/all/modules/pathauto/pathauto.module','pathauto','module','','1','0','0','7','1','a:10:{s:4:\"name\";s:8:\"Pathauto\";s:11:\"description\";s:95:\"Provides a mechanism for modules to automatically generate aliases for the content they manage.\";s:12:\"dependencies\";a:2:{i:0;s:4:\"path\";i:1;s:5:\"token\";}s:4:\"core\";s:3:\"6.x\";s:10:\"recommends\";a:1:{i:0;s:13:\"path_redirect\";}s:7:\"version\";s:7:\"6.x-1.5\";s:7:\"project\";s:8:\"pathauto\";s:9:\"datestamp\";s:10:\"1286469664\";s:10:\"dependents\";a:0:{}s:3:\"php\";s:5:\"4.3.5\";}'),('sites/all/modules/devel/performance/performance.module','performance','module','','0','0','0','-1','0','a:10:{s:4:\"name\";s:19:\"Performance Logging\";s:11:\"description\";s:91:\"Logs detailed and/or summary page generation time and memory consumption for page requests.\";s:7:\"package\";s:11:\"Development\";s:4:\"core\";s:3:\"6.x\";s:7:\"version\";s:8:\"6.x-1.20\";s:7:\"project\";s:5:\"devel\";s:9:\"datestamp\";s:10:\"1271886306\";s:12:\"dependencies\";a:0:{}s:10:\"dependents\";a:0:{}s:3:\"php\";s:5:\"4.3.5\";}'),('modules/php/php.module','php','module','','0','0','0','-1','0','a:10:{s:4:\"name\";s:10:\"PHP filter\";s:11:\"description\";s:50:\"Allows embedded PHP code/snippets to be evaluated.\";s:7:\"package\";s:15:\"Core - optional\";s:7:\"version\";s:4:\"6.22\";s:4:\"core\";s:3:\"6.x\";s:7:\"project\";s:6:\"drupal\";s:9:\"datestamp\";s:10:\"1306357015\";s:12:\"dependencies\";a:0:{}s:10:\"dependents\";a:0:{}s:3:\"php\";s:5:\"4.3.5\";}');
INSERT INTO `system` VALUES ('modules/ping/ping.module','ping','module','','0','0','0','-1','0','a:10:{s:4:\"name\";s:4:\"Ping\";s:11:\"description\";s:51:\"Alerts other sites when your site has been updated.\";s:7:\"package\";s:15:\"Core - optional\";s:7:\"version\";s:4:\"6.22\";s:4:\"core\";s:3:\"6.x\";s:7:\"project\";s:6:\"drupal\";s:9:\"datestamp\";s:10:\"1306357015\";s:12:\"dependencies\";a:0:{}s:10:\"dependents\";a:0:{}s:3:\"php\";s:5:\"4.3.5\";}'),('modules/poll/poll.module','poll','module','','0','0','0','-1','0','a:10:{s:4:\"name\";s:4:\"Poll\";s:11:\"description\";s:95:\"Allows your site to capture votes on different topics in the form of multiple choice questions.\";s:7:\"package\";s:15:\"Core - optional\";s:7:\"version\";s:4:\"6.22\";s:4:\"core\";s:3:\"6.x\";s:7:\"project\";s:6:\"drupal\";s:9:\"datestamp\";s:10:\"1306357015\";s:12:\"dependencies\";a:0:{}s:10:\"dependents\";a:0:{}s:3:\"php\";s:5:\"4.3.5\";}'),('modules/profile/profile.module','profile','module','','0','0','0','-1','0','a:10:{s:4:\"name\";s:7:\"Profile\";s:11:\"description\";s:36:\"Supports configurable user profiles.\";s:7:\"package\";s:15:\"Core - optional\";s:7:\"version\";s:4:\"6.22\";s:4:\"core\";s:3:\"6.x\";s:7:\"project\";s:6:\"drupal\";s:9:\"datestamp\";s:10:\"1306357015\";s:12:\"dependencies\";a:0:{}s:10:\"dependents\";a:0:{}s:3:\"php\";s:5:\"4.3.5\";}'),('sites/all/modules/sass/sass.module','sass','module','','0','0','0','-1','0','a:10:{s:4:\"name\";s:4:\"SASS\";s:11:\"description\";s:31:\"Tools for developers using SASS\";s:7:\"package\";s:5:\"Other\";s:4:\"core\";s:3:\"6.x\";s:7:\"version\";s:7:\"6.x-1.0\";s:7:\"project\";s:4:\"sass\";s:9:\"datestamp\";s:10:\"1256147811\";s:12:\"dependencies\";a:0:{}s:10:\"dependents\";a:0:{}s:3:\"php\";s:5:\"4.3.5\";}'),('modules/search/search.module','search','module','','1','0','0','0','0','a:10:{s:4:\"name\";s:6:\"Search\";s:11:\"description\";s:36:\"Enables site-wide keyword searching.\";s:7:\"package\";s:15:\"Core - optional\";s:7:\"version\";s:4:\"6.22\";s:4:\"core\";s:3:\"6.x\";s:7:\"project\";s:6:\"drupal\";s:9:\"datestamp\";s:10:\"1306357015\";s:12:\"dependencies\";a:0:{}s:10:\"dependents\";a:0:{}s:3:\"php\";s:5:\"4.3.5\";}');
INSERT INTO `system` VALUES ('sites/all/modules/site_map/site_map.module','site_map','module','','1','0','0','0','0','a:9:{s:4:\"name\";s:8:\"Site map\";s:11:\"description\";s:19:\"Display a site map.\";s:4:\"core\";s:3:\"6.x\";s:7:\"version\";s:7:\"6.x-1.2\";s:7:\"project\";s:8:\"site_map\";s:9:\"datestamp\";s:10:\"1255552890\";s:12:\"dependencies\";a:0:{}s:10:\"dependents\";a:0:{}s:3:\"php\";s:5:\"4.3.5\";}'),('modules/statistics/statistics.module','statistics','module','','0','0','0','-1','0','a:10:{s:4:\"name\";s:10:\"Statistics\";s:11:\"description\";s:37:\"Logs access statistics for your site.\";s:7:\"package\";s:15:\"Core - optional\";s:7:\"version\";s:4:\"6.22\";s:4:\"core\";s:3:\"6.x\";s:7:\"project\";s:6:\"drupal\";s:9:\"datestamp\";s:10:\"1306357015\";s:12:\"dependencies\";a:0:{}s:10:\"dependents\";a:0:{}s:3:\"php\";s:5:\"4.3.5\";}'),('sites/all/modules/ctools/stylizer/stylizer.module','stylizer','module','','0','0','0','-1','0','a:10:{s:4:\"name\";s:8:\"Stylizer\";s:11:\"description\";s:53:\"Create custom styles for applications such as Panels.\";s:4:\"core\";s:3:\"6.x\";s:7:\"package\";s:16:\"Chaos tool suite\";s:12:\"dependencies\";a:2:{i:0;s:6:\"ctools\";i:1;s:5:\"color\";}s:7:\"version\";s:7:\"6.x-1.7\";s:7:\"project\";s:6:\"ctools\";s:9:\"datestamp\";s:10:\"1280189115\";s:10:\"dependents\";a:0:{}s:3:\"php\";s:5:\"4.3.5\";}'),('modules/syslog/syslog.module','syslog','module','','0','0','0','-1','0','a:10:{s:4:\"name\";s:6:\"Syslog\";s:11:\"description\";s:41:\"Logs and records system events to syslog.\";s:7:\"package\";s:15:\"Core - optional\";s:7:\"version\";s:4:\"6.22\";s:4:\"core\";s:3:\"6.x\";s:7:\"project\";s:6:\"drupal\";s:9:\"datestamp\";s:10:\"1306357015\";s:12:\"dependencies\";a:0:{}s:10:\"dependents\";a:0:{}s:3:\"php\";s:5:\"4.3.5\";}'),('modules/taxonomy/taxonomy.module','taxonomy','module','','1','0','0','0','0','a:10:{s:4:\"name\";s:8:\"Taxonomy\";s:11:\"description\";s:38:\"Enables the categorization of content.\";s:7:\"package\";s:15:\"Core - optional\";s:7:\"version\";s:4:\"6.22\";s:4:\"core\";s:3:\"6.x\";s:7:\"project\";s:6:\"drupal\";s:9:\"datestamp\";s:10:\"1306357015\";s:12:\"dependencies\";a:0:{}s:10:\"dependents\";a:0:{}s:3:\"php\";s:5:\"4.3.5\";}');
INSERT INTO `system` VALUES ('sites/all/modules/cck/modules/text/text.module','text','module','','1','0','0','6003','0','a:10:{s:4:\"name\";s:4:\"Text\";s:11:\"description\";s:32:\"Defines simple text field types.\";s:12:\"dependencies\";a:1:{i:0;s:7:\"content\";}s:7:\"package\";s:3:\"CCK\";s:4:\"core\";s:3:\"6.x\";s:7:\"version\";s:7:\"6.x-2.9\";s:7:\"project\";s:3:\"cck\";s:9:\"datestamp\";s:10:\"1294407979\";s:10:\"dependents\";a:0:{}s:3:\"php\";s:5:\"4.3.5\";}'),('modules/throttle/throttle.module','throttle','module','','0','0','0','-1','0','a:10:{s:4:\"name\";s:8:\"Throttle\";s:11:\"description\";s:66:\"Handles the auto-throttling mechanism, to control site congestion.\";s:7:\"package\";s:15:\"Core - optional\";s:7:\"version\";s:4:\"6.22\";s:4:\"core\";s:3:\"6.x\";s:7:\"project\";s:6:\"drupal\";s:9:\"datestamp\";s:10:\"1306357015\";s:12:\"dependencies\";a:0:{}s:10:\"dependents\";a:0:{}s:3:\"php\";s:5:\"4.3.5\";}'),('sites/all/modules/token/token.module','token','module','','1','0','0','1','10','a:9:{s:4:\"name\";s:5:\"Token\";s:11:\"description\";s:79:\"Provides a shared API for replacement of textual placeholders with actual data.\";s:4:\"core\";s:3:\"6.x\";s:7:\"version\";s:8:\"6.x-1.16\";s:7:\"project\";s:5:\"token\";s:9:\"datestamp\";s:10:\"1305745318\";s:12:\"dependencies\";a:0:{}s:10:\"dependents\";a:0:{}s:3:\"php\";s:5:\"4.3.5\";}'),('sites/all/modules/token/tokenSTARTER.module','tokenSTARTER','module','','0','0','0','-1','0','a:9:{s:4:\"name\";s:12:\"TokenSTARTER\";s:11:\"description\";s:72:\"Provides additional tokens and a base on which to build your own tokens.\";s:12:\"dependencies\";a:1:{i:0;s:5:\"token\";}s:4:\"core\";s:3:\"6.x\";s:7:\"version\";s:8:\"6.x-1.16\";s:7:\"project\";s:5:\"token\";s:9:\"datestamp\";s:10:\"1305745318\";s:10:\"dependents\";a:0:{}s:3:\"php\";s:5:\"4.3.5\";}'),('sites/all/modules/token/token_actions.module','token_actions','module','','1','0','0','0','0','a:9:{s:4:\"name\";s:13:\"Token actions\";s:11:\"description\";s:73:\"Provides enhanced versions of core Drupal actions using the Token module.\";s:12:\"dependencies\";a:1:{i:0;s:5:\"token\";}s:4:\"core\";s:3:\"6.x\";s:7:\"version\";s:8:\"6.x-1.16\";s:7:\"project\";s:5:\"token\";s:9:\"datestamp\";s:10:\"1305745318\";s:10:\"dependents\";a:0:{}s:3:\"php\";s:5:\"4.3.5\";}');
INSERT INTO `system` VALUES ('sites/all/modules/token/tests/token_test.module','token_test','module','','0','0','0','-1','0','a:12:{s:4:\"name\";s:10:\"Token Test\";s:11:\"description\";s:39:\"Testing module for token functionality.\";s:7:\"package\";s:7:\"Testing\";s:4:\"core\";s:3:\"6.x\";s:5:\"files\";a:1:{i:0;s:17:\"token_test.module\";}s:6:\"hidden\";b:1;s:7:\"version\";s:8:\"6.x-1.16\";s:7:\"project\";s:5:\"token\";s:9:\"datestamp\";s:10:\"1305745318\";s:12:\"dependencies\";a:0:{}s:10:\"dependents\";a:0:{}s:3:\"php\";s:5:\"4.3.5\";}'),('sites/all/modules/top_searches/top_searches.module','top_searches','module','','0','0','0','-1','0','a:9:{s:4:\"name\";s:12:\"Top Searches\";s:11:\"description\";s:36:\"Provides a list of top search phrase\";s:4:\"core\";s:3:\"6.x\";s:7:\"version\";s:7:\"6.x-1.1\";s:7:\"project\";s:12:\"top_searches\";s:9:\"datestamp\";s:10:\"1257416495\";s:12:\"dependencies\";a:0:{}s:10:\"dependents\";a:0:{}s:3:\"php\";s:5:\"4.3.5\";}'),('modules/tracker/tracker.module','tracker','module','','0','0','0','-1','0','a:10:{s:4:\"name\";s:7:\"Tracker\";s:11:\"description\";s:43:\"Enables tracking of recent posts for users.\";s:12:\"dependencies\";a:1:{i:0;s:7:\"comment\";}s:7:\"package\";s:15:\"Core - optional\";s:7:\"version\";s:4:\"6.22\";s:4:\"core\";s:3:\"6.x\";s:7:\"project\";s:6:\"drupal\";s:9:\"datestamp\";s:10:\"1306357015\";s:10:\"dependents\";a:0:{}s:3:\"php\";s:5:\"4.3.5\";}'),('modules/translation/translation.module','translation','module','','0','0','0','-1','0','a:10:{s:4:\"name\";s:19:\"Content translation\";s:11:\"description\";s:57:\"Allows content to be translated into different languages.\";s:12:\"dependencies\";a:1:{i:0;s:6:\"locale\";}s:7:\"package\";s:15:\"Core - optional\";s:7:\"version\";s:4:\"6.22\";s:4:\"core\";s:3:\"6.x\";s:7:\"project\";s:6:\"drupal\";s:9:\"datestamp\";s:10:\"1306357015\";s:10:\"dependents\";a:0:{}s:3:\"php\";s:5:\"4.3.5\";}'),('modules/trigger/trigger.module','trigger','module','','0','0','0','-1','0','a:10:{s:4:\"name\";s:7:\"Trigger\";s:11:\"description\";s:90:\"Enables actions to be fired on certain system events, such as when new content is created.\";s:7:\"package\";s:15:\"Core - optional\";s:7:\"version\";s:4:\"6.22\";s:4:\"core\";s:3:\"6.x\";s:7:\"project\";s:6:\"drupal\";s:9:\"datestamp\";s:10:\"1306357015\";s:12:\"dependencies\";a:0:{}s:10:\"dependents\";a:0:{}s:3:\"php\";s:5:\"4.3.5\";}');
INSERT INTO `system` VALUES ('modules/update/update.module','update','module','','1','0','0','6000','0','a:10:{s:4:\"name\";s:13:\"Update status\";s:11:\"description\";s:88:\"Checks the status of available updates for Drupal and your installed modules and themes.\";s:7:\"version\";s:4:\"6.22\";s:7:\"package\";s:15:\"Core - optional\";s:4:\"core\";s:3:\"6.x\";s:7:\"project\";s:6:\"drupal\";s:9:\"datestamp\";s:10:\"1306357015\";s:12:\"dependencies\";a:0:{}s:10:\"dependents\";a:0:{}s:3:\"php\";s:5:\"4.3.5\";}'),('modules/upload/upload.module','upload','module','','0','0','0','-1','0','a:10:{s:4:\"name\";s:6:\"Upload\";s:11:\"description\";s:51:\"Allows users to upload and attach files to content.\";s:7:\"package\";s:15:\"Core - optional\";s:7:\"version\";s:4:\"6.22\";s:4:\"core\";s:3:\"6.x\";s:7:\"project\";s:6:\"drupal\";s:9:\"datestamp\";s:10:\"1306357015\";s:12:\"dependencies\";a:0:{}s:10:\"dependents\";a:0:{}s:3:\"php\";s:5:\"4.3.5\";}'),('modules/user/user.module','user','module','','1','0','0','0','0','a:10:{s:4:\"name\";s:4:\"User\";s:11:\"description\";s:47:\"Manages the user registration and login system.\";s:7:\"package\";s:15:\"Core - required\";s:7:\"version\";s:4:\"6.22\";s:4:\"core\";s:3:\"6.x\";s:7:\"project\";s:6:\"drupal\";s:9:\"datestamp\";s:10:\"1306357015\";s:12:\"dependencies\";a:0:{}s:10:\"dependents\";a:0:{}s:3:\"php\";s:5:\"4.3.5\";}'),('sites/all/modules/cck/modules/userreference/userreference.module','userreference','module','','1','0','0','6002','0','a:10:{s:4:\"name\";s:14:\"User Reference\";s:11:\"description\";s:56:\"Defines a field type for referencing a user from a node.\";s:12:\"dependencies\";a:3:{i:0;s:7:\"content\";i:1;s:4:\"text\";i:2;s:13:\"optionwidgets\";}s:7:\"package\";s:3:\"CCK\";s:4:\"core\";s:3:\"6.x\";s:7:\"version\";s:7:\"6.x-2.9\";s:7:\"project\";s:3:\"cck\";s:9:\"datestamp\";s:10:\"1294407979\";s:10:\"dependents\";a:0:{}s:3:\"php\";s:5:\"4.3.5\";}'),('sites/all/modules/views/views.module','views','module','','1','0','0','6009','10','a:10:{s:4:\"name\";s:5:\"Views\";s:11:\"description\";s:55:\"Create customized lists and queries from your database.\";s:7:\"package\";s:5:\"Views\";s:4:\"core\";s:3:\"6.x\";s:7:\"version\";s:8:\"6.x-2.12\";s:7:\"project\";s:5:\"views\";s:9:\"datestamp\";s:10:\"1292446272\";s:12:\"dependencies\";a:0:{}s:10:\"dependents\";a:0:{}s:3:\"php\";s:5:\"4.3.5\";}');
INSERT INTO `system` VALUES ('sites/all/modules/ctools/views_content/views_content.module','views_content','module','','0','0','0','-1','0','a:10:{s:4:\"name\";s:19:\"Views content panes\";s:11:\"description\";s:104:\"Allows Views content to be used in Panels, Dashboard and other modules which use the CTools Content API.\";s:7:\"package\";s:16:\"Chaos tool suite\";s:12:\"dependencies\";a:2:{i:0;s:6:\"ctools\";i:1;s:5:\"views\";}s:4:\"core\";s:3:\"6.x\";s:7:\"version\";s:7:\"6.x-1.7\";s:7:\"project\";s:6:\"ctools\";s:9:\"datestamp\";s:10:\"1280189115\";s:10:\"dependents\";a:0:{}s:3:\"php\";s:5:\"4.3.5\";}'),('sites/all/modules/views/views_export/views_export.module','views_export','module','','1','0','0','0','0','a:10:{s:4:\"name\";s:14:\"Views exporter\";s:11:\"description\";s:40:\"Allows exporting multiple views at once.\";s:7:\"package\";s:5:\"Views\";s:12:\"dependencies\";a:1:{i:0;s:5:\"views\";}s:4:\"core\";s:3:\"6.x\";s:7:\"version\";s:8:\"6.x-2.12\";s:7:\"project\";s:5:\"views\";s:9:\"datestamp\";s:10:\"1292446272\";s:10:\"dependents\";a:0:{}s:3:\"php\";s:5:\"4.3.5\";}'),('sites/all/modules/views_slideshow/views_slideshow.module','views_slideshow','module','','0','0','0','-1','0','a:10:{s:4:\"name\";s:15:\"Views Slideshow\";s:11:\"description\";s:63:\"Provides a View style that displays rows as a jQuery slideshow.\";s:12:\"dependencies\";a:1:{i:0;s:5:\"views\";}s:7:\"package\";s:5:\"Views\";s:4:\"core\";s:3:\"6.x\";s:7:\"version\";s:7:\"6.x-2.3\";s:7:\"project\";s:15:\"views_slideshow\";s:9:\"datestamp\";s:10:\"1279683019\";s:10:\"dependents\";a:0:{}s:3:\"php\";s:5:\"4.3.5\";}'),('sites/all/modules/views_slideshow/contrib/views_slideshow_singleframe/views_slideshow_singleframe.module','views_slideshow_singleframe','module','','0','0','0','-1','0','a:10:{s:4:\"name\";s:28:\"Views Slideshow: SingleFrame\";s:11:\"description\";s:55:\"Adds a Single Frame slideshow mode to Views Slideshows.\";s:12:\"dependencies\";a:1:{i:0;s:15:\"views_slideshow\";}s:7:\"package\";s:5:\"Views\";s:4:\"core\";s:3:\"6.x\";s:7:\"version\";s:7:\"6.x-2.3\";s:7:\"project\";s:15:\"views_slideshow\";s:9:\"datestamp\";s:10:\"1279683019\";s:10:\"dependents\";a:0:{}s:3:\"php\";s:5:\"4.3.5\";}');
INSERT INTO `system` VALUES ('sites/all/modules/views_slideshow/contrib/views_slideshow_thumbnailhover/views_slideshow_thumbnailhover.module','views_slideshow_thumbnailhover','module','','0','0','0','-1','0','a:10:{s:4:\"name\";s:31:\"Views Slideshow: ThumbnailHover\";s:11:\"description\";s:58:\"Adds a Thumbnail Hover slideshow mode to Views Slideshows.\";s:12:\"dependencies\";a:1:{i:0;s:15:\"views_slideshow\";}s:7:\"package\";s:5:\"Views\";s:4:\"core\";s:3:\"6.x\";s:7:\"version\";s:7:\"6.x-2.3\";s:7:\"project\";s:15:\"views_slideshow\";s:9:\"datestamp\";s:10:\"1279683019\";s:10:\"dependents\";a:0:{}s:3:\"php\";s:5:\"4.3.5\";}'),('sites/all/modules/views/views_ui.module','views_ui','module','','1','0','0','0','0','a:10:{s:4:\"name\";s:8:\"Views UI\";s:11:\"description\";s:93:\"Administrative interface to views. Without this module, you cannot create or edit your views.\";s:7:\"package\";s:5:\"Views\";s:4:\"core\";s:3:\"6.x\";s:12:\"dependencies\";a:1:{i:0;s:5:\"views\";}s:7:\"version\";s:8:\"6.x-2.12\";s:7:\"project\";s:5:\"views\";s:9:\"datestamp\";s:10:\"1292446272\";s:10:\"dependents\";a:0:{}s:3:\"php\";s:5:\"4.3.5\";}'),('sites/all/modules/xmlsitemap/xmlsitemap.module','xmlsitemap','module','','1','0','0','6204','1','a:13:{s:4:\"name\";s:11:\"XML sitemap\";s:11:\"description\";s:98:\"Creates an XML sitemap conforming to the <a href=\"http://sitemaps.org/\">sitemaps.org protocol</a>.\";s:7:\"package\";s:11:\"XML sitemap\";s:4:\"core\";s:3:\"6.x\";s:3:\"php\";s:3:\"5.1\";s:5:\"files\";a:9:{i:0;s:17:\"xmlsitemap.module\";i:1;s:14:\"xmlsitemap.inc\";i:2;s:20:\"xmlsitemap.admin.inc\";i:3;s:20:\"xmlsitemap.drush.inc\";i:4;s:23:\"xmlsitemap.generate.inc\";i:5;s:25:\"xmlsitemap.xmlsitemap.inc\";i:6;s:20:\"xmlsitemap.pages.inc\";i:7;s:18:\"xmlsitemap.install\";i:8;s:15:\"xmlsitemap.test\";}s:10:\"recommends\";a:4:{i:0;s:6:\"ctools\";i:1;s:8:\"elements\";i:2;s:9:\"robotstxt\";i:3;s:13:\"vertical_tabs\";}s:9:\"configure\";s:30:\"admin/config/search/xmlsitemap\";s:7:\"version\";s:13:\"6.x-2.0-beta3\";s:7:\"project\";s:10:\"xmlsitemap\";s:9:\"datestamp\";s:10:\"1308531419\";s:12:\"dependencies\";a:0:{}s:10:\"dependents\";a:0:{}}');
INSERT INTO `system` VALUES ('sites/all/modules/xmlsitemap/xmlsitemap_custom/xmlsitemap_custom.module','xmlsitemap_custom','module','','0','0','0','-1','0','a:11:{s:4:\"name\";s:18:\"XML sitemap custom\";s:11:\"description\";s:44:\"Adds user configurable links to the sitemap.\";s:7:\"package\";s:11:\"XML sitemap\";s:4:\"core\";s:3:\"6.x\";s:12:\"dependencies\";a:1:{i:0;s:10:\"xmlsitemap\";}s:5:\"files\";a:4:{i:0;s:24:\"xmlsitemap_custom.module\";i:1;s:27:\"xmlsitemap_custom.admin.inc\";i:2;s:25:\"xmlsitemap_custom.install\";i:3;s:22:\"xmlsitemap_custom.test\";}s:7:\"version\";s:13:\"6.x-2.0-beta3\";s:7:\"project\";s:10:\"xmlsitemap\";s:9:\"datestamp\";s:10:\"1308531419\";s:10:\"dependents\";a:0:{}s:3:\"php\";s:5:\"4.3.5\";}'),('sites/all/modules/xmlsitemap/xmlsitemap_engines/xmlsitemap_engines.module','xmlsitemap_engines','module','','0','0','0','-1','0','a:12:{s:4:\"name\";s:19:\"XML sitemap engines\";s:11:\"description\";s:37:\"Submit the sitemap to search engines.\";s:7:\"package\";s:11:\"XML sitemap\";s:4:\"core\";s:3:\"6.x\";s:12:\"dependencies\";a:1:{i:0;s:10:\"xmlsitemap\";}s:5:\"files\";a:4:{i:0;s:25:\"xmlsitemap_engines.module\";i:1;s:28:\"xmlsitemap_engines.admin.inc\";i:2;s:26:\"xmlsitemap_engines.install\";i:3;s:29:\"tests/xmlsitemap_engines.test\";}s:10:\"recommends\";a:1:{i:0;s:11:\"site_verify\";}s:7:\"version\";s:13:\"6.x-2.0-beta3\";s:7:\"project\";s:10:\"xmlsitemap\";s:9:\"datestamp\";s:10:\"1308531419\";s:10:\"dependents\";a:0:{}s:3:\"php\";s:5:\"4.3.5\";}'),('sites/all/modules/xmlsitemap/xmlsitemap_engines/tests/xmlsitemap_engines_test.module','xmlsitemap_engines_test','module','','0','0','0','-1','0','a:12:{s:4:\"name\";s:24:\"XML sitemap engines test\";s:11:\"description\";s:47:\"Support module for XML sitemap engines testing.\";s:7:\"package\";s:7:\"Testing\";s:4:\"core\";s:3:\"6.x\";s:5:\"files\";a:1:{i:0;s:30:\"xmlsitemap_engines_test.module\";}s:7:\"version\";s:13:\"6.x-2.0-beta3\";s:6:\"hidden\";b:1;s:7:\"project\";s:10:\"xmlsitemap\";s:9:\"datestamp\";s:10:\"1308531419\";s:12:\"dependencies\";a:0:{}s:10:\"dependents\";a:0:{}s:3:\"php\";s:5:\"4.3.5\";}');
INSERT INTO `system` VALUES ('sites/all/modules/xmlsitemap/xmlsitemap_i18n/xmlsitemap_i18n.module','xmlsitemap_i18n','module','','0','0','0','-1','0','a:11:{s:4:\"name\";s:32:\"XML sitemap internationalization\";s:11:\"description\";s:34:\"Enables multilingual XML sitemaps.\";s:7:\"package\";s:11:\"XML sitemap\";s:4:\"core\";s:3:\"6.x\";s:12:\"dependencies\";a:2:{i:0;s:10:\"xmlsitemap\";i:1;s:4:\"i18n\";}s:5:\"files\";a:2:{i:0;s:22:\"xmlsitemap_i18n.module\";i:1;s:20:\"xmlsitemap_i18n.test\";}s:7:\"version\";s:13:\"6.x-2.0-beta3\";s:7:\"project\";s:10:\"xmlsitemap\";s:9:\"datestamp\";s:10:\"1308531419\";s:10:\"dependents\";a:0:{}s:3:\"php\";s:5:\"4.3.5\";}'),('sites/all/modules/xmlsitemap/xmlsitemap_menu/xmlsitemap_menu.module','xmlsitemap_menu','module','','0','0','0','-1','0','a:11:{s:4:\"name\";s:16:\"XML sitemap menu\";s:11:\"description\";s:36:\"Adds menu item links to the sitemap.\";s:7:\"package\";s:11:\"XML sitemap\";s:4:\"core\";s:3:\"6.x\";s:12:\"dependencies\";a:2:{i:0;s:10:\"xmlsitemap\";i:1;s:4:\"menu\";}s:5:\"files\";a:3:{i:0;s:22:\"xmlsitemap_menu.module\";i:1;s:23:\"xmlsitemap_menu.install\";i:2;s:20:\"xmlsitemap_menu.test\";}s:7:\"version\";s:13:\"6.x-2.0-beta3\";s:7:\"project\";s:10:\"xmlsitemap\";s:9:\"datestamp\";s:10:\"1308531419\";s:10:\"dependents\";a:0:{}s:3:\"php\";s:5:\"4.3.5\";}'),('sites/all/modules/xmlsitemap/xmlsitemap_modal/xmlsitemap_modal.module','xmlsitemap_modal','module','','0','0','0','-1','0','a:11:{s:4:\"name\";s:20:\"XML sitemap modal UI\";s:11:\"description\";s:55:\"Provides an AJAX modal UI for common XML sitemap tasks.\";s:7:\"package\";s:11:\"XML sitemap\";s:4:\"core\";s:3:\"6.x\";s:12:\"dependencies\";a:2:{i:0;s:10:\"xmlsitemap\";i:1;s:6:\"ctools\";}s:5:\"files\";a:1:{i:0;s:23:\"xmlsitemap_modal.module\";}s:7:\"version\";s:13:\"6.x-2.0-beta3\";s:7:\"project\";s:10:\"xmlsitemap\";s:9:\"datestamp\";s:10:\"1308531419\";s:10:\"dependents\";a:0:{}s:3:\"php\";s:5:\"4.3.5\";}'),('sites/all/modules/xmlsitemap/xmlsitemap_node/xmlsitemap_node.module','xmlsitemap_node','module','','1','0','0','6201','0','a:11:{s:4:\"name\";s:16:\"XML sitemap node\";s:11:\"description\";s:34:\"Adds content links to the sitemap.\";s:7:\"package\";s:11:\"XML sitemap\";s:4:\"core\";s:3:\"6.x\";s:12:\"dependencies\";a:1:{i:0;s:10:\"xmlsitemap\";}s:5:\"files\";a:3:{i:0;s:22:\"xmlsitemap_node.module\";i:1;s:23:\"xmlsitemap_node.install\";i:2;s:20:\"xmlsitemap_node.test\";}s:7:\"version\";s:13:\"6.x-2.0-beta3\";s:7:\"project\";s:10:\"xmlsitemap\";s:9:\"datestamp\";s:10:\"1308531419\";s:10:\"dependents\";a:0:{}s:3:\"php\";s:5:\"4.3.5\";}');
INSERT INTO `system` VALUES ('sites/all/modules/xmlsitemap/xmlsitemap_taxonomy/xmlsitemap_taxonomy.module','xmlsitemap_taxonomy','module','','0','0','0','-1','0','a:11:{s:4:\"name\";s:20:\"XML sitemap taxonomy\";s:11:\"description\";s:39:\"Add taxonomy term links to the sitemap.\";s:7:\"package\";s:11:\"XML sitemap\";s:4:\"core\";s:3:\"6.x\";s:12:\"dependencies\";a:2:{i:0;s:10:\"xmlsitemap\";i:1;s:8:\"taxonomy\";}s:5:\"files\";a:3:{i:0;s:26:\"xmlsitemap_taxonomy.module\";i:1;s:27:\"xmlsitemap_taxonomy.install\";i:2;s:24:\"xmlsitemap_taxonomy.test\";}s:7:\"version\";s:13:\"6.x-2.0-beta3\";s:7:\"project\";s:10:\"xmlsitemap\";s:9:\"datestamp\";s:10:\"1308531419\";s:10:\"dependents\";a:0:{}s:3:\"php\";s:5:\"4.3.5\";}'),('sites/all/modules/xmlsitemap/xmlsitemap_user/xmlsitemap_user.module','xmlsitemap_user','module','','0','0','0','-1','0','a:11:{s:4:\"name\";s:16:\"XML sitemap user\";s:11:\"description\";s:39:\"Adds user profile links to the sitemap.\";s:7:\"package\";s:11:\"XML sitemap\";s:12:\"dependencies\";a:1:{i:0;s:10:\"xmlsitemap\";}s:4:\"core\";s:3:\"6.x\";s:5:\"files\";a:3:{i:0;s:22:\"xmlsitemap_user.module\";i:1;s:23:\"xmlsitemap_user.install\";i:2;s:20:\"xmlsitemap_user.test\";}s:7:\"version\";s:13:\"6.x-2.0-beta3\";s:7:\"project\";s:10:\"xmlsitemap\";s:9:\"datestamp\";s:10:\"1308531419\";s:10:\"dependents\";a:0:{}s:3:\"php\";s:5:\"4.3.5\";}');
DROP TABLE IF EXISTS `term_data`;
CREATE TABLE `term_data` (   `tid` int(10) unsigned NOT NULL AUTO_INCREMENT,   `vid` int(10) unsigned NOT NULL DEFAULT '0',   `name` varchar(255) NOT NULL DEFAULT '',   `description` longtext,   `weight` tinyint(4) NOT NULL DEFAULT '0',   PRIMARY KEY (`tid`),   KEY `taxonomy_tree` (`vid`,`weight`,`name`),   KEY `vid_name` (`vid`,`name`) ) ENGINE=MyISAM DEFAULT CHARSET=utf8 AUTO_INCREMENT=1;
DROP TABLE IF EXISTS `term_hierarchy`;
CREATE TABLE `term_hierarchy` (   `tid` int(10) unsigned NOT NULL DEFAULT '0',   `parent` int(10) unsigned NOT NULL DEFAULT '0',   PRIMARY KEY (`tid`,`parent`),   KEY `parent` (`parent`) ) ENGINE=MyISAM DEFAULT CHARSET=utf8;
DROP TABLE IF EXISTS `term_node`;
CREATE TABLE `term_node` (   `nid` int(10) unsigned NOT NULL DEFAULT '0',   `vid` int(10) unsigned NOT NULL DEFAULT '0',   `tid` int(10) unsigned NOT NULL DEFAULT '0',   PRIMARY KEY (`tid`,`vid`),   KEY `vid` (`vid`),   KEY `nid` (`nid`) ) ENGINE=MyISAM DEFAULT CHARSET=utf8;
DROP TABLE IF EXISTS `term_relation`;
CREATE TABLE `term_relation` (   `trid` int(11) NOT NULL AUTO_INCREMENT,   `tid1` int(10) unsigned NOT NULL DEFAULT '0',   `tid2` int(10) unsigned NOT NULL DEFAULT '0',   PRIMARY KEY (`trid`),   UNIQUE KEY `tid1_tid2` (`tid1`,`tid2`),   KEY `tid2` (`tid2`) ) ENGINE=MyISAM DEFAULT CHARSET=utf8 AUTO_INCREMENT=1;
DROP TABLE IF EXISTS `term_synonym`;
CREATE TABLE `term_synonym` (   `tsid` int(11) NOT NULL AUTO_INCREMENT,   `tid` int(10) unsigned NOT NULL DEFAULT '0',   `name` varchar(255) NOT NULL DEFAULT '',   PRIMARY KEY (`tsid`),   KEY `tid` (`tid`),   KEY `name_tid` (`name`,`tid`) ) ENGINE=MyISAM DEFAULT CHARSET=utf8 AUTO_INCREMENT=1;
DROP TABLE IF EXISTS `url_alias`;
CREATE TABLE `url_alias` (   `pid` int(10) unsigned NOT NULL AUTO_INCREMENT,   `src` varchar(128) NOT NULL DEFAULT '',   `dst` varchar(128) NOT NULL DEFAULT '',   `language` varchar(12) NOT NULL DEFAULT '',   PRIMARY KEY (`pid`),   UNIQUE KEY `dst_language_pid` (`dst`,`language`,`pid`),   KEY `src_language_pid` (`src`,`language`,`pid`) ) ENGINE=MyISAM DEFAULT CHARSET=utf8 AUTO_INCREMENT=1;
DROP TABLE IF EXISTS `users`;
CREATE TABLE `users` (   `uid` int(10) unsigned NOT NULL AUTO_INCREMENT,   `name` varchar(60) NOT NULL DEFAULT '',   `pass` varchar(32) NOT NULL DEFAULT '',   `mail` varchar(64) DEFAULT '',   `mode` tinyint(4) NOT NULL DEFAULT '0',   `sort` tinyint(4) DEFAULT '0',   `threshold` tinyint(4) DEFAULT '0',   `theme` varchar(255) NOT NULL DEFAULT '',   `signature` varchar(255) NOT NULL DEFAULT '',   `signature_format` smallint(6) NOT NULL DEFAULT '0',   `created` int(11) NOT NULL DEFAULT '0',   `access` int(11) NOT NULL DEFAULT '0',   `login` int(11) NOT NULL DEFAULT '0',   `status` tinyint(4) NOT NULL DEFAULT '0',   `timezone` varchar(8) DEFAULT NULL,   `language` varchar(12) NOT NULL DEFAULT '',   `picture` varchar(255) NOT NULL DEFAULT '',   `init` varchar(64) DEFAULT '',   `data` longtext,   `timezone_name` varchar(50) NOT NULL DEFAULT '',   PRIMARY KEY (`uid`),   UNIQUE KEY `name` (`name`),   KEY `access` (`access`),   KEY `created` (`created`),   KEY `mail` (`mail`) ) ENGINE=MyISAM AUTO_INCREMENT=3 DEFAULT CHARSET=utf8 AUTO_INCREMENT=3;
INSERT INTO `users` VALUES ('0','','','','0','0','0','','','0','0','0','0','0',null,'','','',null,''),('1','jgrubb','8bc7bc53459bb3b6dbe406f02fb4e7b7','therealjohnnygrubb@gmail.com','0','0','0','','','0','1318341499','1320158544','1320156143','1',null,'','','therealjohnnygrubb@gmail.com','a:0:{}','');
DROP TABLE IF EXISTS `users_roles`;
CREATE TABLE `users_roles` (   `uid` int(10) unsigned NOT NULL DEFAULT '0',   `rid` int(10) unsigned NOT NULL DEFAULT '0',   PRIMARY KEY (`uid`,`rid`),   KEY `rid` (`rid`) ) ENGINE=MyISAM DEFAULT CHARSET=utf8;
DROP TABLE IF EXISTS `variable`;
CREATE TABLE `variable` (   `name` varchar(128) NOT NULL DEFAULT '',   `value` longtext NOT NULL,   PRIMARY KEY (`name`) ) ENGINE=MyISAM DEFAULT CHARSET=utf8;
INSERT INTO `variable` VALUES ('theme_default','s:4:\"sobg\";'),('filter_html_1','i:1;'),('node_options_forum','a:1:{i:0;s:6:\"status\";}'),('drupal_private_key','s:64:\"91a61e4e6c9279d610f6c333b1be6a0db2f2570d69dd5e78693f2f680d296a71\";'),('menu_masks','a:24:{i:0;i:63;i:1;i:62;i:2;i:61;i:3;i:60;i:4;i:59;i:5;i:58;i:6;i:57;i:7;i:56;i:8;i:31;i:9;i:30;i:10;i:29;i:11;i:28;i:12;i:24;i:13;i:21;i:14;i:15;i:15;i:14;i:16;i:11;i:17;i:7;i:18;i:6;i:19;i:5;i:20;i:4;i:21;i:3;i:22;i:2;i:23;i:1;}'),('install_task','s:4:\"done\";'),('menu_expanded','a:0:{}'),('site_name','s:22:\"The State of Bluegrass\";'),('site_mail','s:29:\"admin@thestateofbluegrass.com\";'),('date_default_timezone','s:6:\"-14400\";'),('user_email_verification','b:1;'),('clean_url','s:1:\"1\";'),('install_time','i:1318342113;'),('node_options_page','a:1:{i:0;s:6:\"status\";}'),('comment_page','i:0;'),('theme_settings','a:1:{s:21:\"toggle_node_info_page\";b:0;}'),('drupal_http_request_fails','b:0;'),('css_js_query_string','s:20:\"Q0000000000000000000\";'),('install_profile','s:7:\"default\";'),('update_last_check','i:1318342235;'),('content_schema_version','i:6009;'),('date_api_version','s:3:\"5.2\";'),('pathauto_modulelist','a:3:{i:0;s:4:\"node\";i:1;s:4:\"user\";i:2;s:8:\"taxonomy\";}'),('pathauto_taxonomy_supportsfeeds','s:6:\"0/feed\";'),('pathauto_taxonomy_pattern','s:34:\"category/[vocab-raw]/[catpath-raw]\";'),('pathauto_taxonomy_bulkupdate','b:0;'),('pathauto_taxonomy_applytofeeds','b:0;'),('pathauto_taxonomy_2_pattern','s:0:\"\";'),('pathauto_taxonomy_1_pattern','s:0:\"\";'),('pathauto_ignore_words','s:108:\"a,an,as,at,before,but,by,for,from,is,in,into,like,of,off,on,onto,per,since,than,the,this,that,to,up,via,with\";');
INSERT INTO `variable` VALUES ('pathauto_indexaliases','b:0;'),('pathauto_indexaliases_bulkupdate','b:0;'),('pathauto_max_component_length','s:3:\"100\";'),('pathauto_max_length','s:3:\"100\";'),('pathauto_node_bulkupdate','b:0;'),('pathauto_node_forum_pattern','s:0:\"\";'),('pathauto_node_image_pattern','s:0:\"\";'),('pathauto_node_page_pattern','s:0:\"\";'),('pathauto_node_pattern','s:19:\"content/[title-raw]\";'),('pathauto_node_story_pattern','s:0:\"\";'),('pathauto_punctuation_quotes','i:0;'),('pathauto_separator','s:1:\"-\";'),('pathauto_update_action','s:1:\"2\";'),('pathauto_user_bulkupdate','b:0;'),('pathauto_user_pattern','s:16:\"users/[user-raw]\";'),('pathauto_user_supportsfeeds','N;'),('pathauto_verbose','b:0;'),('pathauto_node_applytofeeds','s:0:\"\";'),('pathauto_punctuation_hyphen','i:1;'),('file_directory_temp','s:4:\"/tmp\";'),('xmlsitemap_regenerate_needed','b:1;'),('javascript_parsed','a:0:{}'),('context_block_rebuild_needed','b:1;'),('admin_theme','s:5:\"rubik\";'),('node_admin_theme','i:0;'),('backup_migrate_source_id','s:2:\"db\";'),('backup_migrate_destination_id','s:6:\"manual\";'),('backup_migrate_profile_id','s:7:\"default\";'),('site_offline','i:0;');
DROP TABLE IF EXISTS `views_display`;
CREATE TABLE `views_display` (   `vid` int(10) unsigned NOT NULL DEFAULT '0',   `id` varchar(64) NOT NULL DEFAULT '',   `display_title` varchar(64) NOT NULL DEFAULT '',   `display_plugin` varchar(64) NOT NULL DEFAULT '',   `position` int(11) DEFAULT '0',   `display_options` longtext,   PRIMARY KEY (`vid`,`id`),   KEY `vid` (`vid`,`position`) ) ENGINE=MyISAM DEFAULT CHARSET=utf8;
DROP TABLE IF EXISTS `views_object_cache`;
CREATE TABLE `views_object_cache` (   `sid` varchar(64) DEFAULT NULL,   `name` varchar(32) DEFAULT NULL,   `obj` varchar(32) DEFAULT NULL,   `updated` int(10) unsigned NOT NULL DEFAULT '0',   `data` longtext,   KEY `sid_obj_name` (`sid`,`obj`,`name`),   KEY `updated` (`updated`) ) ENGINE=MyISAM DEFAULT CHARSET=utf8;
DROP TABLE IF EXISTS `views_view`;
CREATE TABLE `views_view` (   `vid` int(10) unsigned NOT NULL AUTO_INCREMENT,   `name` varchar(32) NOT NULL DEFAULT '',   `description` varchar(255) DEFAULT '',   `tag` varchar(255) DEFAULT '',   `view_php` blob,   `base_table` varchar(64) NOT NULL DEFAULT '',   `is_cacheable` tinyint(4) DEFAULT '0',   PRIMARY KEY (`vid`),   UNIQUE KEY `name` (`name`) ) ENGINE=MyISAM DEFAULT CHARSET=utf8 AUTO_INCREMENT=1;
DROP TABLE IF EXISTS `vocabulary`;
CREATE TABLE `vocabulary` (   `vid` int(10) unsigned NOT NULL AUTO_INCREMENT,   `name` varchar(255) NOT NULL DEFAULT '',   `description` longtext,   `help` varchar(255) NOT NULL DEFAULT '',   `relations` tinyint(3) unsigned NOT NULL DEFAULT '0',   `hierarchy` tinyint(3) unsigned NOT NULL DEFAULT '0',   `multiple` tinyint(3) unsigned NOT NULL DEFAULT '0',   `required` tinyint(3) unsigned NOT NULL DEFAULT '0',   `tags` tinyint(3) unsigned NOT NULL DEFAULT '0',   `module` varchar(255) NOT NULL DEFAULT '',   `weight` tinyint(4) NOT NULL DEFAULT '0',   PRIMARY KEY (`vid`),   KEY `list` (`weight`,`name`) ) ENGINE=MyISAM DEFAULT CHARSET=utf8 AUTO_INCREMENT=1;
DROP TABLE IF EXISTS `vocabulary_node_types`;
CREATE TABLE `vocabulary_node_types` (   `vid` int(10) unsigned NOT NULL DEFAULT '0',   `type` varchar(32) NOT NULL DEFAULT '',   PRIMARY KEY (`type`,`vid`),   KEY `vid` (`vid`) ) ENGINE=MyISAM DEFAULT CHARSET=utf8;
DROP TABLE IF EXISTS `watchdog`;
CREATE TABLE `watchdog` (   `wid` int(11) NOT NULL AUTO_INCREMENT,   `uid` int(11) NOT NULL DEFAULT '0',   `type` varchar(16) NOT NULL DEFAULT '',   `message` longtext NOT NULL,   `variables` longtext NOT NULL,   `severity` tinyint(3) unsigned NOT NULL DEFAULT '0',   `link` varchar(255) NOT NULL DEFAULT '',   `location` text NOT NULL,   `referer` text,   `hostname` varchar(128) NOT NULL DEFAULT '',   `timestamp` int(11) NOT NULL DEFAULT '0',   PRIMARY KEY (`wid`),   KEY `type` (`type`) ) ENGINE=MyISAM AUTO_INCREMENT=41 DEFAULT CHARSET=utf8 AUTO_INCREMENT=41;
DROP TABLE IF EXISTS `xmlsitemap`;
CREATE TABLE `xmlsitemap` (   `id` int(10) unsigned NOT NULL DEFAULT '0',   `type` varchar(32) NOT NULL DEFAULT '',   `subtype` varchar(128) NOT NULL DEFAULT '',   `loc` varchar(255) NOT NULL DEFAULT '',   `language` varchar(12) NOT NULL DEFAULT '',   `access` tinyint(4) NOT NULL DEFAULT '1',   `status` tinyint(4) NOT NULL DEFAULT '1',   `status_override` tinyint(4) NOT NULL DEFAULT '0',   `lastmod` int(10) unsigned NOT NULL DEFAULT '0',   `priority` float DEFAULT NULL,   `priority_override` tinyint(4) NOT NULL DEFAULT '0',   `changefreq` int(10) unsigned NOT NULL DEFAULT '0',   `changecount` int(10) unsigned NOT NULL DEFAULT '0',   PRIMARY KEY (`id`,`type`),   KEY `loc` (`loc`),   KEY `access_status_loc` (`access`,`status`,`loc`),   KEY `type_subtype` (`type`,`subtype`),   KEY `language` (`language`) ) ENGINE=MyISAM DEFAULT CHARSET=utf8;
INSERT INTO `xmlsitemap` VALUES ('0','frontpage','','','','1','1','0','0','1','0','86400','0');
DROP TABLE IF EXISTS `xmlsitemap_sitemap`;
CREATE TABLE `xmlsitemap_sitemap` (   `smid` varchar(64) NOT NULL,   `context` text NOT NULL,   `updated` int(10) unsigned NOT NULL DEFAULT '0',   `links` int(10) unsigned NOT NULL DEFAULT '0',   `chunks` int(10) unsigned NOT NULL DEFAULT '0',   `max_filesize` int(10) unsigned NOT NULL DEFAULT '0',   PRIMARY KEY (`smid`) ) ENGINE=MyISAM DEFAULT CHARSET=utf8;
INSERT INTO `xmlsitemap_sitemap` VALUES ('NXhscRe0440PFpI5dSznEVgmauL25KojD7u4e9aZwOM','a:0:{}','0','0','0','0');

  
/*!40101 SET SQL_MODE=@OLD_SQL_MODE */;
/*!40014 SET FOREIGN_KEY_CHECKS=@OLD_FOREIGN_KEY_CHECKS */;
/*!40014 SET UNIQUE_CHECKS=@OLD_UNIQUE_CHECKS */;
/*!40101 SET CHARACTER_SET_RESULTS=@OLD_CHARACTER_SET_RESULTS */;
/*!40101 SET COLLATION_CONNECTION=@OLD_COLLATION_CONNECTION */;
/*!40101 SET CHARACTER_SET_CLIENT=@OLD_CHARACTER_SET_CLIENT */;
